# Metres; X starboard Y up Z aft; canonical ship family
mtllib ship.mtl
v -0.600000000 0.000000000 4.000000000
v -1.860000000 0.300000000 4.000000000
v -2.700000000 1.000000000 4.000000000
v -3.000000000 2.420000000 4.000000000
v -3.000000000 2.600000000 4.000000000
v -2.800000000 2.600000000 4.000000000
v -2.800000000 2.420000000 4.000000000
v -2.520000000 1.120000000 4.000000000
v -1.680000000 0.500000000 4.000000000
v -0.560000000 0.200000000 4.000000000
v -0.440000000 0.000000000 3.600000000
v -1.364000000 0.300000000 2.760000000
v -1.980000000 1.000000000 2.200000000
v -2.200000000 2.420000000 2.000000000
v -2.200000000 2.600000000 2.000000000
v -2.029550821 2.600000000 2.112393534
v -2.029550821 2.420000000 2.112393534
v -1.826595739 1.120000000 2.301154181
v -1.217730493 0.500000000 2.867436120
v -0.405910164 0.200000000 3.622478707
v -0.440000000 0.000000000 3.600000000
v -1.364000000 0.300000000 2.760000000
v -1.980000000 1.000000000 2.200000000
v -2.200000000 2.420000000 2.000000000
v -2.200000000 2.600000000 2.000000000
v -2.029550821 2.600000000 2.112393534
v -2.029550821 2.420000000 2.112393534
v -1.826595739 1.120000000 2.301154181
v -1.217730493 0.500000000 2.867436120
v -0.405910164 0.200000000 3.622478707
v -0.240000000 0.000000000 3.400000000
v -0.744000000 0.300000000 2.140000000
v -1.080000000 1.000000000 1.300000000
v -1.200000000 2.420000000 1.000000000
v -1.200000000 2.600000000 1.000000000
v -1.064993660 2.600000000 1.147836373
v -1.064993660 2.420000000 1.147836373
v -0.958494294 1.120000000 1.433052736
v -0.638996196 0.500000000 2.288701824
v -0.212998732 0.200000000 3.429567275
v -0.240000000 0.000000000 3.400000000
v -0.744000000 0.300000000 2.140000000
v -1.080000000 1.000000000 1.300000000
v -1.200000000 2.420000000 1.000000000
v -1.200000000 2.600000000 1.000000000
v -1.064993660 2.600000000 1.147836373
v -1.064993660 2.420000000 1.147836373
v -0.958494294 1.120000000 1.433052736
v -0.638996196 0.500000000 2.288701824
v -0.212998732 0.200000000 3.429567275
v 0.000000000 0.000000000 3.200000000
v 0.000000000 0.300000000 1.520000000
v 0.000000000 1.000000000 0.400000000
v 0.000000000 2.420000000 0.000000000
v 0.000000000 2.600000000 0.000000000
v 0.000000000 2.600000000 0.260341656
v 0.000000000 2.420000000 0.260341656
v 0.000000000 1.120000000 0.634307490
v 0.000000000 0.500000000 1.756204994
v 0.000000000 0.200000000 3.252068331
v 0.000000000 0.000000000 3.200000000
v 0.000000000 0.300000000 1.520000000
v 0.000000000 1.000000000 0.400000000
v 0.000000000 2.420000000 0.000000000
v 0.000000000 2.600000000 0.000000000
v 0.000000000 2.600000000 0.260341656
v 0.000000000 2.420000000 0.260341656
v 0.000000000 1.120000000 0.634307490
v 0.000000000 0.500000000 1.756204994
v 0.000000000 0.200000000 3.252068331
v 0.240000000 0.000000000 3.400000000
v 0.744000000 0.300000000 2.140000000
v 1.080000000 1.000000000 1.300000000
v 1.200000000 2.420000000 1.000000000
v 1.200000000 2.600000000 1.000000000
v 1.064993660 2.600000000 1.147836373
v 1.064993660 2.420000000 1.147836373
v 0.958494294 1.120000000 1.433052736
v 0.638996196 0.500000000 2.288701824
v 0.212998732 0.200000000 3.429567275
v 0.240000000 0.000000000 3.400000000
v 0.744000000 0.300000000 2.140000000
v 1.080000000 1.000000000 1.300000000
v 1.200000000 2.420000000 1.000000000
v 1.200000000 2.600000000 1.000000000
v 1.064993660 2.600000000 1.147836373
v 1.064993660 2.420000000 1.147836373
v 0.958494294 1.120000000 1.433052736
v 0.638996196 0.500000000 2.288701824
v 0.212998732 0.200000000 3.429567275
v 0.440000000 0.000000000 3.600000000
v 1.364000000 0.300000000 2.760000000
v 1.980000000 1.000000000 2.200000000
v 2.200000000 2.420000000 2.000000000
v 2.200000000 2.600000000 2.000000000
v 2.029550821 2.600000000 2.112393534
v 2.029550821 2.420000000 2.112393534
v 1.826595739 1.120000000 2.301154181
v 1.217730493 0.500000000 2.867436120
v 0.405910164 0.200000000 3.622478707
v 0.440000000 0.000000000 3.600000000
v 1.364000000 0.300000000 2.760000000
v 1.980000000 1.000000000 2.200000000
v 2.200000000 2.420000000 2.000000000
v 2.200000000 2.600000000 2.000000000
v 2.029550821 2.600000000 2.112393534
v 2.029550821 2.420000000 2.112393534
v 1.826595739 1.120000000 2.301154181
v 1.217730493 0.500000000 2.867436120
v 0.405910164 0.200000000 3.622478707
v 0.600000000 0.000000000 4.000000000
v 1.860000000 0.300000000 4.000000000
v 2.700000000 1.000000000 4.000000000
v 3.000000000 2.420000000 4.000000000
v 3.000000000 2.600000000 4.000000000
v 2.800000000 2.600000000 4.000000000
v 2.800000000 2.420000000 4.000000000
v 2.520000000 1.120000000 4.000000000
v 1.680000000 0.500000000 4.000000000
v 0.560000000 0.200000000 4.000000000
v -0.600000000 0.000000000 4.000000000
v -0.440000000 0.000000000 3.600000000
v -0.240000000 0.000000000 3.400000000
v 0.000000000 0.000000000 3.200000000
v 0.240000000 0.000000000 3.400000000
v 0.440000000 0.000000000 3.600000000
v 0.600000000 0.000000000 4.000000000
v -0.560000000 0.200000000 4.000000000
v -0.405910164 0.200000000 3.622478707
v -0.212998732 0.200000000 3.429567275
v 0.000000000 0.200000000 3.252068331
v 0.212998732 0.200000000 3.429567275
v 0.405910164 0.200000000 3.622478707
v 0.560000000 0.200000000 4.000000000
v -0.600000000 0.000000000 6.000000000
v -1.860000000 0.300000000 6.000000000
v -2.700000000 1.000000000 6.000000000
v -3.000000000 2.420000000 6.000000000
v -3.000000000 2.600000000 6.000000000
v -2.800000000 2.600000000 6.000000000
v -2.800000000 2.420000000 6.000000000
v -2.520000000 1.120000000 6.000000000
v -1.680000000 0.500000000 6.000000000
v -0.560000000 0.200000000 6.000000000
v -0.600000000 0.000000000 4.000000000
v -1.860000000 0.300000000 4.000000000
v -2.700000000 1.000000000 4.000000000
v -3.000000000 2.420000000 4.000000000
v -3.000000000 2.600000000 4.000000000
v -2.800000000 2.600000000 4.000000000
v -2.800000000 2.420000000 4.000000000
v -2.520000000 1.120000000 4.000000000
v -1.680000000 0.500000000 4.000000000
v -0.560000000 0.200000000 4.000000000
v 0.600000000 0.000000000 4.000000000
v 1.860000000 0.300000000 4.000000000
v 2.700000000 1.000000000 4.000000000
v 3.000000000 2.420000000 4.000000000
v 3.000000000 2.600000000 4.000000000
v 2.800000000 2.600000000 4.000000000
v 2.800000000 2.420000000 4.000000000
v 2.520000000 1.120000000 4.000000000
v 1.680000000 0.500000000 4.000000000
v 0.560000000 0.200000000 4.000000000
v 0.600000000 0.000000000 6.000000000
v 1.860000000 0.300000000 6.000000000
v 2.700000000 1.000000000 6.000000000
v 3.000000000 2.420000000 6.000000000
v 3.000000000 2.600000000 6.000000000
v 2.800000000 2.600000000 6.000000000
v 2.800000000 2.420000000 6.000000000
v 2.520000000 1.120000000 6.000000000
v 1.680000000 0.500000000 6.000000000
v 0.560000000 0.200000000 6.000000000
v -0.600000000 0.000000000 4.000000000
v 0.600000000 0.000000000 4.000000000
v 0.600000000 0.000000000 6.000000000
v -0.600000000 0.000000000 6.000000000
v -0.560000000 0.200000000 4.000000000
v 0.560000000 0.200000000 4.000000000
v 0.560000000 0.200000000 6.000000000
v -0.560000000 0.200000000 6.000000000
v -0.600000000 0.000000000 8.000000000
v -1.860000000 0.300000000 8.000000000
v -2.700000000 1.000000000 8.000000000
v -3.000000000 2.420000000 8.000000000
v -3.000000000 2.600000000 8.000000000
v -2.800000000 2.600000000 8.000000000
v -2.800000000 2.420000000 8.000000000
v -2.520000000 1.120000000 8.000000000
v -1.680000000 0.500000000 8.000000000
v -0.560000000 0.200000000 8.000000000
v -0.600000000 0.000000000 6.000000000
v -1.860000000 0.300000000 6.000000000
v -2.700000000 1.000000000 6.000000000
v -3.000000000 2.420000000 6.000000000
v -3.000000000 2.600000000 6.000000000
v -2.800000000 2.600000000 6.000000000
v -2.800000000 2.420000000 6.000000000
v -2.520000000 1.120000000 6.000000000
v -1.680000000 0.500000000 6.000000000
v -0.560000000 0.200000000 6.000000000
v 0.600000000 0.000000000 6.000000000
v 1.860000000 0.300000000 6.000000000
v 2.700000000 1.000000000 6.000000000
v 3.000000000 2.420000000 6.000000000
v 3.000000000 2.600000000 6.000000000
v 2.800000000 2.600000000 6.000000000
v 2.800000000 2.420000000 6.000000000
v 2.520000000 1.120000000 6.000000000
v 1.680000000 0.500000000 6.000000000
v 0.560000000 0.200000000 6.000000000
v 0.600000000 0.000000000 8.000000000
v 1.860000000 0.300000000 8.000000000
v 2.700000000 1.000000000 8.000000000
v 3.000000000 2.420000000 8.000000000
v 3.000000000 2.600000000 8.000000000
v 2.800000000 2.600000000 8.000000000
v 2.800000000 2.420000000 8.000000000
v 2.520000000 1.120000000 8.000000000
v 1.680000000 0.500000000 8.000000000
v 0.560000000 0.200000000 8.000000000
v -0.600000000 0.000000000 6.000000000
v 0.600000000 0.000000000 6.000000000
v 0.600000000 0.000000000 8.000000000
v -0.600000000 0.000000000 8.000000000
v -0.560000000 0.200000000 6.000000000
v 0.560000000 0.200000000 6.000000000
v 0.560000000 0.200000000 8.000000000
v -0.560000000 0.200000000 8.000000000
v -0.600000000 0.000000000 10.000000000
v -1.860000000 0.300000000 10.000000000
v -2.700000000 1.000000000 10.000000000
v -3.000000000 2.420000000 10.000000000
v -3.000000000 2.600000000 10.000000000
v -2.800000000 2.600000000 10.000000000
v -2.800000000 2.420000000 10.000000000
v -2.520000000 1.120000000 10.000000000
v -1.680000000 0.500000000 10.000000000
v -0.560000000 0.200000000 10.000000000
v -0.600000000 0.000000000 8.000000000
v -1.860000000 0.300000000 8.000000000
v -2.700000000 1.000000000 8.000000000
v -3.000000000 2.420000000 8.000000000
v -3.000000000 2.600000000 8.000000000
v -2.800000000 2.600000000 8.000000000
v -2.800000000 2.420000000 8.000000000
v -2.520000000 1.120000000 8.000000000
v -1.680000000 0.500000000 8.000000000
v -0.560000000 0.200000000 8.000000000
v 0.600000000 0.000000000 8.000000000
v 1.860000000 0.300000000 8.000000000
v 2.700000000 1.000000000 8.000000000
v 3.000000000 2.420000000 8.000000000
v 3.000000000 2.600000000 8.000000000
v 2.800000000 2.600000000 8.000000000
v 2.800000000 2.420000000 8.000000000
v 2.520000000 1.120000000 8.000000000
v 1.680000000 0.500000000 8.000000000
v 0.560000000 0.200000000 8.000000000
v 0.600000000 0.000000000 10.000000000
v 1.860000000 0.300000000 10.000000000
v 2.700000000 1.000000000 10.000000000
v 3.000000000 2.420000000 10.000000000
v 3.000000000 2.600000000 10.000000000
v 2.800000000 2.600000000 10.000000000
v 2.800000000 2.420000000 10.000000000
v 2.520000000 1.120000000 10.000000000
v 1.680000000 0.500000000 10.000000000
v 0.560000000 0.200000000 10.000000000
v -0.600000000 0.000000000 8.000000000
v 0.600000000 0.000000000 8.000000000
v 0.600000000 0.000000000 10.000000000
v -0.600000000 0.000000000 10.000000000
v -0.560000000 0.200000000 8.000000000
v 0.560000000 0.200000000 8.000000000
v 0.560000000 0.200000000 10.000000000
v -0.560000000 0.200000000 10.000000000
v -0.600000000 0.000000000 12.000000000
v -1.860000000 0.300000000 12.000000000
v -2.700000000 1.000000000 12.000000000
v -3.000000000 2.420000000 12.000000000
v -3.000000000 2.600000000 12.000000000
v -2.800000000 2.600000000 12.000000000
v -2.800000000 2.420000000 12.000000000
v -2.520000000 1.120000000 12.000000000
v -1.680000000 0.500000000 12.000000000
v -0.560000000 0.200000000 12.000000000
v -0.600000000 0.000000000 10.000000000
v -1.860000000 0.300000000 10.000000000
v -2.700000000 1.000000000 10.000000000
v -3.000000000 2.420000000 10.000000000
v -3.000000000 2.600000000 10.000000000
v -2.800000000 2.600000000 10.000000000
v -2.800000000 2.420000000 10.000000000
v -2.520000000 1.120000000 10.000000000
v -1.680000000 0.500000000 10.000000000
v -0.560000000 0.200000000 10.000000000
v 0.600000000 0.000000000 10.000000000
v 1.860000000 0.300000000 10.000000000
v 2.700000000 1.000000000 10.000000000
v 3.000000000 2.420000000 10.000000000
v 3.000000000 2.600000000 10.000000000
v 2.800000000 2.600000000 10.000000000
v 2.800000000 2.420000000 10.000000000
v 2.520000000 1.120000000 10.000000000
v 1.680000000 0.500000000 10.000000000
v 0.560000000 0.200000000 10.000000000
v 0.600000000 0.000000000 12.000000000
v 1.860000000 0.300000000 12.000000000
v 2.700000000 1.000000000 12.000000000
v 3.000000000 2.420000000 12.000000000
v 3.000000000 2.600000000 12.000000000
v 2.800000000 2.600000000 12.000000000
v 2.800000000 2.420000000 12.000000000
v 2.520000000 1.120000000 12.000000000
v 1.680000000 0.500000000 12.000000000
v 0.560000000 0.200000000 12.000000000
v -0.600000000 0.000000000 10.000000000
v 0.600000000 0.000000000 10.000000000
v 0.600000000 0.000000000 12.000000000
v -0.600000000 0.000000000 12.000000000
v -0.560000000 0.200000000 10.000000000
v 0.560000000 0.200000000 10.000000000
v 0.560000000 0.200000000 12.000000000
v -0.560000000 0.200000000 12.000000000
v 0.600000000 0.000000000 12.000000000
v 1.860000000 0.300000000 12.000000000
v 2.700000000 1.000000000 12.000000000
v 3.000000000 2.420000000 12.000000000
v 3.000000000 2.600000000 12.000000000
v 2.800000000 2.600000000 12.000000000
v 2.800000000 2.420000000 12.000000000
v 2.520000000 1.120000000 12.000000000
v 1.680000000 0.500000000 12.000000000
v 0.560000000 0.200000000 12.000000000
v 0.588471168 0.000000000 12.078036129
v 1.824260621 0.300000000 12.241911999
v 2.648120257 1.000000000 12.351162580
v 2.942355841 2.420000000 12.390180644
v 2.942355841 2.600000000 12.390180644
v 2.746198785 2.600000000 12.351162580
v 2.746198785 2.420000000 12.351162580
v 2.471578907 1.120000000 12.316046322
v 1.647719271 0.500000000 12.210697548
v 0.549239757 0.200000000 12.070232516
v 0.588471168 0.000000000 12.078036129
v 1.824260621 0.300000000 12.241911999
v 2.648120257 1.000000000 12.351162580
v 2.942355841 2.420000000 12.390180644
v 2.942355841 2.600000000 12.390180644
v 2.746198785 2.600000000 12.351162580
v 2.746198785 2.420000000 12.351162580
v 2.471578907 1.120000000 12.316046322
v 1.647719271 0.500000000 12.210697548
v 0.549239757 0.200000000 12.070232516
v 0.554327720 0.000000000 12.153073373
v 1.718415931 0.300000000 12.474527456
v 2.494474738 1.000000000 12.688830178
v 2.771638598 2.420000000 12.765366865
v 2.771638598 2.600000000 12.765366865
v 2.586862691 2.600000000 12.688830178
v 2.586862691 2.420000000 12.688830178
v 2.328176422 1.120000000 12.619947160
v 1.552117615 0.500000000 12.413298107
v 0.517372538 0.200000000 12.137766036
v 0.554327720 0.000000000 12.153073373
v 1.718415931 0.300000000 12.474527456
v 2.494474738 1.000000000 12.688830178
v 2.771638598 2.420000000 12.765366865
v 2.771638598 2.600000000 12.765366865
v 2.586862691 2.600000000 12.688830178
v 2.586862691 2.420000000 12.688830178
v 2.328176422 1.120000000 12.619947160
v 1.552117615 0.500000000 12.413298107
v 0.517372538 0.200000000 12.137766036
v 0.498881767 0.000000000 12.222228093
v 1.546533479 0.300000000 12.688907089
v 2.244967953 1.000000000 13.000026419
v 2.494408837 2.420000000 13.111140466
v 2.494408837 2.600000000 13.111140466
v 2.328114914 2.600000000 13.000026419
v 2.328114914 2.420000000 13.000026419
v 2.095303423 1.120000000 12.900023777
v 1.396868948 0.500000000 12.600015851
v 0.465622983 0.200000000 12.200005284
v 0.498881767 0.000000000 12.222228093
v 1.546533479 0.300000000 12.688907089
v 2.244967953 1.000000000 13.000026419
v 2.494408837 2.420000000 13.111140466
v 2.494408837 2.600000000 13.111140466
v 2.328114914 2.600000000 13.000026419
v 2.328114914 2.420000000 13.000026419
v 2.095303423 1.120000000 12.900023777
v 1.396868948 0.500000000 12.600015851
v 0.465622983 0.200000000 12.200005284
v 0.424264069 0.000000000 12.282842712
v 1.315218613 0.300000000 12.876812408
v 1.909188310 1.000000000 13.272792206
v 2.121320344 2.420000000 13.414213562
v 2.121320344 2.600000000 13.414213562
v 1.979898987 2.600000000 13.272792206
v 1.979898987 2.420000000 13.272792206
v 1.781909088 1.120000000 13.145512985
v 1.187939392 0.500000000 12.763675324
v 0.395979797 0.200000000 12.254558441
v 0.424264069 0.000000000 12.282842712
v 1.315218613 0.300000000 12.876812408
v 1.909188310 1.000000000 13.272792206
v 2.121320344 2.420000000 13.414213562
v 2.121320344 2.600000000 13.414213562
v 1.979898987 2.600000000 13.272792206
v 1.979898987 2.420000000 13.272792206
v 1.781909088 1.120000000 13.145512985
v 1.187939392 0.500000000 12.763675324
v 0.395979797 0.200000000 12.254558441
v 0.333342140 0.000000000 12.332587845
v 1.033360633 0.300000000 13.031022319
v 1.500039629 1.000000000 13.496645302
v 1.666710699 2.420000000 13.662939225
v 1.666710699 2.600000000 13.662939225
v 1.555596652 2.600000000 13.496645302
v 1.555596652 2.420000000 13.496645302
v 1.400036987 1.120000000 13.346980772
v 0.933357991 0.500000000 12.897987181
v 0.311119330 0.200000000 12.299329060
v 0.333342140 0.000000000 12.332587845
v 1.033360633 0.300000000 13.031022319
v 1.500039629 1.000000000 13.496645302
v 1.666710699 2.420000000 13.662939225
v 1.666710699 2.600000000 13.662939225
v 1.555596652 2.600000000 13.496645302
v 1.555596652 2.420000000 13.496645302
v 1.400036987 1.120000000 13.346980772
v 0.933357991 0.500000000 12.897987181
v 0.311119330 0.200000000 12.299329060
v 0.229610059 0.000000000 12.369551813
v 0.711791184 0.300000000 13.145610620
v 1.033245267 1.000000000 13.662983158
v 1.148050297 2.420000000 13.847759065
v 1.148050297 2.600000000 13.847759065
v 1.071513611 2.600000000 13.662983159
v 1.071513611 2.420000000 13.662983159
v 0.964362250 1.120000000 13.496684843
v 0.642908167 0.500000000 12.997789895
v 0.214302722 0.200000000 12.332596632
v 0.229610059 0.000000000 12.369551813
v 0.711791184 0.300000000 13.145610620
v 1.033245267 1.000000000 13.662983158
v 1.148050297 2.420000000 13.847759065
v 1.148050297 2.600000000 13.847759065
v 1.071513611 2.600000000 13.662983159
v 1.071513611 2.420000000 13.662983159
v 0.964362250 1.120000000 13.496684843
v 0.642908167 0.500000000 12.997789895
v 0.214302722 0.200000000 12.332596632
v 0.117054193 0.000000000 12.392314112
v 0.362867999 0.300000000 13.216173748
v 0.526743869 1.000000000 13.765413505
v 0.585270966 2.420000000 13.961570561
v 0.585270966 2.600000000 13.961570561
v 0.546252902 2.600000000 13.765413505
v 0.546252902 2.420000000 13.765413505
v 0.491627612 1.120000000 13.588872155
v 0.327751741 0.500000000 13.059248103
v 0.109250580 0.200000000 12.353082701
v 0.117054193 0.000000000 12.392314112
v 0.362867999 0.300000000 13.216173748
v 0.526743869 1.000000000 13.765413505
v 0.585270966 2.420000000 13.961570561
v 0.585270966 2.600000000 13.961570561
v 0.546252902 2.600000000 13.765413505
v 0.546252902 2.420000000 13.765413505
v 0.491627612 1.120000000 13.588872155
v 0.327751741 0.500000000 13.059248103
v 0.109250580 0.200000000 12.353082701
v 0.000000000 0.000000000 12.400000000
v 0.000000000 0.300000000 13.240000000
v 0.000000000 1.000000000 13.800000000
v 0.000000000 2.420000000 14.000000000
v 0.000000000 2.600000000 14.000000000
v 0.000000000 2.600000000 13.800000000
v 0.000000000 2.420000000 13.800000000
v 0.000000000 1.120000000 13.620000000
v 0.000000000 0.500000000 13.080000000
v 0.000000000 0.200000000 12.360000000
v 0.000000000 0.000000000 12.400000000
v 0.000000000 0.300000000 13.240000000
v 0.000000000 1.000000000 13.800000000
v 0.000000000 2.420000000 14.000000000
v 0.000000000 2.600000000 14.000000000
v 0.000000000 2.600000000 13.800000000
v 0.000000000 2.420000000 13.800000000
v 0.000000000 1.120000000 13.620000000
v 0.000000000 0.500000000 13.080000000
v 0.000000000 0.200000000 12.360000000
v -0.117054193 0.000000000 12.392314112
v -0.362867999 0.300000000 13.216173748
v -0.526743869 1.000000000 13.765413505
v -0.585270966 2.420000000 13.961570561
v -0.585270966 2.600000000 13.961570561
v -0.546252902 2.600000000 13.765413505
v -0.546252902 2.420000000 13.765413505
v -0.491627612 1.120000000 13.588872155
v -0.327751741 0.500000000 13.059248103
v -0.109250580 0.200000000 12.353082701
v -0.117054193 0.000000000 12.392314112
v -0.362867999 0.300000000 13.216173748
v -0.526743869 1.000000000 13.765413505
v -0.585270966 2.420000000 13.961570561
v -0.585270966 2.600000000 13.961570561
v -0.546252902 2.600000000 13.765413505
v -0.546252902 2.420000000 13.765413505
v -0.491627612 1.120000000 13.588872155
v -0.327751741 0.500000000 13.059248103
v -0.109250580 0.200000000 12.353082701
v -0.229610059 0.000000000 12.369551813
v -0.711791184 0.300000000 13.145610620
v -1.033245267 1.000000000 13.662983158
v -1.148050297 2.420000000 13.847759065
v -1.148050297 2.600000000 13.847759065
v -1.071513611 2.600000000 13.662983159
v -1.071513611 2.420000000 13.662983159
v -0.964362250 1.120000000 13.496684843
v -0.642908167 0.500000000 12.997789895
v -0.214302722 0.200000000 12.332596632
v -0.229610059 0.000000000 12.369551813
v -0.711791184 0.300000000 13.145610620
v -1.033245267 1.000000000 13.662983158
v -1.148050297 2.420000000 13.847759065
v -1.148050297 2.600000000 13.847759065
v -1.071513611 2.600000000 13.662983159
v -1.071513611 2.420000000 13.662983159
v -0.964362250 1.120000000 13.496684843
v -0.642908167 0.500000000 12.997789895
v -0.214302722 0.200000000 12.332596632
v -0.333342140 0.000000000 12.332587845
v -1.033360633 0.300000000 13.031022319
v -1.500039629 1.000000000 13.496645302
v -1.666710699 2.420000000 13.662939225
v -1.666710699 2.600000000 13.662939225
v -1.555596652 2.600000000 13.496645302
v -1.555596652 2.420000000 13.496645302
v -1.400036987 1.120000000 13.346980772
v -0.933357991 0.500000000 12.897987181
v -0.311119330 0.200000000 12.299329060
v -0.333342140 0.000000000 12.332587845
v -1.033360633 0.300000000 13.031022319
v -1.500039629 1.000000000 13.496645302
v -1.666710699 2.420000000 13.662939225
v -1.666710699 2.600000000 13.662939225
v -1.555596652 2.600000000 13.496645302
v -1.555596652 2.420000000 13.496645302
v -1.400036987 1.120000000 13.346980772
v -0.933357991 0.500000000 12.897987181
v -0.311119330 0.200000000 12.299329060
v -0.424264069 0.000000000 12.282842712
v -1.315218613 0.300000000 12.876812408
v -1.909188310 1.000000000 13.272792206
v -2.121320344 2.420000000 13.414213562
v -2.121320344 2.600000000 13.414213562
v -1.979898987 2.600000000 13.272792206
v -1.979898987 2.420000000 13.272792206
v -1.781909088 1.120000000 13.145512985
v -1.187939392 0.500000000 12.763675324
v -0.395979797 0.200000000 12.254558441
v -0.424264069 0.000000000 12.282842712
v -1.315218613 0.300000000 12.876812408
v -1.909188310 1.000000000 13.272792206
v -2.121320344 2.420000000 13.414213562
v -2.121320344 2.600000000 13.414213562
v -1.979898987 2.600000000 13.272792206
v -1.979898987 2.420000000 13.272792206
v -1.781909088 1.120000000 13.145512985
v -1.187939392 0.500000000 12.763675324
v -0.395979797 0.200000000 12.254558441
v -0.498881767 0.000000000 12.222228093
v -1.546533479 0.300000000 12.688907089
v -2.244967953 1.000000000 13.000026419
v -2.494408837 2.420000000 13.111140466
v -2.494408837 2.600000000 13.111140466
v -2.328114914 2.600000000 13.000026419
v -2.328114914 2.420000000 13.000026419
v -2.095303423 1.120000000 12.900023777
v -1.396868948 0.500000000 12.600015851
v -0.465622983 0.200000000 12.200005284
v -0.498881767 0.000000000 12.222228093
v -1.546533479 0.300000000 12.688907089
v -2.244967953 1.000000000 13.000026419
v -2.494408837 2.420000000 13.111140466
v -2.494408837 2.600000000 13.111140466
v -2.328114914 2.600000000 13.000026419
v -2.328114914 2.420000000 13.000026419
v -2.095303423 1.120000000 12.900023777
v -1.396868948 0.500000000 12.600015851
v -0.465622983 0.200000000 12.200005284
v -0.554327720 0.000000000 12.153073373
v -1.718415931 0.300000000 12.474527456
v -2.494474738 1.000000000 12.688830178
v -2.771638598 2.420000000 12.765366865
v -2.771638598 2.600000000 12.765366865
v -2.586862691 2.600000000 12.688830178
v -2.586862691 2.420000000 12.688830178
v -2.328176422 1.120000000 12.619947160
v -1.552117615 0.500000000 12.413298107
v -0.517372538 0.200000000 12.137766036
v -0.554327720 0.000000000 12.153073373
v -1.718415931 0.300000000 12.474527456
v -2.494474738 1.000000000 12.688830178
v -2.771638598 2.420000000 12.765366865
v -2.771638598 2.600000000 12.765366865
v -2.586862691 2.600000000 12.688830178
v -2.586862691 2.420000000 12.688830178
v -2.328176422 1.120000000 12.619947160
v -1.552117615 0.500000000 12.413298107
v -0.517372538 0.200000000 12.137766036
v -0.588471168 0.000000000 12.078036129
v -1.824260621 0.300000000 12.241911999
v -2.648120257 1.000000000 12.351162580
v -2.942355841 2.420000000 12.390180644
v -2.942355841 2.600000000 12.390180644
v -2.746198785 2.600000000 12.351162580
v -2.746198785 2.420000000 12.351162580
v -2.471578907 1.120000000 12.316046322
v -1.647719271 0.500000000 12.210697548
v -0.549239757 0.200000000 12.070232516
v -0.588471168 0.000000000 12.078036129
v -1.824260621 0.300000000 12.241911999
v -2.648120257 1.000000000 12.351162580
v -2.942355841 2.420000000 12.390180644
v -2.942355841 2.600000000 12.390180644
v -2.746198785 2.600000000 12.351162580
v -2.746198785 2.420000000 12.351162580
v -2.471578907 1.120000000 12.316046322
v -1.647719271 0.500000000 12.210697548
v -0.549239757 0.200000000 12.070232516
v -0.600000000 0.000000000 12.000000000
v -1.860000000 0.300000000 12.000000000
v -2.700000000 1.000000000 12.000000000
v -3.000000000 2.420000000 12.000000000
v -3.000000000 2.600000000 12.000000000
v -2.800000000 2.600000000 12.000000000
v -2.800000000 2.420000000 12.000000000
v -2.520000000 1.120000000 12.000000000
v -1.680000000 0.500000000 12.000000000
v -0.560000000 0.200000000 12.000000000
v 0.600000000 0.000000000 12.000000000
v 0.588471168 0.000000000 12.078036129
v 0.554327720 0.000000000 12.153073373
v 0.498881767 0.000000000 12.222228093
v 0.424264069 0.000000000 12.282842712
v 0.333342140 0.000000000 12.332587845
v 0.229610059 0.000000000 12.369551813
v 0.117054193 0.000000000 12.392314112
v 0.000000000 0.000000000 12.400000000
v -0.117054193 0.000000000 12.392314112
v -0.229610059 0.000000000 12.369551813
v -0.333342140 0.000000000 12.332587845
v -0.424264069 0.000000000 12.282842712
v -0.498881767 0.000000000 12.222228093
v -0.554327720 0.000000000 12.153073373
v -0.588471168 0.000000000 12.078036129
v -0.600000000 0.000000000 12.000000000
v 0.560000000 0.200000000 12.000000000
v 0.549239757 0.200000000 12.070232516
v 0.517372538 0.200000000 12.137766036
v 0.465622983 0.200000000 12.200005284
v 0.395979797 0.200000000 12.254558441
v 0.311119330 0.200000000 12.299329060
v 0.214302722 0.200000000 12.332596632
v 0.109250580 0.200000000 12.353082701
v 0.000000000 0.200000000 12.360000000
v -0.109250580 0.200000000 12.353082701
v -0.214302722 0.200000000 12.332596632
v -0.311119330 0.200000000 12.299329060
v -0.395979797 0.200000000 12.254558441
v -0.465622983 0.200000000 12.200005284
v -0.517372538 0.200000000 12.137766036
v -0.549239757 0.200000000 12.070232516
v -0.560000000 0.200000000 12.000000000
v -3.000000000 4.400000000 4.000000000
v -2.200000000 4.400000000 2.000000000
v -2.029550821 4.400000000 2.112393534
v -2.800000000 4.400000000 4.000000000
v -3.000000000 5.200000000 4.000000000
v -2.200000000 5.200000000 2.000000000
v -2.029550821 5.200000000 2.112393534
v -2.800000000 5.200000000 4.000000000
v -3.000000000 5.200000000 4.000000000
v -2.200000000 5.200000000 2.000000000
v -2.029550821 5.200000000 2.112393534
v -2.800000000 5.200000000 4.000000000
v -3.000000000 6.000000000 4.000000000
v -2.200000000 6.000000000 2.000000000
v -2.029550821 6.000000000 2.112393534
v -2.800000000 6.000000000 4.000000000
v -3.000000000 6.000000000 4.000000000
v -2.200000000 6.000000000 2.000000000
v -2.029550821 6.000000000 2.112393534
v -2.800000000 6.000000000 4.000000000
v -3.000000000 7.000000000 4.000000000
v -2.200000000 7.000000000 2.000000000
v -2.029550821 7.000000000 2.112393534
v -2.800000000 7.000000000 4.000000000
v -2.200000000 4.400000000 2.000000000
v -1.200000000 4.400000000 1.000000000
v -1.064993660 4.400000000 1.147836373
v -2.029550821 4.400000000 2.112393534
v -2.200000000 5.200000000 2.000000000
v -1.200000000 5.200000000 1.000000000
v -1.064993660 5.200000000 1.147836373
v -2.029550821 5.200000000 2.112393534
v -2.200000000 5.200000000 2.000000000
v -1.200000000 5.200000000 1.000000000
v -1.064993660 5.200000000 1.147836373
v -2.029550821 5.200000000 2.112393534
v -2.200000000 6.000000000 2.000000000
v -1.200000000 6.000000000 1.000000000
v -1.064993660 6.000000000 1.147836373
v -2.029550821 6.000000000 2.112393534
v -2.200000000 6.000000000 2.000000000
v -1.200000000 6.000000000 1.000000000
v -1.064993660 6.000000000 1.147836373
v -2.029550821 6.000000000 2.112393534
v -2.200000000 7.000000000 2.000000000
v -1.200000000 7.000000000 1.000000000
v -1.064993660 7.000000000 1.147836373
v -2.029550821 7.000000000 2.112393534
v -1.200000000 4.400000000 1.000000000
v 0.000000000 4.400000000 0.000000000
v 0.000000000 4.400000000 0.260341656
v -1.064993660 4.400000000 1.147836373
v -1.200000000 5.200000000 1.000000000
v 0.000000000 5.200000000 0.000000000
v 0.000000000 5.200000000 0.260341656
v -1.064993660 5.200000000 1.147836373
v -1.200000000 5.200000000 1.000000000
v 0.000000000 5.200000000 0.000000000
v 0.000000000 5.200000000 0.260341656
v -1.064993660 5.200000000 1.147836373
v -1.200000000 6.000000000 1.000000000
v 0.000000000 6.000000000 0.000000000
v 0.000000000 6.000000000 0.260341656
v -1.064993660 6.000000000 1.147836373
v -1.200000000 6.000000000 1.000000000
v 0.000000000 6.000000000 0.000000000
v 0.000000000 6.000000000 0.260341656
v -1.064993660 6.000000000 1.147836373
v -1.200000000 7.000000000 1.000000000
v 0.000000000 7.000000000 0.000000000
v 0.000000000 7.000000000 0.260341656
v -1.064993660 7.000000000 1.147836373
v 0.000000000 4.400000000 0.000000000
v 1.200000000 4.400000000 1.000000000
v 1.064993660 4.400000000 1.147836373
v 0.000000000 4.400000000 0.260341656
v 0.000000000 5.200000000 0.000000000
v 1.200000000 5.200000000 1.000000000
v 1.064993660 5.200000000 1.147836373
v 0.000000000 5.200000000 0.260341656
v 0.000000000 5.200000000 0.000000000
v 1.200000000 5.200000000 1.000000000
v 1.064993660 5.200000000 1.147836373
v 0.000000000 5.200000000 0.260341656
v 0.000000000 6.000000000 0.000000000
v 1.200000000 6.000000000 1.000000000
v 1.064993660 6.000000000 1.147836373
v 0.000000000 6.000000000 0.260341656
v 0.000000000 6.000000000 0.000000000
v 1.200000000 6.000000000 1.000000000
v 1.064993660 6.000000000 1.147836373
v 0.000000000 6.000000000 0.260341656
v 0.000000000 7.000000000 0.000000000
v 1.200000000 7.000000000 1.000000000
v 1.064993660 7.000000000 1.147836373
v 0.000000000 7.000000000 0.260341656
v 1.200000000 4.400000000 1.000000000
v 2.200000000 4.400000000 2.000000000
v 2.029550821 4.400000000 2.112393534
v 1.064993660 4.400000000 1.147836373
v 1.200000000 5.200000000 1.000000000
v 2.200000000 5.200000000 2.000000000
v 2.029550821 5.200000000 2.112393534
v 1.064993660 5.200000000 1.147836373
v 1.200000000 5.200000000 1.000000000
v 2.200000000 5.200000000 2.000000000
v 2.029550821 5.200000000 2.112393534
v 1.064993660 5.200000000 1.147836373
v 1.200000000 6.000000000 1.000000000
v 2.200000000 6.000000000 2.000000000
v 2.029550821 6.000000000 2.112393534
v 1.064993660 6.000000000 1.147836373
v 1.200000000 6.000000000 1.000000000
v 2.200000000 6.000000000 2.000000000
v 2.029550821 6.000000000 2.112393534
v 1.064993660 6.000000000 1.147836373
v 1.200000000 7.000000000 1.000000000
v 2.200000000 7.000000000 2.000000000
v 2.029550821 7.000000000 2.112393534
v 1.064993660 7.000000000 1.147836373
v 2.200000000 4.400000000 2.000000000
v 3.000000000 4.400000000 4.000000000
v 2.800000000 4.400000000 4.000000000
v 2.029550821 4.400000000 2.112393534
v 2.200000000 5.200000000 2.000000000
v 3.000000000 5.200000000 4.000000000
v 2.800000000 5.200000000 4.000000000
v 2.029550821 5.200000000 2.112393534
v 2.200000000 5.200000000 2.000000000
v 3.000000000 5.200000000 4.000000000
v 2.800000000 5.200000000 4.000000000
v 2.029550821 5.200000000 2.112393534
v 2.200000000 6.000000000 2.000000000
v 3.000000000 6.000000000 4.000000000
v 2.800000000 6.000000000 4.000000000
v 2.029550821 6.000000000 2.112393534
v 2.200000000 6.000000000 2.000000000
v 3.000000000 6.000000000 4.000000000
v 2.800000000 6.000000000 4.000000000
v 2.029550821 6.000000000 2.112393534
v 2.200000000 7.000000000 2.000000000
v 3.000000000 7.000000000 4.000000000
v 2.800000000 7.000000000 4.000000000
v 2.029550821 7.000000000 2.112393534
v -3.000000000 4.400000000 4.000000000
v -2.800000000 4.400000000 4.000000000
v -2.800000000 4.400000000 6.000000000
v -3.000000000 4.400000000 6.000000000
v -3.000000000 5.200000000 4.000000000
v -2.800000000 5.200000000 4.000000000
v -2.800000000 5.200000000 6.000000000
v -3.000000000 5.200000000 6.000000000
v -3.000000000 6.000000000 4.000000000
v -2.800000000 6.000000000 4.000000000
v -2.800000000 6.000000000 6.000000000
v -3.000000000 6.000000000 6.000000000
v -3.000000000 7.000000000 4.000000000
v -2.800000000 7.000000000 4.000000000
v -2.800000000 7.000000000 6.000000000
v -3.000000000 7.000000000 6.000000000
v -3.000000000 5.200000000 4.000000000
v -2.800000000 5.200000000 4.000000000
v -2.800000000 5.200000000 4.500000000
v -3.000000000 5.200000000 4.500000000
v -3.000000000 6.000000000 4.000000000
v -2.800000000 6.000000000 4.000000000
v -2.800000000 6.000000000 4.500000000
v -3.000000000 6.000000000 4.500000000
v -3.000000000 5.200000000 5.500000000
v -2.800000000 5.200000000 5.500000000
v -2.800000000 5.200000000 6.000000000
v -3.000000000 5.200000000 6.000000000
v -3.000000000 6.000000000 5.500000000
v -2.800000000 6.000000000 5.500000000
v -2.800000000 6.000000000 6.000000000
v -3.000000000 6.000000000 6.000000000
v 2.800000000 4.400000000 4.000000000
v 3.000000000 4.400000000 4.000000000
v 3.000000000 4.400000000 6.000000000
v 2.800000000 4.400000000 6.000000000
v 2.800000000 5.200000000 4.000000000
v 3.000000000 5.200000000 4.000000000
v 3.000000000 5.200000000 6.000000000
v 2.800000000 5.200000000 6.000000000
v 2.800000000 6.000000000 4.000000000
v 3.000000000 6.000000000 4.000000000
v 3.000000000 6.000000000 6.000000000
v 2.800000000 6.000000000 6.000000000
v 2.800000000 7.000000000 4.000000000
v 3.000000000 7.000000000 4.000000000
v 3.000000000 7.000000000 6.000000000
v 2.800000000 7.000000000 6.000000000
v 2.800000000 5.200000000 4.000000000
v 3.000000000 5.200000000 4.000000000
v 3.000000000 5.200000000 4.500000000
v 2.800000000 5.200000000 4.500000000
v 2.800000000 6.000000000 4.000000000
v 3.000000000 6.000000000 4.000000000
v 3.000000000 6.000000000 4.500000000
v 2.800000000 6.000000000 4.500000000
v 2.800000000 5.200000000 5.500000000
v 3.000000000 5.200000000 5.500000000
v 3.000000000 5.200000000 6.000000000
v 2.800000000 5.200000000 6.000000000
v 2.800000000 6.000000000 5.500000000
v 3.000000000 6.000000000 5.500000000
v 3.000000000 6.000000000 6.000000000
v 2.800000000 6.000000000 6.000000000
v -3.000000000 4.400000000 6.000000000
v -2.800000000 4.400000000 6.000000000
v -2.800000000 4.400000000 8.000000000
v -3.000000000 4.400000000 8.000000000
v -3.000000000 5.200000000 6.000000000
v -2.800000000 5.200000000 6.000000000
v -2.800000000 5.200000000 8.000000000
v -3.000000000 5.200000000 8.000000000
v -3.000000000 6.000000000 6.000000000
v -2.800000000 6.000000000 6.000000000
v -2.800000000 6.000000000 8.000000000
v -3.000000000 6.000000000 8.000000000
v -3.000000000 7.000000000 6.000000000
v -2.800000000 7.000000000 6.000000000
v -2.800000000 7.000000000 8.000000000
v -3.000000000 7.000000000 8.000000000
v -3.000000000 5.200000000 6.000000000
v -2.800000000 5.200000000 6.000000000
v -2.800000000 5.200000000 6.500000000
v -3.000000000 5.200000000 6.500000000
v -3.000000000 6.000000000 6.000000000
v -2.800000000 6.000000000 6.000000000
v -2.800000000 6.000000000 6.500000000
v -3.000000000 6.000000000 6.500000000
v -3.000000000 5.200000000 7.500000000
v -2.800000000 5.200000000 7.500000000
v -2.800000000 5.200000000 8.000000000
v -3.000000000 5.200000000 8.000000000
v -3.000000000 6.000000000 7.500000000
v -2.800000000 6.000000000 7.500000000
v -2.800000000 6.000000000 8.000000000
v -3.000000000 6.000000000 8.000000000
v 2.800000000 4.400000000 6.000000000
v 3.000000000 4.400000000 6.000000000
v 3.000000000 4.400000000 8.000000000
v 2.800000000 4.400000000 8.000000000
v 2.800000000 5.200000000 6.000000000
v 3.000000000 5.200000000 6.000000000
v 3.000000000 5.200000000 8.000000000
v 2.800000000 5.200000000 8.000000000
v 2.800000000 6.000000000 6.000000000
v 3.000000000 6.000000000 6.000000000
v 3.000000000 6.000000000 8.000000000
v 2.800000000 6.000000000 8.000000000
v 2.800000000 7.000000000 6.000000000
v 3.000000000 7.000000000 6.000000000
v 3.000000000 7.000000000 8.000000000
v 2.800000000 7.000000000 8.000000000
v 2.800000000 5.200000000 6.000000000
v 3.000000000 5.200000000 6.000000000
v 3.000000000 5.200000000 6.500000000
v 2.800000000 5.200000000 6.500000000
v 2.800000000 6.000000000 6.000000000
v 3.000000000 6.000000000 6.000000000
v 3.000000000 6.000000000 6.500000000
v 2.800000000 6.000000000 6.500000000
v 2.800000000 5.200000000 7.500000000
v 3.000000000 5.200000000 7.500000000
v 3.000000000 5.200000000 8.000000000
v 2.800000000 5.200000000 8.000000000
v 2.800000000 6.000000000 7.500000000
v 3.000000000 6.000000000 7.500000000
v 3.000000000 6.000000000 8.000000000
v 2.800000000 6.000000000 8.000000000
v -3.000000000 4.400000000 8.000000000
v -2.800000000 4.400000000 8.000000000
v -2.800000000 4.400000000 10.000000000
v -3.000000000 4.400000000 10.000000000
v -3.000000000 5.200000000 8.000000000
v -2.800000000 5.200000000 8.000000000
v -2.800000000 5.200000000 10.000000000
v -3.000000000 5.200000000 10.000000000
v -3.000000000 6.000000000 8.000000000
v -2.800000000 6.000000000 8.000000000
v -2.800000000 6.000000000 10.000000000
v -3.000000000 6.000000000 10.000000000
v -3.000000000 7.000000000 8.000000000
v -2.800000000 7.000000000 8.000000000
v -2.800000000 7.000000000 10.000000000
v -3.000000000 7.000000000 10.000000000
v -3.000000000 5.200000000 8.000000000
v -2.800000000 5.200000000 8.000000000
v -2.800000000 5.200000000 8.500000000
v -3.000000000 5.200000000 8.500000000
v -3.000000000 6.000000000 8.000000000
v -2.800000000 6.000000000 8.000000000
v -2.800000000 6.000000000 8.500000000
v -3.000000000 6.000000000 8.500000000
v -3.000000000 5.200000000 9.500000000
v -2.800000000 5.200000000 9.500000000
v -2.800000000 5.200000000 10.000000000
v -3.000000000 5.200000000 10.000000000
v -3.000000000 6.000000000 9.500000000
v -2.800000000 6.000000000 9.500000000
v -2.800000000 6.000000000 10.000000000
v -3.000000000 6.000000000 10.000000000
v 2.800000000 4.400000000 8.000000000
v 3.000000000 4.400000000 8.000000000
v 3.000000000 4.400000000 10.000000000
v 2.800000000 4.400000000 10.000000000
v 2.800000000 5.200000000 8.000000000
v 3.000000000 5.200000000 8.000000000
v 3.000000000 5.200000000 10.000000000
v 2.800000000 5.200000000 10.000000000
v 2.800000000 6.000000000 8.000000000
v 3.000000000 6.000000000 8.000000000
v 3.000000000 6.000000000 10.000000000
v 2.800000000 6.000000000 10.000000000
v 2.800000000 7.000000000 8.000000000
v 3.000000000 7.000000000 8.000000000
v 3.000000000 7.000000000 10.000000000
v 2.800000000 7.000000000 10.000000000
v 2.800000000 5.200000000 8.000000000
v 3.000000000 5.200000000 8.000000000
v 3.000000000 5.200000000 8.500000000
v 2.800000000 5.200000000 8.500000000
v 2.800000000 6.000000000 8.000000000
v 3.000000000 6.000000000 8.000000000
v 3.000000000 6.000000000 8.500000000
v 2.800000000 6.000000000 8.500000000
v 2.800000000 5.200000000 9.500000000
v 3.000000000 5.200000000 9.500000000
v 3.000000000 5.200000000 10.000000000
v 2.800000000 5.200000000 10.000000000
v 2.800000000 6.000000000 9.500000000
v 3.000000000 6.000000000 9.500000000
v 3.000000000 6.000000000 10.000000000
v 2.800000000 6.000000000 10.000000000
v -3.000000000 4.400000000 10.000000000
v -2.800000000 4.400000000 10.000000000
v -2.800000000 4.400000000 12.000000000
v -3.000000000 4.400000000 12.000000000
v -3.000000000 5.200000000 10.000000000
v -2.800000000 5.200000000 10.000000000
v -2.800000000 5.200000000 12.000000000
v -3.000000000 5.200000000 12.000000000
v -3.000000000 6.000000000 10.000000000
v -2.800000000 6.000000000 10.000000000
v -2.800000000 6.000000000 12.000000000
v -3.000000000 6.000000000 12.000000000
v -3.000000000 7.000000000 10.000000000
v -2.800000000 7.000000000 10.000000000
v -2.800000000 7.000000000 12.000000000
v -3.000000000 7.000000000 12.000000000
v -3.000000000 5.200000000 10.000000000
v -2.800000000 5.200000000 10.000000000
v -2.800000000 5.200000000 10.500000000
v -3.000000000 5.200000000 10.500000000
v -3.000000000 6.000000000 10.000000000
v -2.800000000 6.000000000 10.000000000
v -2.800000000 6.000000000 10.500000000
v -3.000000000 6.000000000 10.500000000
v -3.000000000 5.200000000 11.500000000
v -2.800000000 5.200000000 11.500000000
v -2.800000000 5.200000000 12.000000000
v -3.000000000 5.200000000 12.000000000
v -3.000000000 6.000000000 11.500000000
v -2.800000000 6.000000000 11.500000000
v -2.800000000 6.000000000 12.000000000
v -3.000000000 6.000000000 12.000000000
v 2.800000000 4.400000000 10.000000000
v 3.000000000 4.400000000 10.000000000
v 3.000000000 4.400000000 12.000000000
v 2.800000000 4.400000000 12.000000000
v 2.800000000 5.200000000 10.000000000
v 3.000000000 5.200000000 10.000000000
v 3.000000000 5.200000000 12.000000000
v 2.800000000 5.200000000 12.000000000
v 2.800000000 6.000000000 10.000000000
v 3.000000000 6.000000000 10.000000000
v 3.000000000 6.000000000 12.000000000
v 2.800000000 6.000000000 12.000000000
v 2.800000000 7.000000000 10.000000000
v 3.000000000 7.000000000 10.000000000
v 3.000000000 7.000000000 12.000000000
v 2.800000000 7.000000000 12.000000000
v 2.800000000 5.200000000 10.000000000
v 3.000000000 5.200000000 10.000000000
v 3.000000000 5.200000000 10.500000000
v 2.800000000 5.200000000 10.500000000
v 2.800000000 6.000000000 10.000000000
v 3.000000000 6.000000000 10.000000000
v 3.000000000 6.000000000 10.500000000
v 2.800000000 6.000000000 10.500000000
v 2.800000000 5.200000000 11.500000000
v 3.000000000 5.200000000 11.500000000
v 3.000000000 5.200000000 12.000000000
v 2.800000000 5.200000000 12.000000000
v 2.800000000 6.000000000 11.500000000
v 3.000000000 6.000000000 11.500000000
v 3.000000000 6.000000000 12.000000000
v 2.800000000 6.000000000 12.000000000
v 3.000000000 4.400000000 12.000000000
v 2.942355841 4.400000000 12.390180644
v 2.746198785 4.400000000 12.351162580
v 2.800000000 4.400000000 12.000000000
v 3.000000000 5.200000000 12.000000000
v 2.942355841 5.200000000 12.390180644
v 2.746198785 5.200000000 12.351162580
v 2.800000000 5.200000000 12.000000000
v 3.000000000 5.200000000 12.000000000
v 2.942355841 5.200000000 12.390180644
v 2.746198785 5.200000000 12.351162580
v 2.800000000 5.200000000 12.000000000
v 3.000000000 6.000000000 12.000000000
v 2.942355841 6.000000000 12.390180644
v 2.746198785 6.000000000 12.351162580
v 2.800000000 6.000000000 12.000000000
v 3.000000000 6.000000000 12.000000000
v 2.942355841 6.000000000 12.390180644
v 2.746198785 6.000000000 12.351162580
v 2.800000000 6.000000000 12.000000000
v 3.000000000 7.000000000 12.000000000
v 2.942355841 7.000000000 12.390180644
v 2.746198785 7.000000000 12.351162580
v 2.800000000 7.000000000 12.000000000
v 2.942355841 4.400000000 12.390180644
v 2.771638598 4.400000000 12.765366865
v 2.586862691 4.400000000 12.688830178
v 2.746198785 4.400000000 12.351162580
v 2.942355841 5.200000000 12.390180644
v 2.771638598 5.200000000 12.765366865
v 2.586862691 5.200000000 12.688830178
v 2.746198785 5.200000000 12.351162580
v 2.942355841 5.200000000 12.390180644
v 2.771638598 5.200000000 12.765366865
v 2.586862691 5.200000000 12.688830178
v 2.746198785 5.200000000 12.351162580
v 2.942355841 6.000000000 12.390180644
v 2.771638598 6.000000000 12.765366865
v 2.586862691 6.000000000 12.688830178
v 2.746198785 6.000000000 12.351162580
v 2.942355841 6.000000000 12.390180644
v 2.771638598 6.000000000 12.765366865
v 2.586862691 6.000000000 12.688830178
v 2.746198785 6.000000000 12.351162580
v 2.942355841 7.000000000 12.390180644
v 2.771638598 7.000000000 12.765366865
v 2.586862691 7.000000000 12.688830178
v 2.746198785 7.000000000 12.351162580
v 2.771638598 4.400000000 12.765366865
v 2.494408837 4.400000000 13.111140466
v 2.328114914 4.400000000 13.000026419
v 2.586862691 4.400000000 12.688830178
v 2.771638598 5.200000000 12.765366865
v 2.494408837 5.200000000 13.111140466
v 2.328114914 5.200000000 13.000026419
v 2.586862691 5.200000000 12.688830178
v 2.771638598 5.200000000 12.765366865
v 2.494408837 5.200000000 13.111140466
v 2.328114914 5.200000000 13.000026419
v 2.586862691 5.200000000 12.688830178
v 2.771638598 6.000000000 12.765366865
v 2.494408837 6.000000000 13.111140466
v 2.328114914 6.000000000 13.000026419
v 2.586862691 6.000000000 12.688830178
v 2.771638598 6.000000000 12.765366865
v 2.494408837 6.000000000 13.111140466
v 2.328114914 6.000000000 13.000026419
v 2.586862691 6.000000000 12.688830178
v 2.771638598 7.000000000 12.765366865
v 2.494408837 7.000000000 13.111140466
v 2.328114914 7.000000000 13.000026419
v 2.586862691 7.000000000 12.688830178
v 2.494408837 4.400000000 13.111140466
v 2.121320344 4.400000000 13.414213562
v 1.979898987 4.400000000 13.272792206
v 2.328114914 4.400000000 13.000026419
v 2.494408837 5.200000000 13.111140466
v 2.121320344 5.200000000 13.414213562
v 1.979898987 5.200000000 13.272792206
v 2.328114914 5.200000000 13.000026419
v 2.494408837 5.200000000 13.111140466
v 2.121320344 5.200000000 13.414213562
v 1.979898987 5.200000000 13.272792206
v 2.328114914 5.200000000 13.000026419
v 2.494408837 6.000000000 13.111140466
v 2.121320344 6.000000000 13.414213562
v 1.979898987 6.000000000 13.272792206
v 2.328114914 6.000000000 13.000026419
v 2.494408837 6.000000000 13.111140466
v 2.121320344 6.000000000 13.414213562
v 1.979898987 6.000000000 13.272792206
v 2.328114914 6.000000000 13.000026419
v 2.494408837 7.000000000 13.111140466
v 2.121320344 7.000000000 13.414213562
v 1.979898987 7.000000000 13.272792206
v 2.328114914 7.000000000 13.000026419
v 2.121320344 4.400000000 13.414213562
v 1.666710699 4.400000000 13.662939225
v 1.555596652 4.400000000 13.496645302
v 1.979898987 4.400000000 13.272792206
v 2.121320344 5.200000000 13.414213562
v 1.666710699 5.200000000 13.662939225
v 1.555596652 5.200000000 13.496645302
v 1.979898987 5.200000000 13.272792206
v 2.121320344 5.200000000 13.414213562
v 1.666710699 5.200000000 13.662939225
v 1.555596652 5.200000000 13.496645302
v 1.979898987 5.200000000 13.272792206
v 2.121320344 6.000000000 13.414213562
v 1.666710699 6.000000000 13.662939225
v 1.555596652 6.000000000 13.496645302
v 1.979898987 6.000000000 13.272792206
v 2.121320344 6.000000000 13.414213562
v 1.666710699 6.000000000 13.662939225
v 1.555596652 6.000000000 13.496645302
v 1.979898987 6.000000000 13.272792206
v 2.121320344 7.000000000 13.414213562
v 1.666710699 7.000000000 13.662939225
v 1.555596652 7.000000000 13.496645302
v 1.979898987 7.000000000 13.272792206
v 1.666710699 4.400000000 13.662939225
v 1.148050297 4.400000000 13.847759065
v 1.071513611 4.400000000 13.662983159
v 1.555596652 4.400000000 13.496645302
v 1.666710699 5.200000000 13.662939225
v 1.148050297 5.200000000 13.847759065
v 1.071513611 5.200000000 13.662983159
v 1.555596652 5.200000000 13.496645302
v 1.666710699 5.200000000 13.662939225
v 1.148050297 5.200000000 13.847759065
v 1.071513611 5.200000000 13.662983159
v 1.555596652 5.200000000 13.496645302
v 1.666710699 6.000000000 13.662939225
v 1.148050297 6.000000000 13.847759065
v 1.071513611 6.000000000 13.662983159
v 1.555596652 6.000000000 13.496645302
v 1.666710699 6.000000000 13.662939225
v 1.148050297 6.000000000 13.847759065
v 1.071513611 6.000000000 13.662983159
v 1.555596652 6.000000000 13.496645302
v 1.666710699 7.000000000 13.662939225
v 1.148050297 7.000000000 13.847759065
v 1.071513611 7.000000000 13.662983159
v 1.555596652 7.000000000 13.496645302
v 1.148050297 4.400000000 13.847759065
v 0.585270966 4.400000000 13.961570561
v 0.546252902 4.400000000 13.765413505
v 1.071513611 4.400000000 13.662983159
v 1.148050297 5.200000000 13.847759065
v 0.585270966 5.200000000 13.961570561
v 0.546252902 5.200000000 13.765413505
v 1.071513611 5.200000000 13.662983159
v 1.148050297 5.200000000 13.847759065
v 0.585270966 5.200000000 13.961570561
v 0.546252902 5.200000000 13.765413505
v 1.071513611 5.200000000 13.662983159
v 1.148050297 6.000000000 13.847759065
v 0.585270966 6.000000000 13.961570561
v 0.546252902 6.000000000 13.765413505
v 1.071513611 6.000000000 13.662983159
v 1.148050297 6.000000000 13.847759065
v 0.585270966 6.000000000 13.961570561
v 0.546252902 6.000000000 13.765413505
v 1.071513611 6.000000000 13.662983159
v 1.148050297 7.000000000 13.847759065
v 0.585270966 7.000000000 13.961570561
v 0.546252902 7.000000000 13.765413505
v 1.071513611 7.000000000 13.662983159
v 0.585270966 4.400000000 13.961570561
v 0.000000000 4.400000000 14.000000000
v 0.000000000 4.400000000 13.800000000
v 0.546252902 4.400000000 13.765413505
v 0.585270966 5.200000000 13.961570561
v 0.000000000 5.200000000 14.000000000
v 0.000000000 5.200000000 13.800000000
v 0.546252902 5.200000000 13.765413505
v 0.585270966 5.200000000 13.961570561
v 0.000000000 5.200000000 14.000000000
v 0.000000000 5.200000000 13.800000000
v 0.546252902 5.200000000 13.765413505
v 0.585270966 6.000000000 13.961570561
v 0.000000000 6.000000000 14.000000000
v 0.000000000 6.000000000 13.800000000
v 0.546252902 6.000000000 13.765413505
v 0.585270966 6.000000000 13.961570561
v 0.000000000 6.000000000 14.000000000
v 0.000000000 6.000000000 13.800000000
v 0.546252902 6.000000000 13.765413505
v 0.585270966 7.000000000 13.961570561
v 0.000000000 7.000000000 14.000000000
v 0.000000000 7.000000000 13.800000000
v 0.546252902 7.000000000 13.765413505
v 0.000000000 4.400000000 14.000000000
v -0.585270966 4.400000000 13.961570561
v -0.546252902 4.400000000 13.765413505
v 0.000000000 4.400000000 13.800000000
v 0.000000000 5.200000000 14.000000000
v -0.585270966 5.200000000 13.961570561
v -0.546252902 5.200000000 13.765413505
v 0.000000000 5.200000000 13.800000000
v 0.000000000 5.200000000 14.000000000
v -0.585270966 5.200000000 13.961570561
v -0.546252902 5.200000000 13.765413505
v 0.000000000 5.200000000 13.800000000
v 0.000000000 6.000000000 14.000000000
v -0.585270966 6.000000000 13.961570561
v -0.546252902 6.000000000 13.765413505
v 0.000000000 6.000000000 13.800000000
v 0.000000000 6.000000000 14.000000000
v -0.585270966 6.000000000 13.961570561
v -0.546252902 6.000000000 13.765413505
v 0.000000000 6.000000000 13.800000000
v 0.000000000 7.000000000 14.000000000
v -0.585270966 7.000000000 13.961570561
v -0.546252902 7.000000000 13.765413505
v 0.000000000 7.000000000 13.800000000
v -0.585270966 4.400000000 13.961570561
v -1.148050297 4.400000000 13.847759065
v -1.071513611 4.400000000 13.662983159
v -0.546252902 4.400000000 13.765413505
v -0.585270966 5.200000000 13.961570561
v -1.148050297 5.200000000 13.847759065
v -1.071513611 5.200000000 13.662983159
v -0.546252902 5.200000000 13.765413505
v -0.585270966 5.200000000 13.961570561
v -1.148050297 5.200000000 13.847759065
v -1.071513611 5.200000000 13.662983159
v -0.546252902 5.200000000 13.765413505
v -0.585270966 6.000000000 13.961570561
v -1.148050297 6.000000000 13.847759065
v -1.071513611 6.000000000 13.662983159
v -0.546252902 6.000000000 13.765413505
v -0.585270966 6.000000000 13.961570561
v -1.148050297 6.000000000 13.847759065
v -1.071513611 6.000000000 13.662983159
v -0.546252902 6.000000000 13.765413505
v -0.585270966 7.000000000 13.961570561
v -1.148050297 7.000000000 13.847759065
v -1.071513611 7.000000000 13.662983159
v -0.546252902 7.000000000 13.765413505
v -1.148050297 4.400000000 13.847759065
v -1.666710699 4.400000000 13.662939225
v -1.555596652 4.400000000 13.496645302
v -1.071513611 4.400000000 13.662983159
v -1.148050297 5.200000000 13.847759065
v -1.666710699 5.200000000 13.662939225
v -1.555596652 5.200000000 13.496645302
v -1.071513611 5.200000000 13.662983159
v -1.148050297 5.200000000 13.847759065
v -1.666710699 5.200000000 13.662939225
v -1.555596652 5.200000000 13.496645302
v -1.071513611 5.200000000 13.662983159
v -1.148050297 6.000000000 13.847759065
v -1.666710699 6.000000000 13.662939225
v -1.555596652 6.000000000 13.496645302
v -1.071513611 6.000000000 13.662983159
v -1.148050297 6.000000000 13.847759065
v -1.666710699 6.000000000 13.662939225
v -1.555596652 6.000000000 13.496645302
v -1.071513611 6.000000000 13.662983159
v -1.148050297 7.000000000 13.847759065
v -1.666710699 7.000000000 13.662939225
v -1.555596652 7.000000000 13.496645302
v -1.071513611 7.000000000 13.662983159
v -1.666710699 4.400000000 13.662939225
v -2.121320344 4.400000000 13.414213562
v -1.979898987 4.400000000 13.272792206
v -1.555596652 4.400000000 13.496645302
v -1.666710699 5.200000000 13.662939225
v -2.121320344 5.200000000 13.414213562
v -1.979898987 5.200000000 13.272792206
v -1.555596652 5.200000000 13.496645302
v -1.666710699 5.200000000 13.662939225
v -2.121320344 5.200000000 13.414213562
v -1.979898987 5.200000000 13.272792206
v -1.555596652 5.200000000 13.496645302
v -1.666710699 6.000000000 13.662939225
v -2.121320344 6.000000000 13.414213562
v -1.979898987 6.000000000 13.272792206
v -1.555596652 6.000000000 13.496645302
v -1.666710699 6.000000000 13.662939225
v -2.121320344 6.000000000 13.414213562
v -1.979898987 6.000000000 13.272792206
v -1.555596652 6.000000000 13.496645302
v -1.666710699 7.000000000 13.662939225
v -2.121320344 7.000000000 13.414213562
v -1.979898987 7.000000000 13.272792206
v -1.555596652 7.000000000 13.496645302
v -2.121320344 4.400000000 13.414213562
v -2.494408837 4.400000000 13.111140466
v -2.328114914 4.400000000 13.000026419
v -1.979898987 4.400000000 13.272792206
v -2.121320344 5.200000000 13.414213562
v -2.494408837 5.200000000 13.111140466
v -2.328114914 5.200000000 13.000026419
v -1.979898987 5.200000000 13.272792206
v -2.121320344 5.200000000 13.414213562
v -2.494408837 5.200000000 13.111140466
v -2.328114914 5.200000000 13.000026419
v -1.979898987 5.200000000 13.272792206
v -2.121320344 6.000000000 13.414213562
v -2.494408837 6.000000000 13.111140466
v -2.328114914 6.000000000 13.000026419
v -1.979898987 6.000000000 13.272792206
v -2.121320344 6.000000000 13.414213562
v -2.494408837 6.000000000 13.111140466
v -2.328114914 6.000000000 13.000026419
v -1.979898987 6.000000000 13.272792206
v -2.121320344 7.000000000 13.414213562
v -2.494408837 7.000000000 13.111140466
v -2.328114914 7.000000000 13.000026419
v -1.979898987 7.000000000 13.272792206
v -2.494408837 4.400000000 13.111140466
v -2.771638598 4.400000000 12.765366865
v -2.586862691 4.400000000 12.688830178
v -2.328114914 4.400000000 13.000026419
v -2.494408837 5.200000000 13.111140466
v -2.771638598 5.200000000 12.765366865
v -2.586862691 5.200000000 12.688830178
v -2.328114914 5.200000000 13.000026419
v -2.494408837 5.200000000 13.111140466
v -2.771638598 5.200000000 12.765366865
v -2.586862691 5.200000000 12.688830178
v -2.328114914 5.200000000 13.000026419
v -2.494408837 6.000000000 13.111140466
v -2.771638598 6.000000000 12.765366865
v -2.586862691 6.000000000 12.688830178
v -2.328114914 6.000000000 13.000026419
v -2.494408837 6.000000000 13.111140466
v -2.771638598 6.000000000 12.765366865
v -2.586862691 6.000000000 12.688830178
v -2.328114914 6.000000000 13.000026419
v -2.494408837 7.000000000 13.111140466
v -2.771638598 7.000000000 12.765366865
v -2.586862691 7.000000000 12.688830178
v -2.328114914 7.000000000 13.000026419
v -2.771638598 4.400000000 12.765366865
v -2.942355841 4.400000000 12.390180644
v -2.746198785 4.400000000 12.351162580
v -2.586862691 4.400000000 12.688830178
v -2.771638598 5.200000000 12.765366865
v -2.942355841 5.200000000 12.390180644
v -2.746198785 5.200000000 12.351162580
v -2.586862691 5.200000000 12.688830178
v -2.771638598 5.200000000 12.765366865
v -2.942355841 5.200000000 12.390180644
v -2.746198785 5.200000000 12.351162580
v -2.586862691 5.200000000 12.688830178
v -2.771638598 6.000000000 12.765366865
v -2.942355841 6.000000000 12.390180644
v -2.746198785 6.000000000 12.351162580
v -2.586862691 6.000000000 12.688830178
v -2.771638598 6.000000000 12.765366865
v -2.942355841 6.000000000 12.390180644
v -2.746198785 6.000000000 12.351162580
v -2.586862691 6.000000000 12.688830178
v -2.771638598 7.000000000 12.765366865
v -2.942355841 7.000000000 12.390180644
v -2.746198785 7.000000000 12.351162580
v -2.586862691 7.000000000 12.688830178
v -2.942355841 4.400000000 12.390180644
v -3.000000000 4.400000000 12.000000000
v -2.800000000 4.400000000 12.000000000
v -2.746198785 4.400000000 12.351162580
v -2.942355841 5.200000000 12.390180644
v -3.000000000 5.200000000 12.000000000
v -2.800000000 5.200000000 12.000000000
v -2.746198785 5.200000000 12.351162580
v -2.942355841 5.200000000 12.390180644
v -3.000000000 5.200000000 12.000000000
v -2.800000000 5.200000000 12.000000000
v -2.746198785 5.200000000 12.351162580
v -2.942355841 6.000000000 12.390180644
v -3.000000000 6.000000000 12.000000000
v -2.800000000 6.000000000 12.000000000
v -2.746198785 6.000000000 12.351162580
v -2.942355841 6.000000000 12.390180644
v -3.000000000 6.000000000 12.000000000
v -2.800000000 6.000000000 12.000000000
v -2.746198785 6.000000000 12.351162580
v -2.942355841 7.000000000 12.390180644
v -3.000000000 7.000000000 12.000000000
v -2.800000000 7.000000000 12.000000000
v -2.746198785 7.000000000 12.351162580
v -2.800000000 3.570000000 4.000000000
v -2.029550821 3.570000000 2.112393534
v -1.064993660 3.570000000 1.147836373
v 0.000000000 3.570000000 0.260341656
v 1.064993660 3.570000000 1.147836373
v 2.029550821 3.570000000 2.112393534
v 2.800000000 3.570000000 4.000000000
v -2.800000000 3.750000000 4.000000000
v -2.029550821 3.750000000 2.112393534
v -1.064993660 3.750000000 1.147836373
v 0.000000000 3.750000000 0.260341656
v 1.064993660 3.750000000 1.147836373
v 2.029550821 3.750000000 2.112393534
v 2.800000000 3.750000000 4.000000000
v -2.800000000 3.570000000 4.000000000
v 2.800000000 3.570000000 4.000000000
v 2.800000000 3.570000000 6.000000000
v -2.800000000 3.570000000 6.000000000
v -2.800000000 3.750000000 4.000000000
v 2.800000000 3.750000000 4.000000000
v 2.800000000 3.750000000 6.000000000
v -2.800000000 3.750000000 6.000000000
v -2.800000000 3.570000000 6.000000000
v 2.800000000 3.570000000 6.000000000
v 2.800000000 3.570000000 8.000000000
v -2.800000000 3.570000000 8.000000000
v -2.800000000 3.750000000 6.000000000
v 2.800000000 3.750000000 6.000000000
v 2.800000000 3.750000000 8.000000000
v -2.800000000 3.750000000 8.000000000
v -2.800000000 3.570000000 8.000000000
v 2.800000000 3.570000000 8.000000000
v 2.800000000 3.570000000 10.000000000
v -2.800000000 3.570000000 10.000000000
v -2.800000000 3.750000000 8.000000000
v 2.800000000 3.750000000 8.000000000
v 2.800000000 3.750000000 10.000000000
v -2.800000000 3.750000000 10.000000000
v -2.800000000 3.570000000 10.000000000
v 2.800000000 3.570000000 10.000000000
v 2.800000000 3.570000000 12.000000000
v -2.800000000 3.570000000 12.000000000
v -2.800000000 3.750000000 10.000000000
v 2.800000000 3.750000000 10.000000000
v 2.800000000 3.750000000 12.000000000
v -2.800000000 3.750000000 12.000000000
v 2.800000000 3.570000000 12.000000000
v 2.746198785 3.570000000 12.351162580
v 2.586862691 3.570000000 12.688830178
v 2.328114914 3.570000000 13.000026419
v 1.979898987 3.570000000 13.272792206
v 1.555596652 3.570000000 13.496645302
v 1.071513611 3.570000000 13.662983159
v 0.546252902 3.570000000 13.765413505
v 0.000000000 3.570000000 13.800000000
v -0.546252902 3.570000000 13.765413505
v -1.071513611 3.570000000 13.662983159
v -1.555596652 3.570000000 13.496645302
v -1.979898987 3.570000000 13.272792206
v -2.328114914 3.570000000 13.000026419
v -2.586862691 3.570000000 12.688830178
v -2.746198785 3.570000000 12.351162580
v -2.800000000 3.570000000 12.000000000
v 2.800000000 3.750000000 12.000000000
v 2.746198785 3.750000000 12.351162580
v 2.586862691 3.750000000 12.688830178
v 2.328114914 3.750000000 13.000026419
v 1.979898987 3.750000000 13.272792206
v 1.555596652 3.750000000 13.496645302
v 1.071513611 3.750000000 13.662983159
v 0.546252902 3.750000000 13.765413505
v 0.000000000 3.750000000 13.800000000
v -0.546252902 3.750000000 13.765413505
v -1.071513611 3.750000000 13.662983159
v -1.555596652 3.750000000 13.496645302
v -1.979898987 3.750000000 13.272792206
v -2.328114914 3.750000000 13.000026419
v -2.586862691 3.750000000 12.688830178
v -2.746198785 3.750000000 12.351162580
v -2.800000000 3.750000000 12.000000000
v -3.000000000 8.800000000 4.000000000
v -2.200000000 8.800000000 2.000000000
v -2.029550821 8.800000000 2.112393534
v -2.800000000 8.800000000 4.000000000
v -3.000000000 9.600000000 4.000000000
v -2.200000000 9.600000000 2.000000000
v -2.029550821 9.600000000 2.112393534
v -2.800000000 9.600000000 4.000000000
v -2.200000000 8.800000000 2.000000000
v -1.200000000 8.800000000 1.000000000
v -1.064993660 8.800000000 1.147836373
v -2.029550821 8.800000000 2.112393534
v -2.200000000 9.600000000 2.000000000
v -1.200000000 9.600000000 1.000000000
v -1.064993660 9.600000000 1.147836373
v -2.029550821 9.600000000 2.112393534
v -1.200000000 8.800000000 1.000000000
v 0.000000000 8.800000000 0.000000000
v 0.000000000 8.800000000 0.260341656
v -1.064993660 8.800000000 1.147836373
v -1.200000000 9.600000000 1.000000000
v 0.000000000 9.600000000 0.000000000
v 0.000000000 9.600000000 0.260341656
v -1.064993660 9.600000000 1.147836373
v 0.000000000 8.800000000 0.000000000
v 1.200000000 8.800000000 1.000000000
v 1.064993660 8.800000000 1.147836373
v 0.000000000 8.800000000 0.260341656
v 0.000000000 9.600000000 0.000000000
v 1.200000000 9.600000000 1.000000000
v 1.064993660 9.600000000 1.147836373
v 0.000000000 9.600000000 0.260341656
v 1.200000000 8.800000000 1.000000000
v 2.200000000 8.800000000 2.000000000
v 2.029550821 8.800000000 2.112393534
v 1.064993660 8.800000000 1.147836373
v 1.200000000 9.600000000 1.000000000
v 2.200000000 9.600000000 2.000000000
v 2.029550821 9.600000000 2.112393534
v 1.064993660 9.600000000 1.147836373
v 2.200000000 8.800000000 2.000000000
v 3.000000000 8.800000000 4.000000000
v 2.800000000 8.800000000 4.000000000
v 2.029550821 8.800000000 2.112393534
v 2.200000000 9.600000000 2.000000000
v 3.000000000 9.600000000 4.000000000
v 2.800000000 9.600000000 4.000000000
v 2.029550821 9.600000000 2.112393534
v -3.000000000 8.800000000 6.000000000
v -3.000000000 8.800000000 4.000000000
v -2.800000000 8.800000000 4.000000000
v -2.800000000 8.800000000 6.000000000
v -3.000000000 9.600000000 6.000000000
v -3.000000000 9.600000000 4.000000000
v -2.800000000 9.600000000 4.000000000
v -2.800000000 9.600000000 6.000000000
v 3.000000000 8.800000000 4.000000000
v 3.000000000 8.800000000 6.000000000
v 2.800000000 8.800000000 6.000000000
v 2.800000000 8.800000000 4.000000000
v 3.000000000 9.600000000 4.000000000
v 3.000000000 9.600000000 6.000000000
v 2.800000000 9.600000000 6.000000000
v 2.800000000 9.600000000 4.000000000
v -3.000000000 8.800000000 8.000000000
v -3.000000000 8.800000000 6.000000000
v -2.800000000 8.800000000 6.000000000
v -2.800000000 8.800000000 8.000000000
v -3.000000000 9.600000000 8.000000000
v -3.000000000 9.600000000 6.000000000
v -2.800000000 9.600000000 6.000000000
v -2.800000000 9.600000000 8.000000000
v 3.000000000 8.800000000 6.000000000
v 3.000000000 8.800000000 8.000000000
v 2.800000000 8.800000000 8.000000000
v 2.800000000 8.800000000 6.000000000
v 3.000000000 9.600000000 6.000000000
v 3.000000000 9.600000000 8.000000000
v 2.800000000 9.600000000 8.000000000
v 2.800000000 9.600000000 6.000000000
v -3.000000000 8.800000000 10.000000000
v -3.000000000 8.800000000 8.000000000
v -2.800000000 8.800000000 8.000000000
v -2.800000000 8.800000000 10.000000000
v -3.000000000 9.600000000 10.000000000
v -3.000000000 9.600000000 8.000000000
v -2.800000000 9.600000000 8.000000000
v -2.800000000 9.600000000 10.000000000
v 3.000000000 8.800000000 8.000000000
v 3.000000000 8.800000000 10.000000000
v 2.800000000 8.800000000 10.000000000
v 2.800000000 8.800000000 8.000000000
v 3.000000000 9.600000000 8.000000000
v 3.000000000 9.600000000 10.000000000
v 2.800000000 9.600000000 10.000000000
v 2.800000000 9.600000000 8.000000000
v -3.000000000 8.800000000 12.000000000
v -3.000000000 8.800000000 10.000000000
v -2.800000000 8.800000000 10.000000000
v -2.800000000 8.800000000 12.000000000
v -3.000000000 9.600000000 12.000000000
v -3.000000000 9.600000000 10.000000000
v -2.800000000 9.600000000 10.000000000
v -2.800000000 9.600000000 12.000000000
v 3.000000000 8.800000000 10.000000000
v 3.000000000 8.800000000 12.000000000
v 2.800000000 8.800000000 12.000000000
v 2.800000000 8.800000000 10.000000000
v 3.000000000 9.600000000 10.000000000
v 3.000000000 9.600000000 12.000000000
v 2.800000000 9.600000000 12.000000000
v 2.800000000 9.600000000 10.000000000
v 3.000000000 8.800000000 12.000000000
v 2.942355841 8.800000000 12.390180644
v 2.746198785 8.800000000 12.351162580
v 2.800000000 8.800000000 12.000000000
v 3.000000000 9.600000000 12.000000000
v 2.942355841 9.600000000 12.390180644
v 2.746198785 9.600000000 12.351162580
v 2.800000000 9.600000000 12.000000000
v 2.942355841 8.800000000 12.390180644
v 2.771638598 8.800000000 12.765366865
v 2.586862691 8.800000000 12.688830178
v 2.746198785 8.800000000 12.351162580
v 2.942355841 9.600000000 12.390180644
v 2.771638598 9.600000000 12.765366865
v 2.586862691 9.600000000 12.688830178
v 2.746198785 9.600000000 12.351162580
v 2.771638598 8.800000000 12.765366865
v 2.494408837 8.800000000 13.111140466
v 2.328114914 8.800000000 13.000026419
v 2.586862691 8.800000000 12.688830178
v 2.771638598 9.600000000 12.765366865
v 2.494408837 9.600000000 13.111140466
v 2.328114914 9.600000000 13.000026419
v 2.586862691 9.600000000 12.688830178
v 2.494408837 8.800000000 13.111140466
v 2.121320344 8.800000000 13.414213562
v 1.979898987 8.800000000 13.272792206
v 2.328114914 8.800000000 13.000026419
v 2.494408837 9.600000000 13.111140466
v 2.121320344 9.600000000 13.414213562
v 1.979898987 9.600000000 13.272792206
v 2.328114914 9.600000000 13.000026419
v 2.121320344 8.800000000 13.414213562
v 1.666710699 8.800000000 13.662939225
v 1.555596652 8.800000000 13.496645302
v 1.979898987 8.800000000 13.272792206
v 2.121320344 9.600000000 13.414213562
v 1.666710699 9.600000000 13.662939225
v 1.555596652 9.600000000 13.496645302
v 1.979898987 9.600000000 13.272792206
v 1.666710699 8.800000000 13.662939225
v 1.148050297 8.800000000 13.847759065
v 1.071513611 8.800000000 13.662983159
v 1.555596652 8.800000000 13.496645302
v 1.666710699 9.600000000 13.662939225
v 1.148050297 9.600000000 13.847759065
v 1.071513611 9.600000000 13.662983159
v 1.555596652 9.600000000 13.496645302
v 1.148050297 8.800000000 13.847759065
v 0.585270966 8.800000000 13.961570561
v 0.546252902 8.800000000 13.765413505
v 1.071513611 8.800000000 13.662983159
v 1.148050297 9.600000000 13.847759065
v 0.585270966 9.600000000 13.961570561
v 0.546252902 9.600000000 13.765413505
v 1.071513611 9.600000000 13.662983159
v 0.585270966 8.800000000 13.961570561
v 0.000000000 8.800000000 14.000000000
v 0.000000000 8.800000000 13.800000000
v 0.546252902 8.800000000 13.765413505
v 0.585270966 9.600000000 13.961570561
v 0.000000000 9.600000000 14.000000000
v 0.000000000 9.600000000 13.800000000
v 0.546252902 9.600000000 13.765413505
v 0.000000000 8.800000000 14.000000000
v -0.585270966 8.800000000 13.961570561
v -0.546252902 8.800000000 13.765413505
v 0.000000000 8.800000000 13.800000000
v 0.000000000 9.600000000 14.000000000
v -0.585270966 9.600000000 13.961570561
v -0.546252902 9.600000000 13.765413505
v 0.000000000 9.600000000 13.800000000
v -0.585270966 8.800000000 13.961570561
v -1.148050297 8.800000000 13.847759065
v -1.071513611 8.800000000 13.662983159
v -0.546252902 8.800000000 13.765413505
v -0.585270966 9.600000000 13.961570561
v -1.148050297 9.600000000 13.847759065
v -1.071513611 9.600000000 13.662983159
v -0.546252902 9.600000000 13.765413505
v -1.148050297 8.800000000 13.847759065
v -1.666710699 8.800000000 13.662939225
v -1.555596652 8.800000000 13.496645302
v -1.071513611 8.800000000 13.662983159
v -1.148050297 9.600000000 13.847759065
v -1.666710699 9.600000000 13.662939225
v -1.555596652 9.600000000 13.496645302
v -1.071513611 9.600000000 13.662983159
v -1.666710699 8.800000000 13.662939225
v -2.121320344 8.800000000 13.414213562
v -1.979898987 8.800000000 13.272792206
v -1.555596652 8.800000000 13.496645302
v -1.666710699 9.600000000 13.662939225
v -2.121320344 9.600000000 13.414213562
v -1.979898987 9.600000000 13.272792206
v -1.555596652 9.600000000 13.496645302
v -2.121320344 8.800000000 13.414213562
v -2.494408837 8.800000000 13.111140466
v -2.328114914 8.800000000 13.000026419
v -1.979898987 8.800000000 13.272792206
v -2.121320344 9.600000000 13.414213562
v -2.494408837 9.600000000 13.111140466
v -2.328114914 9.600000000 13.000026419
v -1.979898987 9.600000000 13.272792206
v -2.494408837 8.800000000 13.111140466
v -2.771638598 8.800000000 12.765366865
v -2.586862691 8.800000000 12.688830178
v -2.328114914 8.800000000 13.000026419
v -2.494408837 9.600000000 13.111140466
v -2.771638598 9.600000000 12.765366865
v -2.586862691 9.600000000 12.688830178
v -2.328114914 9.600000000 13.000026419
v -2.771638598 8.800000000 12.765366865
v -2.942355841 8.800000000 12.390180644
v -2.746198785 8.800000000 12.351162580
v -2.586862691 8.800000000 12.688830178
v -2.771638598 9.600000000 12.765366865
v -2.942355841 9.600000000 12.390180644
v -2.746198785 9.600000000 12.351162580
v -2.586862691 9.600000000 12.688830178
v -2.942355841 8.800000000 12.390180644
v -3.000000000 8.800000000 12.000000000
v -2.800000000 8.800000000 12.000000000
v -2.746198785 8.800000000 12.351162580
v -2.942355841 9.600000000 12.390180644
v -3.000000000 9.600000000 12.000000000
v -2.800000000 9.600000000 12.000000000
v -2.746198785 9.600000000 12.351162580
v -2.800000000 7.970000000 4.000000000
v -2.029550821 7.970000000 2.112393534
v -1.064993660 7.970000000 1.147836373
v 0.000000000 7.970000000 0.260341656
v 1.064993660 7.970000000 1.147836373
v 2.029550821 7.970000000 2.112393534
v 2.800000000 7.970000000 4.000000000
v -2.800000000 8.150000000 4.000000000
v -2.029550821 8.150000000 2.112393534
v -1.064993660 8.150000000 1.147836373
v 0.000000000 8.150000000 0.260341656
v 1.064993660 8.150000000 1.147836373
v 2.029550821 8.150000000 2.112393534
v 2.800000000 8.150000000 4.000000000
v -2.800000000 7.970000000 4.000000000
v -2.050000000 7.970000000 4.000000000
v -2.050000000 7.970000000 6.000000000
v -2.800000000 7.970000000 6.000000000
v -2.800000000 8.150000000 4.000000000
v -2.050000000 8.150000000 4.000000000
v -2.050000000 8.150000000 6.000000000
v -2.800000000 8.150000000 6.000000000
v -0.950000000 7.970000000 4.000000000
v 2.800000000 7.970000000 4.000000000
v 2.800000000 7.970000000 6.000000000
v -0.950000000 7.970000000 6.000000000
v -0.950000000 8.150000000 4.000000000
v 2.800000000 8.150000000 4.000000000
v 2.800000000 8.150000000 6.000000000
v -0.950000000 8.150000000 6.000000000
v -2.800000000 7.970000000 6.000000000
v -2.050000000 7.970000000 6.000000000
v -2.050000000 7.970000000 8.000000000
v -2.800000000 7.970000000 8.000000000
v -2.800000000 8.150000000 6.000000000
v -2.050000000 8.150000000 6.000000000
v -2.050000000 8.150000000 8.000000000
v -2.800000000 8.150000000 8.000000000
v -0.950000000 7.970000000 6.000000000
v 2.800000000 7.970000000 6.000000000
v 2.800000000 7.970000000 8.000000000
v -0.950000000 7.970000000 8.000000000
v -0.950000000 8.150000000 6.000000000
v 2.800000000 8.150000000 6.000000000
v 2.800000000 8.150000000 8.000000000
v -0.950000000 8.150000000 8.000000000
v -2.050000000 7.970000000 7.250000000
v -0.950000000 7.970000000 7.250000000
v -0.950000000 7.970000000 8.000000000
v -2.050000000 7.970000000 8.000000000
v -2.050000000 8.150000000 7.250000000
v -0.950000000 8.150000000 7.250000000
v -0.950000000 8.150000000 8.000000000
v -2.050000000 8.150000000 8.000000000
v -2.800000000 7.970000000 8.000000000
v 2.800000000 7.970000000 8.000000000
v 2.800000000 7.970000000 10.000000000
v -2.800000000 7.970000000 10.000000000
v -2.800000000 8.150000000 8.000000000
v 2.800000000 8.150000000 8.000000000
v 2.800000000 8.150000000 10.000000000
v -2.800000000 8.150000000 10.000000000
v -2.800000000 7.970000000 10.000000000
v 2.800000000 7.970000000 10.000000000
v 2.800000000 7.970000000 12.000000000
v -2.800000000 7.970000000 12.000000000
v -2.800000000 8.150000000 10.000000000
v 2.800000000 8.150000000 10.000000000
v 2.800000000 8.150000000 12.000000000
v -2.800000000 8.150000000 12.000000000
v 2.800000000 7.970000000 12.000000000
v 2.746198785 7.970000000 12.351162580
v 2.586862691 7.970000000 12.688830178
v 2.328114914 7.970000000 13.000026419
v 1.979898987 7.970000000 13.272792206
v 1.555596652 7.970000000 13.496645302
v 1.071513611 7.970000000 13.662983159
v 0.546252902 7.970000000 13.765413505
v 0.000000000 7.970000000 13.800000000
v -0.546252902 7.970000000 13.765413505
v -1.071513611 7.970000000 13.662983159
v -1.555596652 7.970000000 13.496645302
v -1.979898987 7.970000000 13.272792206
v -2.328114914 7.970000000 13.000026419
v -2.586862691 7.970000000 12.688830178
v -2.746198785 7.970000000 12.351162580
v -2.800000000 7.970000000 12.000000000
v 2.800000000 8.150000000 12.000000000
v 2.746198785 8.150000000 12.351162580
v 2.586862691 8.150000000 12.688830178
v 2.328114914 8.150000000 13.000026419
v 1.979898987 8.150000000 13.272792206
v 1.555596652 8.150000000 13.496645302
v 1.071513611 8.150000000 13.662983159
v 0.546252902 8.150000000 13.765413505
v 0.000000000 8.150000000 13.800000000
v -0.546252902 8.150000000 13.765413505
v -1.071513611 8.150000000 13.662983159
v -1.555596652 8.150000000 13.496645302
v -1.979898987 8.150000000 13.272792206
v -2.328114914 8.150000000 13.000026419
v -2.586862691 8.150000000 12.688830178
v -2.746198785 8.150000000 12.351162580
v -2.800000000 8.150000000 12.000000000
v -2.000000000 4.520000000 4.000000000
v -1.000000000 4.520000000 4.000000000
v -1.000000000 4.520000000 4.250000000
v -2.000000000 4.520000000 4.250000000
v -2.000000000 4.600000000 4.000000000
v -1.000000000 4.600000000 4.000000000
v -1.000000000 4.600000000 4.250000000
v -2.000000000 4.600000000 4.250000000
v -2.000000000 4.720000000 4.250000000
v -1.000000000 4.720000000 4.250000000
v -1.000000000 4.720000000 4.500000000
v -2.000000000 4.720000000 4.500000000
v -2.000000000 4.800000000 4.250000000
v -1.000000000 4.800000000 4.250000000
v -1.000000000 4.800000000 4.500000000
v -2.000000000 4.800000000 4.500000000
v -2.000000000 4.920000000 4.500000000
v -1.000000000 4.920000000 4.500000000
v -1.000000000 4.920000000 4.750000000
v -2.000000000 4.920000000 4.750000000
v -2.000000000 5.000000000 4.500000000
v -1.000000000 5.000000000 4.500000000
v -1.000000000 5.000000000 4.750000000
v -2.000000000 5.000000000 4.750000000
v -2.000000000 5.120000000 4.750000000
v -1.000000000 5.120000000 4.750000000
v -1.000000000 5.120000000 5.000000000
v -2.000000000 5.120000000 5.000000000
v -2.000000000 5.200000000 4.750000000
v -1.000000000 5.200000000 4.750000000
v -1.000000000 5.200000000 5.000000000
v -2.000000000 5.200000000 5.000000000
v -2.000000000 5.320000000 5.000000000
v -1.000000000 5.320000000 5.000000000
v -1.000000000 5.320000000 5.250000000
v -2.000000000 5.320000000 5.250000000
v -2.000000000 5.400000000 5.000000000
v -1.000000000 5.400000000 5.000000000
v -1.000000000 5.400000000 5.250000000
v -2.000000000 5.400000000 5.250000000
v -2.000000000 5.520000000 5.250000000
v -1.000000000 5.520000000 5.250000000
v -1.000000000 5.520000000 5.500000000
v -2.000000000 5.520000000 5.500000000
v -2.000000000 5.600000000 5.250000000
v -1.000000000 5.600000000 5.250000000
v -1.000000000 5.600000000 5.500000000
v -2.000000000 5.600000000 5.500000000
v -2.000000000 5.720000000 5.500000000
v -1.000000000 5.720000000 5.500000000
v -1.000000000 5.720000000 5.750000000
v -2.000000000 5.720000000 5.750000000
v -2.000000000 5.800000000 5.500000000
v -1.000000000 5.800000000 5.500000000
v -1.000000000 5.800000000 5.750000000
v -2.000000000 5.800000000 5.750000000
v -2.000000000 5.920000000 5.750000000
v -1.000000000 5.920000000 5.750000000
v -1.000000000 5.920000000 6.000000000
v -2.000000000 5.920000000 6.000000000
v -2.000000000 6.000000000 5.750000000
v -1.000000000 6.000000000 5.750000000
v -1.000000000 6.000000000 6.000000000
v -2.000000000 6.000000000 6.000000000
v -2.000000000 6.120000000 6.000000000
v -1.000000000 6.120000000 6.000000000
v -1.000000000 6.120000000 6.250000000
v -2.000000000 6.120000000 6.250000000
v -2.000000000 6.200000000 6.000000000
v -1.000000000 6.200000000 6.000000000
v -1.000000000 6.200000000 6.250000000
v -2.000000000 6.200000000 6.250000000
v -2.000000000 6.320000000 6.250000000
v -1.000000000 6.320000000 6.250000000
v -1.000000000 6.320000000 6.500000000
v -2.000000000 6.320000000 6.500000000
v -2.000000000 6.400000000 6.250000000
v -1.000000000 6.400000000 6.250000000
v -1.000000000 6.400000000 6.500000000
v -2.000000000 6.400000000 6.500000000
v -2.000000000 6.520000000 6.500000000
v -1.000000000 6.520000000 6.500000000
v -1.000000000 6.520000000 6.750000000
v -2.000000000 6.520000000 6.750000000
v -2.000000000 6.600000000 6.500000000
v -1.000000000 6.600000000 6.500000000
v -1.000000000 6.600000000 6.750000000
v -2.000000000 6.600000000 6.750000000
v -2.000000000 6.720000000 6.750000000
v -1.000000000 6.720000000 6.750000000
v -1.000000000 6.720000000 7.000000000
v -2.000000000 6.720000000 7.000000000
v -2.000000000 6.800000000 6.750000000
v -1.000000000 6.800000000 6.750000000
v -1.000000000 6.800000000 7.000000000
v -2.000000000 6.800000000 7.000000000
v -2.000000000 6.920000000 7.000000000
v -1.000000000 6.920000000 7.000000000
v -1.000000000 6.920000000 7.250000000
v -2.000000000 6.920000000 7.250000000
v -2.000000000 7.000000000 7.000000000
v -1.000000000 7.000000000 7.000000000
v -1.000000000 7.000000000 7.250000000
v -2.000000000 7.000000000 7.250000000
v -2.000000000 4.400000000 4.000000000
v -2.000000000 4.520000000 4.000000000
v -2.000000000 7.000000000 7.250000000
v -2.000000000 6.820000000 7.250000000
v -1.920000000 4.400000000 4.000000000
v -1.920000000 4.520000000 4.000000000
v -1.920000000 7.000000000 7.250000000
v -1.920000000 6.820000000 7.250000000
v -1.080000000 4.400000000 4.000000000
v -1.080000000 4.520000000 4.000000000
v -1.080000000 7.000000000 7.250000000
v -1.080000000 6.820000000 7.250000000
v -1.000000000 4.400000000 4.000000000
v -1.000000000 4.520000000 4.000000000
v -1.000000000 7.000000000 7.250000000
v -1.000000000 6.820000000 7.250000000
usemtl wood
f 9 2 1
f 10 9 1
f 19 20 11
f 12 19 11
f 8 3 2
f 9 8 2
f 18 19 12
f 13 18 12
f 7 4 3
f 8 7 3
f 17 18 13
f 14 17 13
f 6 5 4
f 7 6 4
f 16 17 14
f 15 16 14
f 1 2 12
f 1 12 11
f 2 3 13
f 2 13 12
f 3 4 14
f 3 14 13
f 4 5 15
f 4 15 14
f 5 6 16
f 5 16 15
f 6 7 17
f 6 17 16
f 7 8 18
f 7 18 17
f 8 9 19
f 8 19 18
f 9 10 20
f 9 20 19
f 10 1 11
f 10 11 20
f 29 22 21
f 30 29 21
f 39 40 31
f 32 39 31
f 28 23 22
f 29 28 22
f 38 39 32
f 33 38 32
f 27 24 23
f 28 27 23
f 37 38 33
f 34 37 33
f 26 25 24
f 27 26 24
f 36 37 34
f 35 36 34
f 21 22 32
f 21 32 31
f 22 23 33
f 22 33 32
f 23 24 34
f 23 34 33
f 24 25 35
f 24 35 34
f 25 26 36
f 25 36 35
f 26 27 37
f 26 37 36
f 27 28 38
f 27 38 37
f 28 29 39
f 28 39 38
f 29 30 40
f 29 40 39
f 30 21 31
f 30 31 40
f 49 42 41
f 50 49 41
f 59 60 51
f 52 59 51
f 48 43 42
f 49 48 42
f 58 59 52
f 53 58 52
f 47 44 43
f 48 47 43
f 57 58 53
f 54 57 53
f 46 45 44
f 47 46 44
f 56 57 54
f 55 56 54
f 41 42 52
f 41 52 51
f 42 43 53
f 42 53 52
f 43 44 54
f 43 54 53
f 44 45 55
f 44 55 54
f 45 46 56
f 45 56 55
f 46 47 57
f 46 57 56
f 47 48 58
f 47 58 57
f 48 49 59
f 48 59 58
f 49 50 60
f 49 60 59
f 50 41 51
f 50 51 60
f 69 62 61
f 70 69 61
f 79 80 71
f 72 79 71
f 68 63 62
f 69 68 62
f 78 79 72
f 73 78 72
f 67 64 63
f 68 67 63
f 77 78 73
f 74 77 73
f 66 65 64
f 67 66 64
f 76 77 74
f 75 76 74
f 61 62 72
f 61 72 71
f 62 63 73
f 62 73 72
f 63 64 74
f 63 74 73
f 64 65 75
f 64 75 74
f 65 66 76
f 65 76 75
f 66 67 77
f 66 77 76
f 67 68 78
f 67 78 77
f 68 69 79
f 68 79 78
f 69 70 80
f 69 80 79
f 70 61 71
f 70 71 80
f 89 82 81
f 90 89 81
f 99 100 91
f 92 99 91
f 88 83 82
f 89 88 82
f 98 99 92
f 93 98 92
f 87 84 83
f 88 87 83
f 97 98 93
f 94 97 93
f 86 85 84
f 87 86 84
f 96 97 94
f 95 96 94
f 81 82 92
f 81 92 91
f 82 83 93
f 82 93 92
f 83 84 94
f 83 94 93
f 84 85 95
f 84 95 94
f 85 86 96
f 85 96 95
f 86 87 97
f 86 97 96
f 87 88 98
f 87 98 97
f 88 89 99
f 88 99 98
f 89 90 100
f 89 100 99
f 90 81 91
f 90 91 100
f 109 102 101
f 110 109 101
f 119 120 111
f 112 119 111
f 108 103 102
f 109 108 102
f 118 119 112
f 113 118 112
f 107 104 103
f 108 107 103
f 117 118 113
f 114 117 113
f 106 105 104
f 107 106 104
f 116 117 114
f 115 116 114
f 101 102 112
f 101 112 111
f 102 103 113
f 102 113 112
f 103 104 114
f 103 114 113
f 104 105 115
f 104 115 114
f 105 106 116
f 105 116 115
f 106 107 117
f 106 117 116
f 107 108 118
f 107 118 117
f 108 109 119
f 108 119 118
f 109 110 120
f 109 120 119
f 110 101 111
f 110 111 120
f 125 126 127
f 124 125 127
f 123 124 127
f 122 123 127
f 121 122 127
f 130 129 128
f 131 130 128
f 132 131 128
f 133 132 128
f 134 133 128
f 129 122 121
f 128 129 121
f 130 123 122
f 129 130 122
f 131 124 123
f 130 131 123
f 132 125 124
f 131 132 124
f 133 126 125
f 132 133 125
f 134 127 126
f 133 134 126
f 128 121 127
f 134 128 127
f 143 136 135
f 144 143 135
f 153 154 145
f 146 153 145
f 142 137 136
f 143 142 136
f 152 153 146
f 147 152 146
f 141 138 137
f 142 141 137
f 151 152 147
f 148 151 147
f 140 139 138
f 141 140 138
f 150 151 148
f 149 150 148
f 135 136 146
f 135 146 145
f 136 137 147
f 136 147 146
f 137 138 148
f 137 148 147
f 138 139 149
f 138 149 148
f 139 140 150
f 139 150 149
f 140 141 151
f 140 151 150
f 141 142 152
f 141 152 151
f 142 143 153
f 142 153 152
f 143 144 154
f 143 154 153
f 144 135 145
f 144 145 154
f 163 156 155
f 164 163 155
f 173 174 165
f 166 173 165
f 162 157 156
f 163 162 156
f 172 173 166
f 167 172 166
f 161 158 157
f 162 161 157
f 171 172 167
f 168 171 167
f 160 159 158
f 161 160 158
f 170 171 168
f 169 170 168
f 155 156 166
f 155 166 165
f 156 157 167
f 156 167 166
f 157 158 168
f 157 168 167
f 158 159 169
f 158 169 168
f 159 160 170
f 159 170 169
f 160 161 171
f 160 171 170
f 161 162 172
f 161 172 171
f 162 163 173
f 162 173 172
f 163 164 174
f 163 174 173
f 164 155 165
f 164 165 174
f 176 177 178
f 175 176 178
f 181 180 179
f 182 181 179
f 180 176 175
f 179 180 175
f 181 177 176
f 180 181 176
f 182 178 177
f 181 182 177
f 179 175 178
f 182 179 178
f 191 184 183
f 192 191 183
f 201 202 193
f 194 201 193
f 190 185 184
f 191 190 184
f 200 201 194
f 195 200 194
f 189 186 185
f 190 189 185
f 199 200 195
f 196 199 195
f 188 187 186
f 189 188 186
f 198 199 196
f 197 198 196
f 183 184 194
f 183 194 193
f 184 185 195
f 184 195 194
f 185 186 196
f 185 196 195
f 186 187 197
f 186 197 196
f 187 188 198
f 187 198 197
f 188 189 199
f 188 199 198
f 189 190 200
f 189 200 199
f 190 191 201
f 190 201 200
f 191 192 202
f 191 202 201
f 192 183 193
f 192 193 202
f 211 204 203
f 212 211 203
f 221 222 213
f 214 221 213
f 210 205 204
f 211 210 204
f 220 221 214
f 215 220 214
f 209 206 205
f 210 209 205
f 219 220 215
f 216 219 215
f 208 207 206
f 209 208 206
f 218 219 216
f 217 218 216
f 203 204 214
f 203 214 213
f 204 205 215
f 204 215 214
f 205 206 216
f 205 216 215
f 206 207 217
f 206 217 216
f 207 208 218
f 207 218 217
f 208 209 219
f 208 219 218
f 209 210 220
f 209 220 219
f 210 211 221
f 210 221 220
f 211 212 222
f 211 222 221
f 212 203 213
f 212 213 222
f 224 225 226
f 223 224 226
f 229 228 227
f 230 229 227
f 228 224 223
f 227 228 223
f 229 225 224
f 228 229 224
f 230 226 225
f 229 230 225
f 227 223 226
f 230 227 226
f 239 232 231
f 240 239 231
f 249 250 241
f 242 249 241
f 238 233 232
f 239 238 232
f 248 249 242
f 243 248 242
f 237 234 233
f 238 237 233
f 247 248 243
f 244 247 243
f 236 235 234
f 237 236 234
f 246 247 244
f 245 246 244
f 231 232 242
f 231 242 241
f 232 233 243
f 232 243 242
f 233 234 244
f 233 244 243
f 234 235 245
f 234 245 244
f 235 236 246
f 235 246 245
f 236 237 247
f 236 247 246
f 237 238 248
f 237 248 247
f 238 239 249
f 238 249 248
f 239 240 250
f 239 250 249
f 240 231 241
f 240 241 250
f 259 252 251
f 260 259 251
f 269 270 261
f 262 269 261
f 258 253 252
f 259 258 252
f 268 269 262
f 263 268 262
f 257 254 253
f 258 257 253
f 267 268 263
f 264 267 263
f 256 255 254
f 257 256 254
f 266 267 264
f 265 266 264
f 251 252 262
f 251 262 261
f 252 253 263
f 252 263 262
f 253 254 264
f 253 264 263
f 254 255 265
f 254 265 264
f 255 256 266
f 255 266 265
f 256 257 267
f 256 267 266
f 257 258 268
f 257 268 267
f 258 259 269
f 258 269 268
f 259 260 270
f 259 270 269
f 260 251 261
f 260 261 270
f 272 273 274
f 271 272 274
f 277 276 275
f 278 277 275
f 276 272 271
f 275 276 271
f 277 273 272
f 276 277 272
f 278 274 273
f 277 278 273
f 275 271 274
f 278 275 274
f 287 280 279
f 288 287 279
f 297 298 289
f 290 297 289
f 286 281 280
f 287 286 280
f 296 297 290
f 291 296 290
f 285 282 281
f 286 285 281
f 295 296 291
f 292 295 291
f 284 283 282
f 285 284 282
f 294 295 292
f 293 294 292
f 279 280 290
f 279 290 289
f 280 281 291
f 280 291 290
f 281 282 292
f 281 292 291
f 282 283 293
f 282 293 292
f 283 284 294
f 283 294 293
f 284 285 295
f 284 295 294
f 285 286 296
f 285 296 295
f 286 287 297
f 286 297 296
f 287 288 298
f 287 298 297
f 288 279 289
f 288 289 298
f 307 300 299
f 308 307 299
f 317 318 309
f 310 317 309
f 306 301 300
f 307 306 300
f 316 317 310
f 311 316 310
f 305 302 301
f 306 305 301
f 315 316 311
f 312 315 311
f 304 303 302
f 305 304 302
f 314 315 312
f 313 314 312
f 299 300 310
f 299 310 309
f 300 301 311
f 300 311 310
f 301 302 312
f 301 312 311
f 302 303 313
f 302 313 312
f 303 304 314
f 303 314 313
f 304 305 315
f 304 315 314
f 305 306 316
f 305 316 315
f 306 307 317
f 306 317 316
f 307 308 318
f 307 318 317
f 308 299 309
f 308 309 318
f 320 321 322
f 319 320 322
f 325 324 323
f 326 325 323
f 324 320 319
f 323 324 319
f 325 321 320
f 324 325 320
f 326 322 321
f 325 326 321
f 323 319 322
f 326 323 322
f 335 328 327
f 336 335 327
f 345 346 337
f 338 345 337
f 334 329 328
f 335 334 328
f 344 345 338
f 339 344 338
f 333 330 329
f 334 333 329
f 343 344 339
f 340 343 339
f 332 331 330
f 333 332 330
f 342 343 340
f 341 342 340
f 327 328 338
f 327 338 337
f 328 329 339
f 328 339 338
f 329 330 340
f 329 340 339
f 330 331 341
f 330 341 340
f 331 332 342
f 331 342 341
f 332 333 343
f 332 343 342
f 333 334 344
f 333 344 343
f 334 335 345
f 334 345 344
f 335 336 346
f 335 346 345
f 336 327 337
f 336 337 346
f 355 348 347
f 356 355 347
f 365 366 357
f 358 365 357
f 354 349 348
f 355 354 348
f 364 365 358
f 359 364 358
f 353 350 349
f 354 353 349
f 363 364 359
f 360 363 359
f 352 351 350
f 353 352 350
f 362 363 360
f 361 362 360
f 347 348 358
f 347 358 357
f 348 349 359
f 348 359 358
f 349 350 360
f 349 360 359
f 350 351 361
f 350 361 360
f 351 352 362
f 351 362 361
f 352 353 363
f 352 363 362
f 353 354 364
f 353 364 363
f 354 355 365
f 354 365 364
f 355 356 366
f 355 366 365
f 356 347 357
f 356 357 366
f 375 368 367
f 376 375 367
f 385 386 377
f 378 385 377
f 374 369 368
f 375 374 368
f 384 385 378
f 379 384 378
f 373 370 369
f 374 373 369
f 383 384 379
f 380 383 379
f 372 371 370
f 373 372 370
f 382 383 380
f 381 382 380
f 367 368 378
f 367 378 377
f 368 369 379
f 368 379 378
f 369 370 380
f 369 380 379
f 370 371 381
f 370 381 380
f 371 372 382
f 371 382 381
f 372 373 383
f 372 383 382
f 373 374 384
f 373 384 383
f 374 375 385
f 374 385 384
f 375 376 386
f 375 386 385
f 376 367 377
f 376 377 386
f 395 388 387
f 396 395 387
f 405 406 397
f 398 405 397
f 394 389 388
f 395 394 388
f 404 405 398
f 399 404 398
f 393 390 389
f 394 393 389
f 403 404 399
f 400 403 399
f 392 391 390
f 393 392 390
f 402 403 400
f 401 402 400
f 387 388 398
f 387 398 397
f 388 389 399
f 388 399 398
f 389 390 400
f 389 400 399
f 390 391 401
f 390 401 400
f 391 392 402
f 391 402 401
f 392 393 403
f 392 403 402
f 393 394 404
f 393 404 403
f 394 395 405
f 394 405 404
f 395 396 406
f 395 406 405
f 396 387 397
f 396 397 406
f 415 408 407
f 416 415 407
f 425 426 417
f 418 425 417
f 414 409 408
f 415 414 408
f 424 425 418
f 419 424 418
f 413 410 409
f 414 413 409
f 423 424 419
f 420 423 419
f 412 411 410
f 413 412 410
f 422 423 420
f 421 422 420
f 407 408 418
f 407 418 417
f 408 409 419
f 408 419 418
f 409 410 420
f 409 420 419
f 410 411 421
f 410 421 420
f 411 412 422
f 411 422 421
f 412 413 423
f 412 423 422
f 413 414 424
f 413 424 423
f 414 415 425
f 414 425 424
f 415 416 426
f 415 426 425
f 416 407 417
f 416 417 426
f 435 428 427
f 436 435 427
f 445 446 437
f 438 445 437
f 434 429 428
f 435 434 428
f 444 445 438
f 439 444 438
f 433 430 429
f 434 433 429
f 443 444 439
f 440 443 439
f 432 431 430
f 433 432 430
f 442 443 440
f 441 442 440
f 427 428 438
f 427 438 437
f 428 429 439
f 428 439 438
f 429 430 440
f 429 440 439
f 430 431 441
f 430 441 440
f 431 432 442
f 431 442 441
f 432 433 443
f 432 443 442
f 433 434 444
f 433 444 443
f 434 435 445
f 434 445 444
f 435 436 446
f 435 446 445
f 436 427 437
f 436 437 446
f 455 448 447
f 456 455 447
f 465 466 457
f 458 465 457
f 454 449 448
f 455 454 448
f 464 465 458
f 459 464 458
f 453 450 449
f 454 453 449
f 463 464 459
f 460 463 459
f 452 451 450
f 453 452 450
f 462 463 460
f 461 462 460
f 447 448 458
f 447 458 457
f 448 449 459
f 448 459 458
f 449 450 460
f 449 460 459
f 450 451 461
f 450 461 460
f 451 452 462
f 451 462 461
f 452 453 463
f 452 463 462
f 453 454 464
f 453 464 463
f 454 455 465
f 454 465 464
f 455 456 466
f 455 466 465
f 456 447 457
f 456 457 466
f 475 468 467
f 476 475 467
f 485 486 477
f 478 485 477
f 474 469 468
f 475 474 468
f 484 485 478
f 479 484 478
f 473 470 469
f 474 473 469
f 483 484 479
f 480 483 479
f 472 471 470
f 473 472 470
f 482 483 480
f 481 482 480
f 467 468 478
f 467 478 477
f 468 469 479
f 468 479 478
f 469 470 480
f 469 480 479
f 470 471 481
f 470 481 480
f 471 472 482
f 471 482 481
f 472 473 483
f 472 483 482
f 473 474 484
f 473 484 483
f 474 475 485
f 474 485 484
f 475 476 486
f 475 486 485
f 476 467 477
f 476 477 486
f 495 488 487
f 496 495 487
f 505 506 497
f 498 505 497
f 494 489 488
f 495 494 488
f 504 505 498
f 499 504 498
f 493 490 489
f 494 493 489
f 503 504 499
f 500 503 499
f 492 491 490
f 493 492 490
f 502 503 500
f 501 502 500
f 487 488 498
f 487 498 497
f 488 489 499
f 488 499 498
f 489 490 500
f 489 500 499
f 490 491 501
f 490 501 500
f 491 492 502
f 491 502 501
f 492 493 503
f 492 503 502
f 493 494 504
f 493 504 503
f 494 495 505
f 494 505 504
f 495 496 506
f 495 506 505
f 496 487 497
f 496 497 506
f 515 508 507
f 516 515 507
f 525 526 517
f 518 525 517
f 514 509 508
f 515 514 508
f 524 525 518
f 519 524 518
f 513 510 509
f 514 513 509
f 523 524 519
f 520 523 519
f 512 511 510
f 513 512 510
f 522 523 520
f 521 522 520
f 507 508 518
f 507 518 517
f 508 509 519
f 508 519 518
f 509 510 520
f 509 520 519
f 510 511 521
f 510 521 520
f 511 512 522
f 511 522 521
f 512 513 523
f 512 523 522
f 513 514 524
f 513 524 523
f 514 515 525
f 514 525 524
f 515 516 526
f 515 526 525
f 516 507 517
f 516 517 526
f 535 528 527
f 536 535 527
f 545 546 537
f 538 545 537
f 534 529 528
f 535 534 528
f 544 545 538
f 539 544 538
f 533 530 529
f 534 533 529
f 543 544 539
f 540 543 539
f 532 531 530
f 533 532 530
f 542 543 540
f 541 542 540
f 527 528 538
f 527 538 537
f 528 529 539
f 528 539 538
f 529 530 540
f 529 540 539
f 530 531 541
f 530 541 540
f 531 532 542
f 531 542 541
f 532 533 543
f 532 543 542
f 533 534 544
f 533 544 543
f 534 535 545
f 534 545 544
f 535 536 546
f 535 546 545
f 536 527 537
f 536 537 546
f 555 548 547
f 556 555 547
f 565 566 557
f 558 565 557
f 554 549 548
f 555 554 548
f 564 565 558
f 559 564 558
f 553 550 549
f 554 553 549
f 563 564 559
f 560 563 559
f 552 551 550
f 553 552 550
f 562 563 560
f 561 562 560
f 547 548 558
f 547 558 557
f 548 549 559
f 548 559 558
f 549 550 560
f 549 560 559
f 550 551 561
f 550 561 560
f 551 552 562
f 551 562 561
f 552 553 563
f 552 563 562
f 553 554 564
f 553 564 563
f 554 555 565
f 554 565 564
f 555 556 566
f 555 566 565
f 556 547 557
f 556 557 566
f 575 568 567
f 576 575 567
f 585 586 577
f 578 585 577
f 574 569 568
f 575 574 568
f 584 585 578
f 579 584 578
f 573 570 569
f 574 573 569
f 583 584 579
f 580 583 579
f 572 571 570
f 573 572 570
f 582 583 580
f 581 582 580
f 567 568 578
f 567 578 577
f 568 569 579
f 568 579 578
f 569 570 580
f 569 580 579
f 570 571 581
f 570 581 580
f 571 572 582
f 571 582 581
f 572 573 583
f 572 583 582
f 573 574 584
f 573 584 583
f 574 575 585
f 574 585 584
f 575 576 586
f 575 586 585
f 576 567 577
f 576 577 586
f 595 588 587
f 596 595 587
f 605 606 597
f 598 605 597
f 594 589 588
f 595 594 588
f 604 605 598
f 599 604 598
f 593 590 589
f 594 593 589
f 603 604 599
f 600 603 599
f 592 591 590
f 593 592 590
f 602 603 600
f 601 602 600
f 587 588 598
f 587 598 597
f 588 589 599
f 588 599 598
f 589 590 600
f 589 600 599
f 590 591 601
f 590 601 600
f 591 592 602
f 591 602 601
f 592 593 603
f 592 603 602
f 593 594 604
f 593 604 603
f 594 595 605
f 594 605 604
f 595 596 606
f 595 606 605
f 596 587 597
f 596 597 606
f 615 608 607
f 616 615 607
f 625 626 617
f 618 625 617
f 614 609 608
f 615 614 608
f 624 625 618
f 619 624 618
f 613 610 609
f 614 613 609
f 623 624 619
f 620 623 619
f 612 611 610
f 613 612 610
f 622 623 620
f 621 622 620
f 607 608 618
f 607 618 617
f 608 609 619
f 608 619 618
f 609 610 620
f 609 620 619
f 610 611 621
f 610 621 620
f 611 612 622
f 611 622 621
f 612 613 623
f 612 623 622
f 613 614 624
f 613 624 623
f 614 615 625
f 614 625 624
f 615 616 626
f 615 626 625
f 616 607 617
f 616 617 626
f 635 628 627
f 636 635 627
f 645 646 637
f 638 645 637
f 634 629 628
f 635 634 628
f 644 645 638
f 639 644 638
f 633 630 629
f 634 633 629
f 643 644 639
f 640 643 639
f 632 631 630
f 633 632 630
f 642 643 640
f 641 642 640
f 627 628 638
f 627 638 637
f 628 629 639
f 628 639 638
f 629 630 640
f 629 640 639
f 630 631 641
f 630 641 640
f 631 632 642
f 631 642 641
f 632 633 643
f 632 643 642
f 633 634 644
f 633 644 643
f 634 635 645
f 634 645 644
f 635 636 646
f 635 646 645
f 636 627 637
f 636 637 646
f 661 662 663
f 660 661 663
f 659 660 663
f 658 659 663
f 657 658 663
f 656 657 663
f 655 656 663
f 654 655 663
f 653 654 663
f 652 653 663
f 651 652 663
f 650 651 663
f 649 650 663
f 648 649 663
f 647 648 663
f 666 665 664
f 667 666 664
f 668 667 664
f 669 668 664
f 670 669 664
f 671 670 664
f 672 671 664
f 673 672 664
f 674 673 664
f 675 674 664
f 676 675 664
f 677 676 664
f 678 677 664
f 679 678 664
f 680 679 664
f 665 648 647
f 664 665 647
f 666 649 648
f 665 666 648
f 667 650 649
f 666 667 649
f 668 651 650
f 667 668 650
f 669 652 651
f 668 669 651
f 670 653 652
f 669 670 652
f 671 654 653
f 670 671 653
f 672 655 654
f 671 672 654
f 673 656 655
f 672 673 655
f 674 657 656
f 673 674 656
f 675 658 657
f 674 675 657
f 676 659 658
f 675 676 658
f 677 660 659
f 676 677 659
f 678 661 660
f 677 678 660
f 679 662 661
f 678 679 661
f 680 663 662
f 679 680 662
f 664 647 663
f 680 664 663
f 682 683 684
f 681 682 684
f 687 686 685
f 688 687 685
f 686 682 681
f 685 686 681
f 687 683 682
f 686 687 682
f 688 684 683
f 687 688 683
f 685 681 684
f 688 685 684
f 690 691 692
f 689 690 692
f 695 694 693
f 696 695 693
f 694 690 689
f 693 694 689
f 695 691 690
f 694 695 690
f 696 692 691
f 695 696 691
f 693 689 692
f 696 693 692
f 698 699 700
f 697 698 700
f 703 702 701
f 704 703 701
f 702 698 697
f 701 702 697
f 703 699 698
f 702 703 698
f 704 700 699
f 703 704 699
f 701 697 700
f 704 701 700
f 706 707 708
f 705 706 708
f 711 710 709
f 712 711 709
f 710 706 705
f 709 710 705
f 711 707 706
f 710 711 706
f 712 708 707
f 711 712 707
f 709 705 708
f 712 709 708
f 714 715 716
f 713 714 716
f 719 718 717
f 720 719 717
f 718 714 713
f 717 718 713
f 719 715 714
f 718 719 714
f 720 716 715
f 719 720 715
f 717 713 716
f 720 717 716
f 722 723 724
f 721 722 724
f 727 726 725
f 728 727 725
f 726 722 721
f 725 726 721
f 727 723 722
f 726 727 722
f 728 724 723
f 727 728 723
f 725 721 724
f 728 725 724
f 730 731 732
f 729 730 732
f 735 734 733
f 736 735 733
f 734 730 729
f 733 734 729
f 735 731 730
f 734 735 730
f 736 732 731
f 735 736 731
f 733 729 732
f 736 733 732
f 738 739 740
f 737 738 740
f 743 742 741
f 744 743 741
f 742 738 737
f 741 742 737
f 743 739 738
f 742 743 738
f 744 740 739
f 743 744 739
f 741 737 740
f 744 741 740
f 746 747 748
f 745 746 748
f 751 750 749
f 752 751 749
f 750 746 745
f 749 750 745
f 751 747 746
f 750 751 746
f 752 748 747
f 751 752 747
f 749 745 748
f 752 749 748
f 754 755 756
f 753 754 756
f 759 758 757
f 760 759 757
f 758 754 753
f 757 758 753
f 759 755 754
f 758 759 754
f 760 756 755
f 759 760 755
f 757 753 756
f 760 757 756
f 762 763 764
f 761 762 764
f 767 766 765
f 768 767 765
f 766 762 761
f 765 766 761
f 767 763 762
f 766 767 762
f 768 764 763
f 767 768 763
f 765 761 764
f 768 765 764
f 770 771 772
f 769 770 772
f 775 774 773
f 776 775 773
f 774 770 769
f 773 774 769
f 775 771 770
f 774 775 770
f 776 772 771
f 775 776 771
f 773 769 772
f 776 773 772
f 778 779 780
f 777 778 780
f 783 782 781
f 784 783 781
f 782 778 777
f 781 782 777
f 783 779 778
f 782 783 778
f 784 780 779
f 783 784 779
f 781 777 780
f 784 781 780
f 786 787 788
f 785 786 788
f 791 790 789
f 792 791 789
f 790 786 785
f 789 790 785
f 791 787 786
f 790 791 786
f 792 788 787
f 791 792 787
f 789 785 788
f 792 789 788
f 794 795 796
f 793 794 796
f 799 798 797
f 800 799 797
f 798 794 793
f 797 798 793
f 799 795 794
f 798 799 794
f 800 796 795
f 799 800 795
f 797 793 796
f 800 797 796
f 802 803 804
f 801 802 804
f 807 806 805
f 808 807 805
f 806 802 801
f 805 806 801
f 807 803 802
f 806 807 802
f 808 804 803
f 807 808 803
f 805 801 804
f 808 805 804
f 810 811 812
f 809 810 812
f 815 814 813
f 816 815 813
f 814 810 809
f 813 814 809
f 815 811 810
f 814 815 810
f 816 812 811
f 815 816 811
f 813 809 812
f 816 813 812
f 818 819 820
f 817 818 820
f 823 822 821
f 824 823 821
f 822 818 817
f 821 822 817
f 823 819 818
f 822 823 818
f 824 820 819
f 823 824 819
f 821 817 820
f 824 821 820
f 826 827 828
f 825 826 828
f 831 830 829
f 832 831 829
f 830 826 825
f 829 830 825
f 831 827 826
f 830 831 826
f 832 828 827
f 831 832 827
f 829 825 828
f 832 829 828
f 834 835 836
f 833 834 836
f 839 838 837
f 840 839 837
f 838 834 833
f 837 838 833
f 839 835 834
f 838 839 834
f 840 836 835
f 839 840 835
f 837 833 836
f 840 837 836
f 842 843 844
f 841 842 844
f 847 846 845
f 848 847 845
f 846 842 841
f 845 846 841
f 847 843 842
f 846 847 842
f 848 844 843
f 847 848 843
f 845 841 844
f 848 845 844
f 850 851 852
f 849 850 852
f 855 854 853
f 856 855 853
f 854 850 849
f 853 854 849
f 855 851 850
f 854 855 850
f 856 852 851
f 855 856 851
f 853 849 852
f 856 853 852
f 858 859 860
f 857 858 860
f 863 862 861
f 864 863 861
f 862 858 857
f 861 862 857
f 863 859 858
f 862 863 858
f 864 860 859
f 863 864 859
f 861 857 860
f 864 861 860
f 866 867 868
f 865 866 868
f 871 870 869
f 872 871 869
f 870 866 865
f 869 870 865
f 871 867 866
f 870 871 866
f 872 868 867
f 871 872 867
f 869 865 868
f 872 869 868
f 874 875 876
f 873 874 876
f 879 878 877
f 880 879 877
f 878 874 873
f 877 878 873
f 879 875 874
f 878 879 874
f 880 876 875
f 879 880 875
f 877 873 876
f 880 877 876
f 882 883 884
f 881 882 884
f 887 886 885
f 888 887 885
f 886 882 881
f 885 886 881
f 887 883 882
f 886 887 882
f 888 884 883
f 887 888 883
f 885 881 884
f 888 885 884
f 890 891 892
f 889 890 892
f 895 894 893
f 896 895 893
f 894 890 889
f 893 894 889
f 895 891 890
f 894 895 890
f 896 892 891
f 895 896 891
f 893 889 892
f 896 893 892
f 898 899 900
f 897 898 900
f 903 902 901
f 904 903 901
f 902 898 897
f 901 902 897
f 903 899 898
f 902 903 898
f 904 900 899
f 903 904 899
f 901 897 900
f 904 901 900
f 906 907 908
f 905 906 908
f 911 910 909
f 912 911 909
f 910 906 905
f 909 910 905
f 911 907 906
f 910 911 906
f 912 908 907
f 911 912 907
f 909 905 908
f 912 909 908
f 914 915 916
f 913 914 916
f 919 918 917
f 920 919 917
f 918 914 913
f 917 918 913
f 919 915 914
f 918 919 914
f 920 916 915
f 919 920 915
f 917 913 916
f 920 917 916
f 922 923 924
f 921 922 924
f 927 926 925
f 928 927 925
f 926 922 921
f 925 926 921
f 927 923 922
f 926 927 922
f 928 924 923
f 927 928 923
f 925 921 924
f 928 925 924
f 930 931 932
f 929 930 932
f 935 934 933
f 936 935 933
f 934 930 929
f 933 934 929
f 935 931 930
f 934 935 930
f 936 932 931
f 935 936 931
f 933 929 932
f 936 933 932
f 938 939 940
f 937 938 940
f 943 942 941
f 944 943 941
f 942 938 937
f 941 942 937
f 943 939 938
f 942 943 938
f 944 940 939
f 943 944 939
f 941 937 940
f 944 941 940
f 946 947 948
f 945 946 948
f 951 950 949
f 952 951 949
f 950 946 945
f 949 950 945
f 951 947 946
f 950 951 946
f 952 948 947
f 951 952 947
f 949 945 948
f 952 949 948
f 954 955 956
f 953 954 956
f 959 958 957
f 960 959 957
f 958 954 953
f 957 958 953
f 959 955 954
f 958 959 954
f 960 956 955
f 959 960 955
f 957 953 956
f 960 957 956
f 962 963 964
f 961 962 964
f 967 966 965
f 968 967 965
f 966 962 961
f 965 966 961
f 967 963 962
f 966 967 962
f 968 964 963
f 967 968 963
f 965 961 964
f 968 965 964
f 970 971 972
f 969 970 972
f 975 974 973
f 976 975 973
f 974 970 969
f 973 974 969
f 975 971 970
f 974 975 970
f 976 972 971
f 975 976 971
f 973 969 972
f 976 973 972
f 978 979 980
f 977 978 980
f 983 982 981
f 984 983 981
f 982 978 977
f 981 982 977
f 983 979 978
f 982 983 978
f 984 980 979
f 983 984 979
f 981 977 980
f 984 981 980
f 986 987 988
f 985 986 988
f 991 990 989
f 992 991 989
f 990 986 985
f 989 990 985
f 991 987 986
f 990 991 986
f 992 988 987
f 991 992 987
f 989 985 988
f 992 989 988
f 994 995 996
f 993 994 996
f 999 998 997
f 1000 999 997
f 998 994 993
f 997 998 993
f 999 995 994
f 998 999 994
f 1000 996 995
f 999 1000 995
f 997 993 996
f 1000 997 996
f 1002 1003 1004
f 1001 1002 1004
f 1007 1006 1005
f 1008 1007 1005
f 1006 1002 1001
f 1005 1006 1001
f 1007 1003 1002
f 1006 1007 1002
f 1008 1004 1003
f 1007 1008 1003
f 1005 1001 1004
f 1008 1005 1004
f 1010 1011 1012
f 1009 1010 1012
f 1015 1014 1013
f 1016 1015 1013
f 1014 1010 1009
f 1013 1014 1009
f 1015 1011 1010
f 1014 1015 1010
f 1016 1012 1011
f 1015 1016 1011
f 1013 1009 1012
f 1016 1013 1012
f 1018 1019 1020
f 1017 1018 1020
f 1023 1022 1021
f 1024 1023 1021
f 1022 1018 1017
f 1021 1022 1017
f 1023 1019 1018
f 1022 1023 1018
f 1024 1020 1019
f 1023 1024 1019
f 1021 1017 1020
f 1024 1021 1020
f 1026 1027 1028
f 1025 1026 1028
f 1031 1030 1029
f 1032 1031 1029
f 1030 1026 1025
f 1029 1030 1025
f 1031 1027 1026
f 1030 1031 1026
f 1032 1028 1027
f 1031 1032 1027
f 1029 1025 1028
f 1032 1029 1028
f 1034 1035 1036
f 1033 1034 1036
f 1039 1038 1037
f 1040 1039 1037
f 1038 1034 1033
f 1037 1038 1033
f 1039 1035 1034
f 1038 1039 1034
f 1040 1036 1035
f 1039 1040 1035
f 1037 1033 1036
f 1040 1037 1036
f 1042 1043 1044
f 1041 1042 1044
f 1047 1046 1045
f 1048 1047 1045
f 1046 1042 1041
f 1045 1046 1041
f 1047 1043 1042
f 1046 1047 1042
f 1048 1044 1043
f 1047 1048 1043
f 1045 1041 1044
f 1048 1045 1044
f 1050 1051 1052
f 1049 1050 1052
f 1055 1054 1053
f 1056 1055 1053
f 1054 1050 1049
f 1053 1054 1049
f 1055 1051 1050
f 1054 1055 1050
f 1056 1052 1051
f 1055 1056 1051
f 1053 1049 1052
f 1056 1053 1052
f 1058 1059 1060
f 1057 1058 1060
f 1063 1062 1061
f 1064 1063 1061
f 1062 1058 1057
f 1061 1062 1057
f 1063 1059 1058
f 1062 1063 1058
f 1064 1060 1059
f 1063 1064 1059
f 1061 1057 1060
f 1064 1061 1060
f 1066 1067 1068
f 1065 1066 1068
f 1071 1070 1069
f 1072 1071 1069
f 1070 1066 1065
f 1069 1070 1065
f 1071 1067 1066
f 1070 1071 1066
f 1072 1068 1067
f 1071 1072 1067
f 1069 1065 1068
f 1072 1069 1068
f 1074 1075 1076
f 1073 1074 1076
f 1079 1078 1077
f 1080 1079 1077
f 1078 1074 1073
f 1077 1078 1073
f 1079 1075 1074
f 1078 1079 1074
f 1080 1076 1075
f 1079 1080 1075
f 1077 1073 1076
f 1080 1077 1076
f 1082 1083 1084
f 1081 1082 1084
f 1087 1086 1085
f 1088 1087 1085
f 1086 1082 1081
f 1085 1086 1081
f 1087 1083 1082
f 1086 1087 1082
f 1088 1084 1083
f 1087 1088 1083
f 1085 1081 1084
f 1088 1085 1084
f 1090 1091 1092
f 1089 1090 1092
f 1095 1094 1093
f 1096 1095 1093
f 1094 1090 1089
f 1093 1094 1089
f 1095 1091 1090
f 1094 1095 1090
f 1096 1092 1091
f 1095 1096 1091
f 1093 1089 1092
f 1096 1093 1092
f 1098 1099 1100
f 1097 1098 1100
f 1103 1102 1101
f 1104 1103 1101
f 1102 1098 1097
f 1101 1102 1097
f 1103 1099 1098
f 1102 1103 1098
f 1104 1100 1099
f 1103 1104 1099
f 1101 1097 1100
f 1104 1101 1100
f 1106 1107 1108
f 1105 1106 1108
f 1111 1110 1109
f 1112 1111 1109
f 1110 1106 1105
f 1109 1110 1105
f 1111 1107 1106
f 1110 1111 1106
f 1112 1108 1107
f 1111 1112 1107
f 1109 1105 1108
f 1112 1109 1108
f 1114 1115 1116
f 1113 1114 1116
f 1119 1118 1117
f 1120 1119 1117
f 1118 1114 1113
f 1117 1118 1113
f 1119 1115 1114
f 1118 1119 1114
f 1120 1116 1115
f 1119 1120 1115
f 1117 1113 1116
f 1120 1117 1116
f 1122 1123 1124
f 1121 1122 1124
f 1127 1126 1125
f 1128 1127 1125
f 1126 1122 1121
f 1125 1126 1121
f 1127 1123 1122
f 1126 1127 1122
f 1128 1124 1123
f 1127 1128 1123
f 1125 1121 1124
f 1128 1125 1124
f 1130 1131 1132
f 1129 1130 1132
f 1135 1134 1133
f 1136 1135 1133
f 1134 1130 1129
f 1133 1134 1129
f 1135 1131 1130
f 1134 1135 1130
f 1136 1132 1131
f 1135 1136 1131
f 1133 1129 1132
f 1136 1133 1132
f 1138 1139 1140
f 1137 1138 1140
f 1143 1142 1141
f 1144 1143 1141
f 1142 1138 1137
f 1141 1142 1137
f 1143 1139 1138
f 1142 1143 1138
f 1144 1140 1139
f 1143 1144 1139
f 1141 1137 1140
f 1144 1141 1140
f 1146 1147 1148
f 1145 1146 1148
f 1151 1150 1149
f 1152 1151 1149
f 1150 1146 1145
f 1149 1150 1145
f 1151 1147 1146
f 1150 1151 1146
f 1152 1148 1147
f 1151 1152 1147
f 1149 1145 1148
f 1152 1149 1148
f 1154 1155 1156
f 1153 1154 1156
f 1159 1158 1157
f 1160 1159 1157
f 1158 1154 1153
f 1157 1158 1153
f 1159 1155 1154
f 1158 1159 1154
f 1160 1156 1155
f 1159 1160 1155
f 1157 1153 1156
f 1160 1157 1156
f 1162 1163 1164
f 1161 1162 1164
f 1167 1166 1165
f 1168 1167 1165
f 1166 1162 1161
f 1165 1166 1161
f 1167 1163 1162
f 1166 1167 1162
f 1168 1164 1163
f 1167 1168 1163
f 1165 1161 1164
f 1168 1165 1164
f 1170 1171 1172
f 1169 1170 1172
f 1175 1174 1173
f 1176 1175 1173
f 1174 1170 1169
f 1173 1174 1169
f 1175 1171 1170
f 1174 1175 1170
f 1176 1172 1171
f 1175 1176 1171
f 1173 1169 1172
f 1176 1173 1172
f 1178 1179 1180
f 1177 1178 1180
f 1183 1182 1181
f 1184 1183 1181
f 1182 1178 1177
f 1181 1182 1177
f 1183 1179 1178
f 1182 1183 1178
f 1184 1180 1179
f 1183 1184 1179
f 1181 1177 1180
f 1184 1181 1180
f 1186 1187 1188
f 1185 1186 1188
f 1191 1190 1189
f 1192 1191 1189
f 1190 1186 1185
f 1189 1190 1185
f 1191 1187 1186
f 1190 1191 1186
f 1192 1188 1187
f 1191 1192 1187
f 1189 1185 1188
f 1192 1189 1188
f 1194 1195 1196
f 1193 1194 1196
f 1199 1198 1197
f 1200 1199 1197
f 1198 1194 1193
f 1197 1198 1193
f 1199 1195 1194
f 1198 1199 1194
f 1200 1196 1195
f 1199 1200 1195
f 1197 1193 1196
f 1200 1197 1196
f 1202 1203 1204
f 1201 1202 1204
f 1207 1206 1205
f 1208 1207 1205
f 1206 1202 1201
f 1205 1206 1201
f 1207 1203 1202
f 1206 1207 1202
f 1208 1204 1203
f 1207 1208 1203
f 1205 1201 1204
f 1208 1205 1204
f 1210 1211 1212
f 1209 1210 1212
f 1215 1214 1213
f 1216 1215 1213
f 1214 1210 1209
f 1213 1214 1209
f 1215 1211 1210
f 1214 1215 1210
f 1216 1212 1211
f 1215 1216 1211
f 1213 1209 1212
f 1216 1213 1212
f 1218 1219 1220
f 1217 1218 1220
f 1223 1222 1221
f 1224 1223 1221
f 1222 1218 1217
f 1221 1222 1217
f 1223 1219 1218
f 1222 1223 1218
f 1224 1220 1219
f 1223 1224 1219
f 1221 1217 1220
f 1224 1221 1220
f 1226 1227 1228
f 1225 1226 1228
f 1231 1230 1229
f 1232 1231 1229
f 1230 1226 1225
f 1229 1230 1225
f 1231 1227 1226
f 1230 1231 1226
f 1232 1228 1227
f 1231 1232 1227
f 1229 1225 1228
f 1232 1229 1228
f 1234 1235 1236
f 1233 1234 1236
f 1239 1238 1237
f 1240 1239 1237
f 1238 1234 1233
f 1237 1238 1233
f 1239 1235 1234
f 1238 1239 1234
f 1240 1236 1235
f 1239 1240 1235
f 1237 1233 1236
f 1240 1237 1236
f 1242 1243 1244
f 1241 1242 1244
f 1247 1246 1245
f 1248 1247 1245
f 1246 1242 1241
f 1245 1246 1241
f 1247 1243 1242
f 1246 1247 1242
f 1248 1244 1243
f 1247 1248 1243
f 1245 1241 1244
f 1248 1245 1244
f 1250 1251 1252
f 1249 1250 1252
f 1255 1254 1253
f 1256 1255 1253
f 1254 1250 1249
f 1253 1254 1249
f 1255 1251 1250
f 1254 1255 1250
f 1256 1252 1251
f 1255 1256 1251
f 1253 1249 1252
f 1256 1253 1252
f 1258 1259 1260
f 1257 1258 1260
f 1263 1262 1261
f 1264 1263 1261
f 1262 1258 1257
f 1261 1262 1257
f 1263 1259 1258
f 1262 1263 1258
f 1264 1260 1259
f 1263 1264 1259
f 1261 1257 1260
f 1264 1261 1260
f 1266 1267 1268
f 1265 1266 1268
f 1271 1270 1269
f 1272 1271 1269
f 1270 1266 1265
f 1269 1270 1265
f 1271 1267 1266
f 1270 1271 1266
f 1272 1268 1267
f 1271 1272 1267
f 1269 1265 1268
f 1272 1269 1268
f 1274 1275 1276
f 1273 1274 1276
f 1279 1278 1277
f 1280 1279 1277
f 1278 1274 1273
f 1277 1278 1273
f 1279 1275 1274
f 1278 1279 1274
f 1280 1276 1275
f 1279 1280 1275
f 1277 1273 1276
f 1280 1277 1276
f 1282 1283 1284
f 1281 1282 1284
f 1287 1286 1285
f 1288 1287 1285
f 1286 1282 1281
f 1285 1286 1281
f 1287 1283 1282
f 1286 1287 1282
f 1288 1284 1283
f 1287 1288 1283
f 1285 1281 1284
f 1288 1285 1284
f 1290 1291 1292
f 1289 1290 1292
f 1295 1294 1293
f 1296 1295 1293
f 1294 1290 1289
f 1293 1294 1289
f 1295 1291 1290
f 1294 1295 1290
f 1296 1292 1291
f 1295 1296 1291
f 1293 1289 1292
f 1296 1293 1292
f 1298 1299 1300
f 1297 1298 1300
f 1303 1302 1301
f 1304 1303 1301
f 1302 1298 1297
f 1301 1302 1297
f 1303 1299 1298
f 1302 1303 1298
f 1304 1300 1299
f 1303 1304 1299
f 1301 1297 1300
f 1304 1301 1300
f 1306 1307 1308
f 1305 1306 1308
f 1311 1310 1309
f 1312 1311 1309
f 1310 1306 1305
f 1309 1310 1305
f 1311 1307 1306
f 1310 1311 1306
f 1312 1308 1307
f 1311 1312 1307
f 1309 1305 1308
f 1312 1309 1308
f 1314 1315 1316
f 1313 1314 1316
f 1319 1318 1317
f 1320 1319 1317
f 1318 1314 1313
f 1317 1318 1313
f 1319 1315 1314
f 1318 1319 1314
f 1320 1316 1315
f 1319 1320 1315
f 1317 1313 1316
f 1320 1317 1316
f 1322 1323 1324
f 1321 1322 1324
f 1327 1326 1325
f 1328 1327 1325
f 1326 1322 1321
f 1325 1326 1321
f 1327 1323 1322
f 1326 1327 1322
f 1328 1324 1323
f 1327 1328 1323
f 1325 1321 1324
f 1328 1325 1324
f 1330 1331 1332
f 1329 1330 1332
f 1335 1334 1333
f 1336 1335 1333
f 1334 1330 1329
f 1333 1334 1329
f 1335 1331 1330
f 1334 1335 1330
f 1336 1332 1331
f 1335 1336 1331
f 1333 1329 1332
f 1336 1333 1332
f 1338 1339 1340
f 1337 1338 1340
f 1343 1342 1341
f 1344 1343 1341
f 1342 1338 1337
f 1341 1342 1337
f 1343 1339 1338
f 1342 1343 1338
f 1344 1340 1339
f 1343 1344 1339
f 1341 1337 1340
f 1344 1341 1340
f 1346 1347 1348
f 1345 1346 1348
f 1351 1350 1349
f 1352 1351 1349
f 1350 1346 1345
f 1349 1350 1345
f 1351 1347 1346
f 1350 1351 1346
f 1352 1348 1347
f 1351 1352 1347
f 1349 1345 1348
f 1352 1349 1348
f 1354 1355 1356
f 1353 1354 1356
f 1359 1358 1357
f 1360 1359 1357
f 1358 1354 1353
f 1357 1358 1353
f 1359 1355 1354
f 1358 1359 1354
f 1360 1356 1355
f 1359 1360 1355
f 1357 1353 1356
f 1360 1357 1356
f 1362 1363 1364
f 1361 1362 1364
f 1367 1366 1365
f 1368 1367 1365
f 1366 1362 1361
f 1365 1366 1361
f 1367 1363 1362
f 1366 1367 1362
f 1368 1364 1363
f 1367 1368 1363
f 1365 1361 1364
f 1368 1365 1364
f 1370 1371 1372
f 1369 1370 1372
f 1375 1374 1373
f 1376 1375 1373
f 1374 1370 1369
f 1373 1374 1369
f 1375 1371 1370
f 1374 1375 1370
f 1376 1372 1371
f 1375 1376 1371
f 1373 1369 1372
f 1376 1373 1372
f 1378 1379 1380
f 1377 1378 1380
f 1383 1382 1381
f 1384 1383 1381
f 1382 1378 1377
f 1381 1382 1377
f 1383 1379 1378
f 1382 1383 1378
f 1384 1380 1379
f 1383 1384 1379
f 1381 1377 1380
f 1384 1381 1380
f 1386 1387 1388
f 1385 1386 1388
f 1391 1390 1389
f 1392 1391 1389
f 1390 1386 1385
f 1389 1390 1385
f 1391 1387 1386
f 1390 1391 1386
f 1392 1388 1387
f 1391 1392 1387
f 1389 1385 1388
f 1392 1389 1388
f 1394 1395 1396
f 1393 1394 1396
f 1399 1398 1397
f 1400 1399 1397
f 1398 1394 1393
f 1397 1398 1393
f 1399 1395 1394
f 1398 1399 1394
f 1400 1396 1395
f 1399 1400 1395
f 1397 1393 1396
f 1400 1397 1396
f 1402 1403 1404
f 1401 1402 1404
f 1407 1406 1405
f 1408 1407 1405
f 1406 1402 1401
f 1405 1406 1401
f 1407 1403 1402
f 1406 1407 1402
f 1408 1404 1403
f 1407 1408 1403
f 1405 1401 1404
f 1408 1405 1404
f 1410 1411 1412
f 1409 1410 1412
f 1415 1414 1413
f 1416 1415 1413
f 1414 1410 1409
f 1413 1414 1409
f 1415 1411 1410
f 1414 1415 1410
f 1416 1412 1411
f 1415 1416 1411
f 1413 1409 1412
f 1416 1413 1412
f 1418 1419 1420
f 1417 1418 1420
f 1423 1422 1421
f 1424 1423 1421
f 1422 1418 1417
f 1421 1422 1417
f 1423 1419 1418
f 1422 1423 1418
f 1424 1420 1419
f 1423 1424 1419
f 1421 1417 1420
f 1424 1421 1420
f 1426 1427 1428
f 1425 1426 1428
f 1431 1430 1429
f 1432 1431 1429
f 1430 1426 1425
f 1429 1430 1425
f 1431 1427 1426
f 1430 1431 1426
f 1432 1428 1427
f 1431 1432 1427
f 1429 1425 1428
f 1432 1429 1428
f 1434 1435 1436
f 1433 1434 1436
f 1439 1438 1437
f 1440 1439 1437
f 1438 1434 1433
f 1437 1438 1433
f 1439 1435 1434
f 1438 1439 1434
f 1440 1436 1435
f 1439 1440 1435
f 1437 1433 1436
f 1440 1437 1436
f 1442 1443 1444
f 1441 1442 1444
f 1447 1446 1445
f 1448 1447 1445
f 1446 1442 1441
f 1445 1446 1441
f 1447 1443 1442
f 1446 1447 1442
f 1448 1444 1443
f 1447 1448 1443
f 1445 1441 1444
f 1448 1445 1444
f 1450 1451 1452
f 1449 1450 1452
f 1455 1454 1453
f 1456 1455 1453
f 1454 1450 1449
f 1453 1454 1449
f 1455 1451 1450
f 1454 1455 1450
f 1456 1452 1451
f 1455 1456 1451
f 1453 1449 1452
f 1456 1453 1452
f 1458 1459 1460
f 1457 1458 1460
f 1463 1462 1461
f 1464 1463 1461
f 1462 1458 1457
f 1461 1462 1457
f 1463 1459 1458
f 1462 1463 1458
f 1464 1460 1459
f 1463 1464 1459
f 1461 1457 1460
f 1464 1461 1460
usemtl deck
f 1469 1470 1471
f 1468 1469 1471
f 1467 1468 1471
f 1466 1467 1471
f 1465 1466 1471
f 1474 1473 1472
f 1475 1474 1472
f 1476 1475 1472
f 1477 1476 1472
f 1478 1477 1472
f 1473 1466 1465
f 1472 1473 1465
f 1474 1467 1466
f 1473 1474 1466
f 1475 1468 1467
f 1474 1475 1467
f 1476 1469 1468
f 1475 1476 1468
f 1477 1470 1469
f 1476 1477 1469
f 1478 1471 1470
f 1477 1478 1470
f 1472 1465 1471
f 1478 1472 1471
f 1480 1481 1482
f 1479 1480 1482
f 1485 1484 1483
f 1486 1485 1483
f 1484 1480 1479
f 1483 1484 1479
f 1485 1481 1480
f 1484 1485 1480
f 1486 1482 1481
f 1485 1486 1481
f 1483 1479 1482
f 1486 1483 1482
f 1488 1489 1490
f 1487 1488 1490
f 1493 1492 1491
f 1494 1493 1491
f 1492 1488 1487
f 1491 1492 1487
f 1493 1489 1488
f 1492 1493 1488
f 1494 1490 1489
f 1493 1494 1489
f 1491 1487 1490
f 1494 1491 1490
f 1496 1497 1498
f 1495 1496 1498
f 1501 1500 1499
f 1502 1501 1499
f 1500 1496 1495
f 1499 1500 1495
f 1501 1497 1496
f 1500 1501 1496
f 1502 1498 1497
f 1501 1502 1497
f 1499 1495 1498
f 1502 1499 1498
f 1504 1505 1506
f 1503 1504 1506
f 1509 1508 1507
f 1510 1509 1507
f 1508 1504 1503
f 1507 1508 1503
f 1509 1505 1504
f 1508 1509 1504
f 1510 1506 1505
f 1509 1510 1505
f 1507 1503 1506
f 1510 1507 1506
f 1525 1526 1527
f 1524 1525 1527
f 1523 1524 1527
f 1522 1523 1527
f 1521 1522 1527
f 1520 1521 1527
f 1519 1520 1527
f 1518 1519 1527
f 1517 1518 1527
f 1516 1517 1527
f 1515 1516 1527
f 1514 1515 1527
f 1513 1514 1527
f 1512 1513 1527
f 1511 1512 1527
f 1530 1529 1528
f 1531 1530 1528
f 1532 1531 1528
f 1533 1532 1528
f 1534 1533 1528
f 1535 1534 1528
f 1536 1535 1528
f 1537 1536 1528
f 1538 1537 1528
f 1539 1538 1528
f 1540 1539 1528
f 1541 1540 1528
f 1542 1541 1528
f 1543 1542 1528
f 1544 1543 1528
f 1529 1512 1511
f 1528 1529 1511
f 1530 1513 1512
f 1529 1530 1512
f 1531 1514 1513
f 1530 1531 1513
f 1532 1515 1514
f 1531 1532 1514
f 1533 1516 1515
f 1532 1533 1515
f 1534 1517 1516
f 1533 1534 1516
f 1535 1518 1517
f 1534 1535 1517
f 1536 1519 1518
f 1535 1536 1518
f 1537 1520 1519
f 1536 1537 1519
f 1538 1521 1520
f 1537 1538 1520
f 1539 1522 1521
f 1538 1539 1521
f 1540 1523 1522
f 1539 1540 1522
f 1541 1524 1523
f 1540 1541 1523
f 1542 1525 1524
f 1541 1542 1524
f 1543 1526 1525
f 1542 1543 1525
f 1544 1527 1526
f 1543 1544 1526
f 1528 1511 1527
f 1544 1528 1527
usemtl wood
f 1546 1547 1548
f 1545 1546 1548
f 1551 1550 1549
f 1552 1551 1549
f 1550 1546 1545
f 1549 1550 1545
f 1551 1547 1546
f 1550 1551 1546
f 1552 1548 1547
f 1551 1552 1547
f 1549 1545 1548
f 1552 1549 1548
f 1554 1555 1556
f 1553 1554 1556
f 1559 1558 1557
f 1560 1559 1557
f 1558 1554 1553
f 1557 1558 1553
f 1559 1555 1554
f 1558 1559 1554
f 1560 1556 1555
f 1559 1560 1555
f 1557 1553 1556
f 1560 1557 1556
f 1562 1563 1564
f 1561 1562 1564
f 1567 1566 1565
f 1568 1567 1565
f 1566 1562 1561
f 1565 1566 1561
f 1567 1563 1562
f 1566 1567 1562
f 1568 1564 1563
f 1567 1568 1563
f 1565 1561 1564
f 1568 1565 1564
f 1570 1571 1572
f 1569 1570 1572
f 1575 1574 1573
f 1576 1575 1573
f 1574 1570 1569
f 1573 1574 1569
f 1575 1571 1570
f 1574 1575 1570
f 1576 1572 1571
f 1575 1576 1571
f 1573 1569 1572
f 1576 1573 1572
f 1578 1579 1580
f 1577 1578 1580
f 1583 1582 1581
f 1584 1583 1581
f 1582 1578 1577
f 1581 1582 1577
f 1583 1579 1578
f 1582 1583 1578
f 1584 1580 1579
f 1583 1584 1579
f 1581 1577 1580
f 1584 1581 1580
f 1586 1587 1588
f 1585 1586 1588
f 1591 1590 1589
f 1592 1591 1589
f 1590 1586 1585
f 1589 1590 1585
f 1591 1587 1586
f 1590 1591 1586
f 1592 1588 1587
f 1591 1592 1587
f 1589 1585 1588
f 1592 1589 1588
f 1594 1595 1596
f 1593 1594 1596
f 1599 1598 1597
f 1600 1599 1597
f 1598 1594 1593
f 1597 1598 1593
f 1599 1595 1594
f 1598 1599 1594
f 1600 1596 1595
f 1599 1600 1595
f 1597 1593 1596
f 1600 1597 1596
f 1602 1603 1604
f 1601 1602 1604
f 1607 1606 1605
f 1608 1607 1605
f 1606 1602 1601
f 1605 1606 1601
f 1607 1603 1602
f 1606 1607 1602
f 1608 1604 1603
f 1607 1608 1603
f 1605 1601 1604
f 1608 1605 1604
f 1610 1611 1612
f 1609 1610 1612
f 1615 1614 1613
f 1616 1615 1613
f 1614 1610 1609
f 1613 1614 1609
f 1615 1611 1610
f 1614 1615 1610
f 1616 1612 1611
f 1615 1616 1611
f 1613 1609 1612
f 1616 1613 1612
f 1618 1619 1620
f 1617 1618 1620
f 1623 1622 1621
f 1624 1623 1621
f 1622 1618 1617
f 1621 1622 1617
f 1623 1619 1618
f 1622 1623 1618
f 1624 1620 1619
f 1623 1624 1619
f 1621 1617 1620
f 1624 1621 1620
f 1626 1627 1628
f 1625 1626 1628
f 1631 1630 1629
f 1632 1631 1629
f 1630 1626 1625
f 1629 1630 1625
f 1631 1627 1626
f 1630 1631 1626
f 1632 1628 1627
f 1631 1632 1627
f 1629 1625 1628
f 1632 1629 1628
f 1634 1635 1636
f 1633 1634 1636
f 1639 1638 1637
f 1640 1639 1637
f 1638 1634 1633
f 1637 1638 1633
f 1639 1635 1634
f 1638 1639 1634
f 1640 1636 1635
f 1639 1640 1635
f 1637 1633 1636
f 1640 1637 1636
f 1642 1643 1644
f 1641 1642 1644
f 1647 1646 1645
f 1648 1647 1645
f 1646 1642 1641
f 1645 1646 1641
f 1647 1643 1642
f 1646 1647 1642
f 1648 1644 1643
f 1647 1648 1643
f 1645 1641 1644
f 1648 1645 1644
f 1650 1651 1652
f 1649 1650 1652
f 1655 1654 1653
f 1656 1655 1653
f 1654 1650 1649
f 1653 1654 1649
f 1655 1651 1650
f 1654 1655 1650
f 1656 1652 1651
f 1655 1656 1651
f 1653 1649 1652
f 1656 1653 1652
f 1658 1659 1660
f 1657 1658 1660
f 1663 1662 1661
f 1664 1663 1661
f 1662 1658 1657
f 1661 1662 1657
f 1663 1659 1658
f 1662 1663 1658
f 1664 1660 1659
f 1663 1664 1659
f 1661 1657 1660
f 1664 1661 1660
f 1666 1667 1668
f 1665 1666 1668
f 1671 1670 1669
f 1672 1671 1669
f 1670 1666 1665
f 1669 1670 1665
f 1671 1667 1666
f 1670 1671 1666
f 1672 1668 1667
f 1671 1672 1667
f 1669 1665 1668
f 1672 1669 1668
f 1674 1675 1676
f 1673 1674 1676
f 1679 1678 1677
f 1680 1679 1677
f 1678 1674 1673
f 1677 1678 1673
f 1679 1675 1674
f 1678 1679 1674
f 1680 1676 1675
f 1679 1680 1675
f 1677 1673 1676
f 1680 1677 1676
f 1682 1683 1684
f 1681 1682 1684
f 1687 1686 1685
f 1688 1687 1685
f 1686 1682 1681
f 1685 1686 1681
f 1687 1683 1682
f 1686 1687 1682
f 1688 1684 1683
f 1687 1688 1683
f 1685 1681 1684
f 1688 1685 1684
f 1690 1691 1692
f 1689 1690 1692
f 1695 1694 1693
f 1696 1695 1693
f 1694 1690 1689
f 1693 1694 1689
f 1695 1691 1690
f 1694 1695 1690
f 1696 1692 1691
f 1695 1696 1691
f 1693 1689 1692
f 1696 1693 1692
f 1698 1699 1700
f 1697 1698 1700
f 1703 1702 1701
f 1704 1703 1701
f 1702 1698 1697
f 1701 1702 1697
f 1703 1699 1698
f 1702 1703 1698
f 1704 1700 1699
f 1703 1704 1699
f 1701 1697 1700
f 1704 1701 1700
f 1706 1707 1708
f 1705 1706 1708
f 1711 1710 1709
f 1712 1711 1709
f 1710 1706 1705
f 1709 1710 1705
f 1711 1707 1706
f 1710 1711 1706
f 1712 1708 1707
f 1711 1712 1707
f 1709 1705 1708
f 1712 1709 1708
f 1714 1715 1716
f 1713 1714 1716
f 1719 1718 1717
f 1720 1719 1717
f 1718 1714 1713
f 1717 1718 1713
f 1719 1715 1714
f 1718 1719 1714
f 1720 1716 1715
f 1719 1720 1715
f 1717 1713 1716
f 1720 1717 1716
f 1722 1723 1724
f 1721 1722 1724
f 1727 1726 1725
f 1728 1727 1725
f 1726 1722 1721
f 1725 1726 1721
f 1727 1723 1722
f 1726 1727 1722
f 1728 1724 1723
f 1727 1728 1723
f 1725 1721 1724
f 1728 1725 1724
f 1730 1731 1732
f 1729 1730 1732
f 1735 1734 1733
f 1736 1735 1733
f 1734 1730 1729
f 1733 1734 1729
f 1735 1731 1730
f 1734 1735 1730
f 1736 1732 1731
f 1735 1736 1731
f 1733 1729 1732
f 1736 1733 1732
f 1738 1739 1740
f 1737 1738 1740
f 1743 1742 1741
f 1744 1743 1741
f 1742 1738 1737
f 1741 1742 1737
f 1743 1739 1738
f 1742 1743 1738
f 1744 1740 1739
f 1743 1744 1739
f 1741 1737 1740
f 1744 1741 1740
f 1746 1747 1748
f 1745 1746 1748
f 1751 1750 1749
f 1752 1751 1749
f 1750 1746 1745
f 1749 1750 1745
f 1751 1747 1746
f 1750 1751 1746
f 1752 1748 1747
f 1751 1752 1747
f 1749 1745 1748
f 1752 1749 1748
f 1754 1755 1756
f 1753 1754 1756
f 1759 1758 1757
f 1760 1759 1757
f 1758 1754 1753
f 1757 1758 1753
f 1759 1755 1754
f 1758 1759 1754
f 1760 1756 1755
f 1759 1760 1755
f 1757 1753 1756
f 1760 1757 1756
f 1762 1763 1764
f 1761 1762 1764
f 1767 1766 1765
f 1768 1767 1765
f 1766 1762 1761
f 1765 1766 1761
f 1767 1763 1762
f 1766 1767 1762
f 1768 1764 1763
f 1767 1768 1763
f 1765 1761 1764
f 1768 1765 1764
f 1770 1771 1772
f 1769 1770 1772
f 1775 1774 1773
f 1776 1775 1773
f 1774 1770 1769
f 1773 1774 1769
f 1775 1771 1770
f 1774 1775 1770
f 1776 1772 1771
f 1775 1776 1771
f 1773 1769 1772
f 1776 1773 1772
f 1778 1779 1780
f 1777 1778 1780
f 1783 1782 1781
f 1784 1783 1781
f 1782 1778 1777
f 1781 1782 1777
f 1783 1779 1778
f 1782 1783 1778
f 1784 1780 1779
f 1783 1784 1779
f 1781 1777 1780
f 1784 1781 1780
usemtl deck
f 1789 1790 1791
f 1788 1789 1791
f 1787 1788 1791
f 1786 1787 1791
f 1785 1786 1791
f 1794 1793 1792
f 1795 1794 1792
f 1796 1795 1792
f 1797 1796 1792
f 1798 1797 1792
f 1793 1786 1785
f 1792 1793 1785
f 1794 1787 1786
f 1793 1794 1786
f 1795 1788 1787
f 1794 1795 1787
f 1796 1789 1788
f 1795 1796 1788
f 1797 1790 1789
f 1796 1797 1789
f 1798 1791 1790
f 1797 1798 1790
f 1792 1785 1791
f 1798 1792 1791
f 1800 1801 1802
f 1799 1800 1802
f 1805 1804 1803
f 1806 1805 1803
f 1804 1800 1799
f 1803 1804 1799
f 1805 1801 1800
f 1804 1805 1800
f 1806 1802 1801
f 1805 1806 1801
f 1803 1799 1802
f 1806 1803 1802
f 1808 1809 1810
f 1807 1808 1810
f 1813 1812 1811
f 1814 1813 1811
f 1812 1808 1807
f 1811 1812 1807
f 1813 1809 1808
f 1812 1813 1808
f 1814 1810 1809
f 1813 1814 1809
f 1811 1807 1810
f 1814 1811 1810
f 1816 1817 1818
f 1815 1816 1818
f 1821 1820 1819
f 1822 1821 1819
f 1820 1816 1815
f 1819 1820 1815
f 1821 1817 1816
f 1820 1821 1816
f 1822 1818 1817
f 1821 1822 1817
f 1819 1815 1818
f 1822 1819 1818
f 1824 1825 1826
f 1823 1824 1826
f 1829 1828 1827
f 1830 1829 1827
f 1828 1824 1823
f 1827 1828 1823
f 1829 1825 1824
f 1828 1829 1824
f 1830 1826 1825
f 1829 1830 1825
f 1827 1823 1826
f 1830 1827 1826
f 1832 1833 1834
f 1831 1832 1834
f 1837 1836 1835
f 1838 1837 1835
f 1836 1832 1831
f 1835 1836 1831
f 1837 1833 1832
f 1836 1837 1832
f 1838 1834 1833
f 1837 1838 1833
f 1835 1831 1834
f 1838 1835 1834
f 1840 1841 1842
f 1839 1840 1842
f 1845 1844 1843
f 1846 1845 1843
f 1844 1840 1839
f 1843 1844 1839
f 1845 1841 1840
f 1844 1845 1840
f 1846 1842 1841
f 1845 1846 1841
f 1843 1839 1842
f 1846 1843 1842
f 1848 1849 1850
f 1847 1848 1850
f 1853 1852 1851
f 1854 1853 1851
f 1852 1848 1847
f 1851 1852 1847
f 1853 1849 1848
f 1852 1853 1848
f 1854 1850 1849
f 1853 1854 1849
f 1851 1847 1850
f 1854 1851 1850
f 1869 1870 1871
f 1868 1869 1871
f 1867 1868 1871
f 1866 1867 1871
f 1865 1866 1871
f 1864 1865 1871
f 1863 1864 1871
f 1862 1863 1871
f 1861 1862 1871
f 1860 1861 1871
f 1859 1860 1871
f 1858 1859 1871
f 1857 1858 1871
f 1856 1857 1871
f 1855 1856 1871
f 1874 1873 1872
f 1875 1874 1872
f 1876 1875 1872
f 1877 1876 1872
f 1878 1877 1872
f 1879 1878 1872
f 1880 1879 1872
f 1881 1880 1872
f 1882 1881 1872
f 1883 1882 1872
f 1884 1883 1872
f 1885 1884 1872
f 1886 1885 1872
f 1887 1886 1872
f 1888 1887 1872
f 1873 1856 1855
f 1872 1873 1855
f 1874 1857 1856
f 1873 1874 1856
f 1875 1858 1857
f 1874 1875 1857
f 1876 1859 1858
f 1875 1876 1858
f 1877 1860 1859
f 1876 1877 1859
f 1878 1861 1860
f 1877 1878 1860
f 1879 1862 1861
f 1878 1879 1861
f 1880 1863 1862
f 1879 1880 1862
f 1881 1864 1863
f 1880 1881 1863
f 1882 1865 1864
f 1881 1882 1864
f 1883 1866 1865
f 1882 1883 1865
f 1884 1867 1866
f 1883 1884 1866
f 1885 1868 1867
f 1884 1885 1867
f 1886 1869 1868
f 1885 1886 1868
f 1887 1870 1869
f 1886 1887 1869
f 1888 1871 1870
f 1887 1888 1870
f 1872 1855 1871
f 1888 1872 1871
f 1890 1891 1892
f 1889 1890 1892
f 1895 1894 1893
f 1896 1895 1893
f 1894 1890 1889
f 1893 1894 1889
f 1895 1891 1890
f 1894 1895 1890
f 1896 1892 1891
f 1895 1896 1891
f 1893 1889 1892
f 1896 1893 1892
f 1898 1899 1900
f 1897 1898 1900
f 1903 1902 1901
f 1904 1903 1901
f 1902 1898 1897
f 1901 1902 1897
f 1903 1899 1898
f 1902 1903 1898
f 1904 1900 1899
f 1903 1904 1899
f 1901 1897 1900
f 1904 1901 1900
f 1906 1907 1908
f 1905 1906 1908
f 1911 1910 1909
f 1912 1911 1909
f 1910 1906 1905
f 1909 1910 1905
f 1911 1907 1906
f 1910 1911 1906
f 1912 1908 1907
f 1911 1912 1907
f 1909 1905 1908
f 1912 1909 1908
f 1914 1915 1916
f 1913 1914 1916
f 1919 1918 1917
f 1920 1919 1917
f 1918 1914 1913
f 1917 1918 1913
f 1919 1915 1914
f 1918 1919 1914
f 1920 1916 1915
f 1919 1920 1915
f 1917 1913 1916
f 1920 1917 1916
f 1922 1923 1924
f 1921 1922 1924
f 1927 1926 1925
f 1928 1927 1925
f 1926 1922 1921
f 1925 1926 1921
f 1927 1923 1922
f 1926 1927 1922
f 1928 1924 1923
f 1927 1928 1923
f 1925 1921 1924
f 1928 1925 1924
f 1930 1931 1932
f 1929 1930 1932
f 1935 1934 1933
f 1936 1935 1933
f 1934 1930 1929
f 1933 1934 1929
f 1935 1931 1930
f 1934 1935 1930
f 1936 1932 1931
f 1935 1936 1931
f 1933 1929 1932
f 1936 1933 1932
f 1938 1939 1940
f 1937 1938 1940
f 1943 1942 1941
f 1944 1943 1941
f 1942 1938 1937
f 1941 1942 1937
f 1943 1939 1938
f 1942 1943 1938
f 1944 1940 1939
f 1943 1944 1939
f 1941 1937 1940
f 1944 1941 1940
f 1946 1947 1948
f 1945 1946 1948
f 1951 1950 1949
f 1952 1951 1949
f 1950 1946 1945
f 1949 1950 1945
f 1951 1947 1946
f 1950 1951 1946
f 1952 1948 1947
f 1951 1952 1947
f 1949 1945 1948
f 1952 1949 1948
f 1954 1955 1956
f 1953 1954 1956
f 1959 1958 1957
f 1960 1959 1957
f 1958 1954 1953
f 1957 1958 1953
f 1959 1955 1954
f 1958 1959 1954
f 1960 1956 1955
f 1959 1960 1955
f 1957 1953 1956
f 1960 1957 1956
f 1962 1963 1964
f 1961 1962 1964
f 1967 1966 1965
f 1968 1967 1965
f 1966 1962 1961
f 1965 1966 1961
f 1967 1963 1962
f 1966 1967 1962
f 1968 1964 1963
f 1967 1968 1963
f 1965 1961 1964
f 1968 1965 1964
f 1970 1971 1972
f 1969 1970 1972
f 1975 1974 1973
f 1976 1975 1973
f 1974 1970 1969
f 1973 1974 1969
f 1975 1971 1970
f 1974 1975 1970
f 1976 1972 1971
f 1975 1976 1971
f 1973 1969 1972
f 1976 1973 1972
f 1978 1979 1980
f 1977 1978 1980
f 1983 1982 1981
f 1984 1983 1981
f 1982 1978 1977
f 1981 1982 1977
f 1983 1979 1978
f 1982 1983 1978
f 1984 1980 1979
f 1983 1984 1979
f 1981 1977 1980
f 1984 1981 1980
f 1986 1987 1988
f 1985 1986 1988
f 1991 1990 1989
f 1992 1991 1989
f 1990 1986 1985
f 1989 1990 1985
f 1991 1987 1986
f 1990 1991 1986
f 1992 1988 1987
f 1991 1992 1987
f 1989 1985 1988
f 1992 1989 1988
usemtl wood
f 1995 1994 1993
f 1996 1995 1993
f 1998 1999 2000
f 1997 1998 2000
f 1998 1997 1993
f 1994 1998 1993
f 1999 1998 1994
f 1995 1999 1994
f 2000 1999 1995
f 1996 2000 1995
f 1997 2000 1996
f 1993 1997 1996
f 2003 2002 2001
f 2004 2003 2001
f 2006 2007 2008
f 2005 2006 2008
f 2006 2005 2001
f 2002 2006 2001
f 2007 2006 2002
f 2003 2007 2002
f 2008 2007 2003
f 2004 2008 2003
f 2005 2008 2004
f 2001 2005 2004
