# Metres; X starboard Y up Z aft; canonical ship family
mtllib ship.mtl
v -0.600000000 0.000000000 4.000000000
v -1.860000000 0.300000000 4.000000000
v -2.700000000 1.000000000 4.000000000
v -3.000000000 2.420000000 4.000000000
v -3.000000000 2.600000000 4.000000000
v -2.800000000 2.600000000 4.000000000
v -2.800000000 2.420000000 4.000000000
v -2.520000000 1.120000000 4.000000000
v -1.680000000 0.500000000 4.000000000
v -0.560000000 0.200000000 4.000000000
v -0.440000000 0.000000000 3.600000000
v -1.364000000 0.300000000 2.760000000
v -1.980000000 1.000000000 2.200000000
v -2.200000000 2.420000000 2.000000000
v -2.200000000 2.600000000 2.000000000
v -2.029550821 2.600000000 2.112393534
v -2.029550821 2.420000000 2.112393534
v -1.826595739 1.120000000 2.301154181
v -1.217730493 0.500000000 2.867436120
v -0.405910164 0.200000000 3.622478707
v -0.440000000 0.000000000 3.600000000
v -1.364000000 0.300000000 2.760000000
v -1.980000000 1.000000000 2.200000000
v -2.200000000 2.420000000 2.000000000
v -2.200000000 2.600000000 2.000000000
v -2.029550821 2.600000000 2.112393534
v -2.029550821 2.420000000 2.112393534
v -1.826595739 1.120000000 2.301154181
v -1.217730493 0.500000000 2.867436120
v -0.405910164 0.200000000 3.622478707
v -0.240000000 0.000000000 3.400000000
v -0.744000000 0.300000000 2.140000000
v -1.080000000 1.000000000 1.300000000
v -1.200000000 2.420000000 1.000000000
v -1.200000000 2.600000000 1.000000000
v -1.064993660 2.600000000 1.147836373
v -1.064993660 2.420000000 1.147836373
v -0.958494294 1.120000000 1.433052736
v -0.638996196 0.500000000 2.288701824
v -0.212998732 0.200000000 3.429567275
v -0.240000000 0.000000000 3.400000000
v -0.744000000 0.300000000 2.140000000
v -1.080000000 1.000000000 1.300000000
v -1.200000000 2.420000000 1.000000000
v -1.200000000 2.600000000 1.000000000
v -1.064993660 2.600000000 1.147836373
v -1.064993660 2.420000000 1.147836373
v -0.958494294 1.120000000 1.433052736
v -0.638996196 0.500000000 2.288701824
v -0.212998732 0.200000000 3.429567275
v 0.000000000 0.000000000 3.200000000
v 0.000000000 0.300000000 1.520000000
v 0.000000000 1.000000000 0.400000000
v 0.000000000 2.420000000 0.000000000
v 0.000000000 2.600000000 0.000000000
v 0.000000000 2.600000000 0.260341656
v 0.000000000 2.420000000 0.260341656
v 0.000000000 1.120000000 0.634307490
v 0.000000000 0.500000000 1.756204994
v 0.000000000 0.200000000 3.252068331
v 0.000000000 0.000000000 3.200000000
v 0.000000000 0.300000000 1.520000000
v 0.000000000 1.000000000 0.400000000
v 0.000000000 2.420000000 0.000000000
v 0.000000000 2.600000000 0.000000000
v 0.000000000 2.600000000 0.260341656
v 0.000000000 2.420000000 0.260341656
v 0.000000000 1.120000000 0.634307490
v 0.000000000 0.500000000 1.756204994
v 0.000000000 0.200000000 3.252068331
v 0.240000000 0.000000000 3.400000000
v 0.744000000 0.300000000 2.140000000
v 1.080000000 1.000000000 1.300000000
v 1.200000000 2.420000000 1.000000000
v 1.200000000 2.600000000 1.000000000
v 1.064993660 2.600000000 1.147836373
v 1.064993660 2.420000000 1.147836373
v 0.958494294 1.120000000 1.433052736
v 0.638996196 0.500000000 2.288701824
v 0.212998732 0.200000000 3.429567275
v 0.240000000 0.000000000 3.400000000
v 0.744000000 0.300000000 2.140000000
v 1.080000000 1.000000000 1.300000000
v 1.200000000 2.420000000 1.000000000
v 1.200000000 2.600000000 1.000000000
v 1.064993660 2.600000000 1.147836373
v 1.064993660 2.420000000 1.147836373
v 0.958494294 1.120000000 1.433052736
v 0.638996196 0.500000000 2.288701824
v 0.212998732 0.200000000 3.429567275
v 0.440000000 0.000000000 3.600000000
v 1.364000000 0.300000000 2.760000000
v 1.980000000 1.000000000 2.200000000
v 2.200000000 2.420000000 2.000000000
v 2.200000000 2.600000000 2.000000000
v 2.029550821 2.600000000 2.112393534
v 2.029550821 2.420000000 2.112393534
v 1.826595739 1.120000000 2.301154181
v 1.217730493 0.500000000 2.867436120
v 0.405910164 0.200000000 3.622478707
v 0.440000000 0.000000000 3.600000000
v 1.364000000 0.300000000 2.760000000
v 1.980000000 1.000000000 2.200000000
v 2.200000000 2.420000000 2.000000000
v 2.200000000 2.600000000 2.000000000
v 2.029550821 2.600000000 2.112393534
v 2.029550821 2.420000000 2.112393534
v 1.826595739 1.120000000 2.301154181
v 1.217730493 0.500000000 2.867436120
v 0.405910164 0.200000000 3.622478707
v 0.600000000 0.000000000 4.000000000
v 1.860000000 0.300000000 4.000000000
v 2.700000000 1.000000000 4.000000000
v 3.000000000 2.420000000 4.000000000
v 3.000000000 2.600000000 4.000000000
v 2.800000000 2.600000000 4.000000000
v 2.800000000 2.420000000 4.000000000
v 2.520000000 1.120000000 4.000000000
v 1.680000000 0.500000000 4.000000000
v 0.560000000 0.200000000 4.000000000
v -0.600000000 0.000000000 4.000000000
v -0.440000000 0.000000000 3.600000000
v -0.240000000 0.000000000 3.400000000
v 0.000000000 0.000000000 3.200000000
v 0.240000000 0.000000000 3.400000000
v 0.440000000 0.000000000 3.600000000
v 0.600000000 0.000000000 4.000000000
v -0.560000000 0.200000000 4.000000000
v -0.405910164 0.200000000 3.622478707
v -0.212998732 0.200000000 3.429567275
v 0.000000000 0.200000000 3.252068331
v 0.212998732 0.200000000 3.429567275
v 0.405910164 0.200000000 3.622478707
v 0.560000000 0.200000000 4.000000000
v -0.600000000 0.000000000 6.000000000
v -1.860000000 0.300000000 6.000000000
v -2.700000000 1.000000000 6.000000000
v -3.000000000 2.420000000 6.000000000
v -3.000000000 2.600000000 6.000000000
v -2.800000000 2.600000000 6.000000000
v -2.800000000 2.420000000 6.000000000
v -2.520000000 1.120000000 6.000000000
v -1.680000000 0.500000000 6.000000000
v -0.560000000 0.200000000 6.000000000
v -0.600000000 0.000000000 4.000000000
v -1.860000000 0.300000000 4.000000000
v -2.700000000 1.000000000 4.000000000
v -3.000000000 2.420000000 4.000000000
v -3.000000000 2.600000000 4.000000000
v -2.800000000 2.600000000 4.000000000
v -2.800000000 2.420000000 4.000000000
v -2.520000000 1.120000000 4.000000000
v -1.680000000 0.500000000 4.000000000
v -0.560000000 0.200000000 4.000000000
v 0.600000000 0.000000000 4.000000000
v 1.860000000 0.300000000 4.000000000
v 2.700000000 1.000000000 4.000000000
v 3.000000000 2.420000000 4.000000000
v 3.000000000 2.600000000 4.000000000
v 2.800000000 2.600000000 4.000000000
v 2.800000000 2.420000000 4.000000000
v 2.520000000 1.120000000 4.000000000
v 1.680000000 0.500000000 4.000000000
v 0.560000000 0.200000000 4.000000000
v 0.600000000 0.000000000 6.000000000
v 1.860000000 0.300000000 6.000000000
v 2.700000000 1.000000000 6.000000000
v 3.000000000 2.420000000 6.000000000
v 3.000000000 2.600000000 6.000000000
v 2.800000000 2.600000000 6.000000000
v 2.800000000 2.420000000 6.000000000
v 2.520000000 1.120000000 6.000000000
v 1.680000000 0.500000000 6.000000000
v 0.560000000 0.200000000 6.000000000
v -0.600000000 0.000000000 4.000000000
v 0.600000000 0.000000000 4.000000000
v 0.600000000 0.000000000 6.000000000
v -0.600000000 0.000000000 6.000000000
v -0.560000000 0.200000000 4.000000000
v 0.560000000 0.200000000 4.000000000
v 0.560000000 0.200000000 6.000000000
v -0.560000000 0.200000000 6.000000000
v -0.600000000 0.000000000 8.000000000
v -1.860000000 0.300000000 8.000000000
v -2.700000000 1.000000000 8.000000000
v -3.000000000 2.420000000 8.000000000
v -3.000000000 2.600000000 8.000000000
v -2.800000000 2.600000000 8.000000000
v -2.800000000 2.420000000 8.000000000
v -2.520000000 1.120000000 8.000000000
v -1.680000000 0.500000000 8.000000000
v -0.560000000 0.200000000 8.000000000
v -0.600000000 0.000000000 6.000000000
v -1.860000000 0.300000000 6.000000000
v -2.700000000 1.000000000 6.000000000
v -3.000000000 2.420000000 6.000000000
v -3.000000000 2.600000000 6.000000000
v -2.800000000 2.600000000 6.000000000
v -2.800000000 2.420000000 6.000000000
v -2.520000000 1.120000000 6.000000000
v -1.680000000 0.500000000 6.000000000
v -0.560000000 0.200000000 6.000000000
v 0.600000000 0.000000000 6.000000000
v 1.860000000 0.300000000 6.000000000
v 2.700000000 1.000000000 6.000000000
v 3.000000000 2.420000000 6.000000000
v 3.000000000 2.600000000 6.000000000
v 2.800000000 2.600000000 6.000000000
v 2.800000000 2.420000000 6.000000000
v 2.520000000 1.120000000 6.000000000
v 1.680000000 0.500000000 6.000000000
v 0.560000000 0.200000000 6.000000000
v 0.600000000 0.000000000 8.000000000
v 1.860000000 0.300000000 8.000000000
v 2.700000000 1.000000000 8.000000000
v 3.000000000 2.420000000 8.000000000
v 3.000000000 2.600000000 8.000000000
v 2.800000000 2.600000000 8.000000000
v 2.800000000 2.420000000 8.000000000
v 2.520000000 1.120000000 8.000000000
v 1.680000000 0.500000000 8.000000000
v 0.560000000 0.200000000 8.000000000
v -0.600000000 0.000000000 6.000000000
v 0.600000000 0.000000000 6.000000000
v 0.600000000 0.000000000 8.000000000
v -0.600000000 0.000000000 8.000000000
v -0.560000000 0.200000000 6.000000000
v 0.560000000 0.200000000 6.000000000
v 0.560000000 0.200000000 8.000000000
v -0.560000000 0.200000000 8.000000000
v -0.600000000 0.000000000 10.000000000
v -1.860000000 0.300000000 10.000000000
v -2.700000000 1.000000000 10.000000000
v -3.000000000 2.420000000 10.000000000
v -3.000000000 2.600000000 10.000000000
v -2.800000000 2.600000000 10.000000000
v -2.800000000 2.420000000 10.000000000
v -2.520000000 1.120000000 10.000000000
v -1.680000000 0.500000000 10.000000000
v -0.560000000 0.200000000 10.000000000
v -0.600000000 0.000000000 8.000000000
v -1.860000000 0.300000000 8.000000000
v -2.700000000 1.000000000 8.000000000
v -3.000000000 2.420000000 8.000000000
v -3.000000000 2.600000000 8.000000000
v -2.800000000 2.600000000 8.000000000
v -2.800000000 2.420000000 8.000000000
v -2.520000000 1.120000000 8.000000000
v -1.680000000 0.500000000 8.000000000
v -0.560000000 0.200000000 8.000000000
v 0.600000000 0.000000000 8.000000000
v 1.860000000 0.300000000 8.000000000
v 2.700000000 1.000000000 8.000000000
v 3.000000000 2.420000000 8.000000000
v 3.000000000 2.600000000 8.000000000
v 2.800000000 2.600000000 8.000000000
v 2.800000000 2.420000000 8.000000000
v 2.520000000 1.120000000 8.000000000
v 1.680000000 0.500000000 8.000000000
v 0.560000000 0.200000000 8.000000000
v 0.600000000 0.000000000 10.000000000
v 1.860000000 0.300000000 10.000000000
v 2.700000000 1.000000000 10.000000000
v 3.000000000 2.420000000 10.000000000
v 3.000000000 2.600000000 10.000000000
v 2.800000000 2.600000000 10.000000000
v 2.800000000 2.420000000 10.000000000
v 2.520000000 1.120000000 10.000000000
v 1.680000000 0.500000000 10.000000000
v 0.560000000 0.200000000 10.000000000
v -0.600000000 0.000000000 8.000000000
v 0.600000000 0.000000000 8.000000000
v 0.600000000 0.000000000 10.000000000
v -0.600000000 0.000000000 10.000000000
v -0.560000000 0.200000000 8.000000000
v 0.560000000 0.200000000 8.000000000
v 0.560000000 0.200000000 10.000000000
v -0.560000000 0.200000000 10.000000000
v -0.600000000 0.000000000 12.000000000
v -1.860000000 0.300000000 12.000000000
v -2.700000000 1.000000000 12.000000000
v -3.000000000 2.420000000 12.000000000
v -3.000000000 2.600000000 12.000000000
v -2.800000000 2.600000000 12.000000000
v -2.800000000 2.420000000 12.000000000
v -2.520000000 1.120000000 12.000000000
v -1.680000000 0.500000000 12.000000000
v -0.560000000 0.200000000 12.000000000
v -0.600000000 0.000000000 10.000000000
v -1.860000000 0.300000000 10.000000000
v -2.700000000 1.000000000 10.000000000
v -3.000000000 2.420000000 10.000000000
v -3.000000000 2.600000000 10.000000000
v -2.800000000 2.600000000 10.000000000
v -2.800000000 2.420000000 10.000000000
v -2.520000000 1.120000000 10.000000000
v -1.680000000 0.500000000 10.000000000
v -0.560000000 0.200000000 10.000000000
v 0.600000000 0.000000000 10.000000000
v 1.860000000 0.300000000 10.000000000
v 2.700000000 1.000000000 10.000000000
v 3.000000000 2.420000000 10.000000000
v 3.000000000 2.600000000 10.000000000
v 2.800000000 2.600000000 10.000000000
v 2.800000000 2.420000000 10.000000000
v 2.520000000 1.120000000 10.000000000
v 1.680000000 0.500000000 10.000000000
v 0.560000000 0.200000000 10.000000000
v 0.600000000 0.000000000 12.000000000
v 1.860000000 0.300000000 12.000000000
v 2.700000000 1.000000000 12.000000000
v 3.000000000 2.420000000 12.000000000
v 3.000000000 2.600000000 12.000000000
v 2.800000000 2.600000000 12.000000000
v 2.800000000 2.420000000 12.000000000
v 2.520000000 1.120000000 12.000000000
v 1.680000000 0.500000000 12.000000000
v 0.560000000 0.200000000 12.000000000
v -0.600000000 0.000000000 10.000000000
v 0.600000000 0.000000000 10.000000000
v 0.600000000 0.000000000 12.000000000
v -0.600000000 0.000000000 12.000000000
v -0.560000000 0.200000000 10.000000000
v 0.560000000 0.200000000 10.000000000
v 0.560000000 0.200000000 12.000000000
v -0.560000000 0.200000000 12.000000000
v -0.600000000 0.000000000 14.000000000
v -1.860000000 0.300000000 14.000000000
v -2.700000000 1.000000000 14.000000000
v -3.000000000 2.420000000 14.000000000
v -3.000000000 2.600000000 14.000000000
v -2.800000000 2.600000000 14.000000000
v -2.800000000 2.420000000 14.000000000
v -2.520000000 1.120000000 14.000000000
v -1.680000000 0.500000000 14.000000000
v -0.560000000 0.200000000 14.000000000
v -0.600000000 0.000000000 12.000000000
v -1.860000000 0.300000000 12.000000000
v -2.700000000 1.000000000 12.000000000
v -3.000000000 2.420000000 12.000000000
v -3.000000000 2.600000000 12.000000000
v -2.800000000 2.600000000 12.000000000
v -2.800000000 2.420000000 12.000000000
v -2.520000000 1.120000000 12.000000000
v -1.680000000 0.500000000 12.000000000
v -0.560000000 0.200000000 12.000000000
v 0.600000000 0.000000000 12.000000000
v 1.860000000 0.300000000 12.000000000
v 2.700000000 1.000000000 12.000000000
v 3.000000000 2.420000000 12.000000000
v 3.000000000 2.600000000 12.000000000
v 2.800000000 2.600000000 12.000000000
v 2.800000000 2.420000000 12.000000000
v 2.520000000 1.120000000 12.000000000
v 1.680000000 0.500000000 12.000000000
v 0.560000000 0.200000000 12.000000000
v 0.600000000 0.000000000 14.000000000
v 1.860000000 0.300000000 14.000000000
v 2.700000000 1.000000000 14.000000000
v 3.000000000 2.420000000 14.000000000
v 3.000000000 2.600000000 14.000000000
v 2.800000000 2.600000000 14.000000000
v 2.800000000 2.420000000 14.000000000
v 2.520000000 1.120000000 14.000000000
v 1.680000000 0.500000000 14.000000000
v 0.560000000 0.200000000 14.000000000
v -0.600000000 0.000000000 12.000000000
v 0.600000000 0.000000000 12.000000000
v 0.600000000 0.000000000 14.000000000
v -0.600000000 0.000000000 14.000000000
v -0.560000000 0.200000000 12.000000000
v 0.560000000 0.200000000 12.000000000
v 0.560000000 0.200000000 14.000000000
v -0.560000000 0.200000000 14.000000000
v -0.600000000 0.000000000 16.000000000
v -1.860000000 0.300000000 16.000000000
v -2.700000000 1.000000000 16.000000000
v -3.000000000 2.420000000 16.000000000
v -3.000000000 2.600000000 16.000000000
v -2.800000000 2.600000000 16.000000000
v -2.800000000 2.420000000 16.000000000
v -2.520000000 1.120000000 16.000000000
v -1.680000000 0.500000000 16.000000000
v -0.560000000 0.200000000 16.000000000
v -0.600000000 0.000000000 14.000000000
v -1.860000000 0.300000000 14.000000000
v -2.700000000 1.000000000 14.000000000
v -3.000000000 2.420000000 14.000000000
v -3.000000000 2.600000000 14.000000000
v -2.800000000 2.600000000 14.000000000
v -2.800000000 2.420000000 14.000000000
v -2.520000000 1.120000000 14.000000000
v -1.680000000 0.500000000 14.000000000
v -0.560000000 0.200000000 14.000000000
v 0.600000000 0.000000000 14.000000000
v 1.860000000 0.300000000 14.000000000
v 2.700000000 1.000000000 14.000000000
v 3.000000000 2.420000000 14.000000000
v 3.000000000 2.600000000 14.000000000
v 2.800000000 2.600000000 14.000000000
v 2.800000000 2.420000000 14.000000000
v 2.520000000 1.120000000 14.000000000
v 1.680000000 0.500000000 14.000000000
v 0.560000000 0.200000000 14.000000000
v 0.600000000 0.000000000 16.000000000
v 1.860000000 0.300000000 16.000000000
v 2.700000000 1.000000000 16.000000000
v 3.000000000 2.420000000 16.000000000
v 3.000000000 2.600000000 16.000000000
v 2.800000000 2.600000000 16.000000000
v 2.800000000 2.420000000 16.000000000
v 2.520000000 1.120000000 16.000000000
v 1.680000000 0.500000000 16.000000000
v 0.560000000 0.200000000 16.000000000
v -0.600000000 0.000000000 14.000000000
v 0.600000000 0.000000000 14.000000000
v 0.600000000 0.000000000 16.000000000
v -0.600000000 0.000000000 16.000000000
v -0.560000000 0.200000000 14.000000000
v 0.560000000 0.200000000 14.000000000
v 0.560000000 0.200000000 16.000000000
v -0.560000000 0.200000000 16.000000000
v 0.600000000 0.000000000 16.000000000
v 1.860000000 0.300000000 16.000000000
v 2.700000000 1.000000000 16.000000000
v 3.000000000 2.420000000 16.000000000
v 3.000000000 2.600000000 16.000000000
v 2.800000000 2.600000000 16.000000000
v 2.800000000 2.420000000 16.000000000
v 2.520000000 1.120000000 16.000000000
v 1.680000000 0.500000000 16.000000000
v 0.560000000 0.200000000 16.000000000
v 0.588471168 0.000000000 16.078036129
v 1.824260621 0.300000000 16.241911999
v 2.648120257 1.000000000 16.351162580
v 2.942355841 2.420000000 16.390180644
v 2.942355841 2.600000000 16.390180644
v 2.746198785 2.600000000 16.351162580
v 2.746198785 2.420000000 16.351162580
v 2.471578907 1.120000000 16.316046322
v 1.647719271 0.500000000 16.210697548
v 0.549239757 0.200000000 16.070232516
v 0.588471168 0.000000000 16.078036129
v 1.824260621 0.300000000 16.241911999
v 2.648120257 1.000000000 16.351162580
v 2.942355841 2.420000000 16.390180644
v 2.942355841 2.600000000 16.390180644
v 2.746198785 2.600000000 16.351162580
v 2.746198785 2.420000000 16.351162580
v 2.471578907 1.120000000 16.316046322
v 1.647719271 0.500000000 16.210697548
v 0.549239757 0.200000000 16.070232516
v 0.554327720 0.000000000 16.153073373
v 1.718415931 0.300000000 16.474527456
v 2.494474738 1.000000000 16.688830178
v 2.771638598 2.420000000 16.765366865
v 2.771638598 2.600000000 16.765366865
v 2.586862691 2.600000000 16.688830178
v 2.586862691 2.420000000 16.688830178
v 2.328176422 1.120000000 16.619947160
v 1.552117615 0.500000000 16.413298107
v 0.517372538 0.200000000 16.137766036
v 0.554327720 0.000000000 16.153073373
v 1.718415931 0.300000000 16.474527456
v 2.494474738 1.000000000 16.688830178
v 2.771638598 2.420000000 16.765366865
v 2.771638598 2.600000000 16.765366865
v 2.586862691 2.600000000 16.688830178
v 2.586862691 2.420000000 16.688830178
v 2.328176422 1.120000000 16.619947160
v 1.552117615 0.500000000 16.413298107
v 0.517372538 0.200000000 16.137766036
v 0.498881767 0.000000000 16.222228093
v 1.546533479 0.300000000 16.688907089
v 2.244967953 1.000000000 17.000026419
v 2.494408837 2.420000000 17.111140466
v 2.494408837 2.600000000 17.111140466
v 2.328114914 2.600000000 17.000026419
v 2.328114914 2.420000000 17.000026419
v 2.095303423 1.120000000 16.900023777
v 1.396868948 0.500000000 16.600015851
v 0.465622983 0.200000000 16.200005284
v 0.498881767 0.000000000 16.222228093
v 1.546533479 0.300000000 16.688907089
v 2.244967953 1.000000000 17.000026419
v 2.494408837 2.420000000 17.111140466
v 2.494408837 2.600000000 17.111140466
v 2.328114914 2.600000000 17.000026419
v 2.328114914 2.420000000 17.000026419
v 2.095303423 1.120000000 16.900023777
v 1.396868948 0.500000000 16.600015851
v 0.465622983 0.200000000 16.200005284
v 0.424264069 0.000000000 16.282842712
v 1.315218613 0.300000000 16.876812408
v 1.909188310 1.000000000 17.272792206
v 2.121320344 2.420000000 17.414213562
v 2.121320344 2.600000000 17.414213562
v 1.979898987 2.600000000 17.272792206
v 1.979898987 2.420000000 17.272792206
v 1.781909088 1.120000000 17.145512985
v 1.187939392 0.500000000 16.763675324
v 0.395979797 0.200000000 16.254558441
v 0.424264069 0.000000000 16.282842712
v 1.315218613 0.300000000 16.876812408
v 1.909188310 1.000000000 17.272792206
v 2.121320344 2.420000000 17.414213562
v 2.121320344 2.600000000 17.414213562
v 1.979898987 2.600000000 17.272792206
v 1.979898987 2.420000000 17.272792206
v 1.781909088 1.120000000 17.145512985
v 1.187939392 0.500000000 16.763675324
v 0.395979797 0.200000000 16.254558441
v 0.333342140 0.000000000 16.332587845
v 1.033360633 0.300000000 17.031022319
v 1.500039629 1.000000000 17.496645302
v 1.666710699 2.420000000 17.662939225
v 1.666710699 2.600000000 17.662939225
v 1.555596652 2.600000000 17.496645302
v 1.555596652 2.420000000 17.496645302
v 1.400036987 1.120000000 17.346980772
v 0.933357991 0.500000000 16.897987181
v 0.311119330 0.200000000 16.299329060
v 0.333342140 0.000000000 16.332587845
v 1.033360633 0.300000000 17.031022319
v 1.500039629 1.000000000 17.496645302
v 1.666710699 2.420000000 17.662939225
v 1.666710699 2.600000000 17.662939225
v 1.555596652 2.600000000 17.496645302
v 1.555596652 2.420000000 17.496645302
v 1.400036987 1.120000000 17.346980772
v 0.933357991 0.500000000 16.897987181
v 0.311119330 0.200000000 16.299329060
v 0.229610059 0.000000000 16.369551813
v 0.711791184 0.300000000 17.145610620
v 1.033245267 1.000000000 17.662983159
v 1.148050297 2.420000000 17.847759065
v 1.148050297 2.600000000 17.847759065
v 1.071513611 2.600000000 17.662983159
v 1.071513611 2.420000000 17.662983159
v 0.964362250 1.120000000 17.496684843
v 0.642908167 0.500000000 16.997789895
v 0.214302722 0.200000000 16.332596632
v 0.229610059 0.000000000 16.369551813
v 0.711791184 0.300000000 17.145610620
v 1.033245267 1.000000000 17.662983159
v 1.148050297 2.420000000 17.847759065
v 1.148050297 2.600000000 17.847759065
v 1.071513611 2.600000000 17.662983159
v 1.071513611 2.420000000 17.662983159
v 0.964362250 1.120000000 17.496684843
v 0.642908167 0.500000000 16.997789895
v 0.214302722 0.200000000 16.332596632
v 0.117054193 0.000000000 16.392314112
v 0.362867999 0.300000000 17.216173748
v 0.526743869 1.000000000 17.765413505
v 0.585270966 2.420000000 17.961570561
v 0.585270966 2.600000000 17.961570561
v 0.546252902 2.600000000 17.765413505
v 0.546252902 2.420000000 17.765413505
v 0.491627612 1.120000000 17.588872154
v 0.327751741 0.500000000 17.059248103
v 0.109250580 0.200000000 16.353082701
v 0.117054193 0.000000000 16.392314112
v 0.362867999 0.300000000 17.216173748
v 0.526743869 1.000000000 17.765413505
v 0.585270966 2.420000000 17.961570561
v 0.585270966 2.600000000 17.961570561
v 0.546252902 2.600000000 17.765413505
v 0.546252902 2.420000000 17.765413505
v 0.491627612 1.120000000 17.588872154
v 0.327751741 0.500000000 17.059248103
v 0.109250580 0.200000000 16.353082701
v 0.000000000 0.000000000 16.400000000
v 0.000000000 0.300000000 17.240000000
v 0.000000000 1.000000000 17.800000000
v 0.000000000 2.420000000 18.000000000
v 0.000000000 2.600000000 18.000000000
v 0.000000000 2.600000000 17.800000000
v 0.000000000 2.420000000 17.800000000
v 0.000000000 1.120000000 17.620000000
v 0.000000000 0.500000000 17.080000000
v 0.000000000 0.200000000 16.360000000
v 0.000000000 0.000000000 16.400000000
v 0.000000000 0.300000000 17.240000000
v 0.000000000 1.000000000 17.800000000
v 0.000000000 2.420000000 18.000000000
v 0.000000000 2.600000000 18.000000000
v 0.000000000 2.600000000 17.800000000
v 0.000000000 2.420000000 17.800000000
v 0.000000000 1.120000000 17.620000000
v 0.000000000 0.500000000 17.080000000
v 0.000000000 0.200000000 16.360000000
v -0.117054193 0.000000000 16.392314112
v -0.362867999 0.300000000 17.216173748
v -0.526743869 1.000000000 17.765413505
v -0.585270966 2.420000000 17.961570561
v -0.585270966 2.600000000 17.961570561
v -0.546252902 2.600000000 17.765413505
v -0.546252902 2.420000000 17.765413505
v -0.491627612 1.120000000 17.588872154
v -0.327751741 0.500000000 17.059248103
v -0.109250580 0.200000000 16.353082701
v -0.117054193 0.000000000 16.392314112
v -0.362867999 0.300000000 17.216173748
v -0.526743869 1.000000000 17.765413505
v -0.585270966 2.420000000 17.961570561
v -0.585270966 2.600000000 17.961570561
v -0.546252902 2.600000000 17.765413505
v -0.546252902 2.420000000 17.765413505
v -0.491627612 1.120000000 17.588872154
v -0.327751741 0.500000000 17.059248103
v -0.109250580 0.200000000 16.353082701
v -0.229610059 0.000000000 16.369551813
v -0.711791184 0.300000000 17.145610620
v -1.033245267 1.000000000 17.662983159
v -1.148050297 2.420000000 17.847759065
v -1.148050297 2.600000000 17.847759065
v -1.071513611 2.600000000 17.662983159
v -1.071513611 2.420000000 17.662983159
v -0.964362250 1.120000000 17.496684843
v -0.642908167 0.500000000 16.997789895
v -0.214302722 0.200000000 16.332596632
v -0.229610059 0.000000000 16.369551813
v -0.711791184 0.300000000 17.145610620
v -1.033245267 1.000000000 17.662983159
v -1.148050297 2.420000000 17.847759065
v -1.148050297 2.600000000 17.847759065
v -1.071513611 2.600000000 17.662983159
v -1.071513611 2.420000000 17.662983159
v -0.964362250 1.120000000 17.496684843
v -0.642908167 0.500000000 16.997789895
v -0.214302722 0.200000000 16.332596632
v -0.333342140 0.000000000 16.332587845
v -1.033360633 0.300000000 17.031022319
v -1.500039629 1.000000000 17.496645302
v -1.666710699 2.420000000 17.662939225
v -1.666710699 2.600000000 17.662939225
v -1.555596652 2.600000000 17.496645302
v -1.555596652 2.420000000 17.496645302
v -1.400036987 1.120000000 17.346980772
v -0.933357991 0.500000000 16.897987181
v -0.311119330 0.200000000 16.299329060
v -0.333342140 0.000000000 16.332587845
v -1.033360633 0.300000000 17.031022319
v -1.500039629 1.000000000 17.496645302
v -1.666710699 2.420000000 17.662939225
v -1.666710699 2.600000000 17.662939225
v -1.555596652 2.600000000 17.496645302
v -1.555596652 2.420000000 17.496645302
v -1.400036987 1.120000000 17.346980772
v -0.933357991 0.500000000 16.897987181
v -0.311119330 0.200000000 16.299329060
v -0.424264069 0.000000000 16.282842712
v -1.315218613 0.300000000 16.876812408
v -1.909188310 1.000000000 17.272792206
v -2.121320344 2.420000000 17.414213562
v -2.121320344 2.600000000 17.414213562
v -1.979898987 2.600000000 17.272792206
v -1.979898987 2.420000000 17.272792206
v -1.781909088 1.120000000 17.145512985
v -1.187939392 0.500000000 16.763675324
v -0.395979797 0.200000000 16.254558441
v -0.424264069 0.000000000 16.282842712
v -1.315218613 0.300000000 16.876812408
v -1.909188310 1.000000000 17.272792206
v -2.121320344 2.420000000 17.414213562
v -2.121320344 2.600000000 17.414213562
v -1.979898987 2.600000000 17.272792206
v -1.979898987 2.420000000 17.272792206
v -1.781909088 1.120000000 17.145512985
v -1.187939392 0.500000000 16.763675324
v -0.395979797 0.200000000 16.254558441
v -0.498881767 0.000000000 16.222228093
v -1.546533479 0.300000000 16.688907089
v -2.244967953 1.000000000 17.000026419
v -2.494408837 2.420000000 17.111140466
v -2.494408837 2.600000000 17.111140466
v -2.328114914 2.600000000 17.000026419
v -2.328114914 2.420000000 17.000026419
v -2.095303423 1.120000000 16.900023777
v -1.396868948 0.500000000 16.600015851
v -0.465622983 0.200000000 16.200005284
v -0.498881767 0.000000000 16.222228093
v -1.546533479 0.300000000 16.688907089
v -2.244967953 1.000000000 17.000026419
v -2.494408837 2.420000000 17.111140466
v -2.494408837 2.600000000 17.111140466
v -2.328114914 2.600000000 17.000026419
v -2.328114914 2.420000000 17.000026419
v -2.095303423 1.120000000 16.900023777
v -1.396868948 0.500000000 16.600015851
v -0.465622983 0.200000000 16.200005284
v -0.554327720 0.000000000 16.153073373
v -1.718415931 0.300000000 16.474527456
v -2.494474738 1.000000000 16.688830178
v -2.771638598 2.420000000 16.765366865
v -2.771638598 2.600000000 16.765366865
v -2.586862691 2.600000000 16.688830178
v -2.586862691 2.420000000 16.688830178
v -2.328176422 1.120000000 16.619947160
v -1.552117615 0.500000000 16.413298107
v -0.517372538 0.200000000 16.137766036
v -0.554327720 0.000000000 16.153073373
v -1.718415931 0.300000000 16.474527456
v -2.494474738 1.000000000 16.688830178
v -2.771638598 2.420000000 16.765366865
v -2.771638598 2.600000000 16.765366865
v -2.586862691 2.600000000 16.688830178
v -2.586862691 2.420000000 16.688830178
v -2.328176422 1.120000000 16.619947160
v -1.552117615 0.500000000 16.413298107
v -0.517372538 0.200000000 16.137766036
v -0.588471168 0.000000000 16.078036129
v -1.824260621 0.300000000 16.241911999
v -2.648120257 1.000000000 16.351162580
v -2.942355841 2.420000000 16.390180644
v -2.942355841 2.600000000 16.390180644
v -2.746198785 2.600000000 16.351162580
v -2.746198785 2.420000000 16.351162580
v -2.471578907 1.120000000 16.316046322
v -1.647719271 0.500000000 16.210697548
v -0.549239757 0.200000000 16.070232516
v -0.588471168 0.000000000 16.078036129
v -1.824260621 0.300000000 16.241911999
v -2.648120257 1.000000000 16.351162580
v -2.942355841 2.420000000 16.390180644
v -2.942355841 2.600000000 16.390180644
v -2.746198785 2.600000000 16.351162580
v -2.746198785 2.420000000 16.351162580
v -2.471578907 1.120000000 16.316046322
v -1.647719271 0.500000000 16.210697548
v -0.549239757 0.200000000 16.070232516
v -0.600000000 0.000000000 16.000000000
v -1.860000000 0.300000000 16.000000000
v -2.700000000 1.000000000 16.000000000
v -3.000000000 2.420000000 16.000000000
v -3.000000000 2.600000000 16.000000000
v -2.800000000 2.600000000 16.000000000
v -2.800000000 2.420000000 16.000000000
v -2.520000000 1.120000000 16.000000000
v -1.680000000 0.500000000 16.000000000
v -0.560000000 0.200000000 16.000000000
v 0.600000000 0.000000000 16.000000000
v 0.588471168 0.000000000 16.078036129
v 0.554327720 0.000000000 16.153073373
v 0.498881767 0.000000000 16.222228093
v 0.424264069 0.000000000 16.282842712
v 0.333342140 0.000000000 16.332587845
v 0.229610059 0.000000000 16.369551813
v 0.117054193 0.000000000 16.392314112
v 0.000000000 0.000000000 16.400000000
v -0.117054193 0.000000000 16.392314112
v -0.229610059 0.000000000 16.369551813
v -0.333342140 0.000000000 16.332587845
v -0.424264069 0.000000000 16.282842712
v -0.498881767 0.000000000 16.222228093
v -0.554327720 0.000000000 16.153073373
v -0.588471168 0.000000000 16.078036129
v -0.600000000 0.000000000 16.000000000
v 0.560000000 0.200000000 16.000000000
v 0.549239757 0.200000000 16.070232516
v 0.517372538 0.200000000 16.137766036
v 0.465622983 0.200000000 16.200005284
v 0.395979797 0.200000000 16.254558441
v 0.311119330 0.200000000 16.299329060
v 0.214302722 0.200000000 16.332596632
v 0.109250580 0.200000000 16.353082701
v 0.000000000 0.200000000 16.360000000
v -0.109250580 0.200000000 16.353082701
v -0.214302722 0.200000000 16.332596632
v -0.311119330 0.200000000 16.299329060
v -0.395979797 0.200000000 16.254558441
v -0.465622983 0.200000000 16.200005284
v -0.517372538 0.200000000 16.137766036
v -0.549239757 0.200000000 16.070232516
v -0.560000000 0.200000000 16.000000000
v -3.000000000 2.600000000 4.000000000
v -2.200000000 2.600000000 2.000000000
v -2.029550821 2.600000000 2.112393534
v -2.800000000 2.600000000 4.000000000
v -3.000000000 3.400000000 4.000000000
v -2.200000000 3.400000000 2.000000000
v -2.029550821 3.400000000 2.112393534
v -2.800000000 3.400000000 4.000000000
v -3.000000000 3.400000000 4.000000000
v -2.200000000 3.400000000 2.000000000
v -2.029550821 3.400000000 2.112393534
v -2.800000000 3.400000000 4.000000000
v -3.000000000 4.200000000 4.000000000
v -2.200000000 4.200000000 2.000000000
v -2.029550821 4.200000000 2.112393534
v -2.800000000 4.200000000 4.000000000
v -3.000000000 4.200000000 4.000000000
v -2.200000000 4.200000000 2.000000000
v -2.029550821 4.200000000 2.112393534
v -2.800000000 4.200000000 4.000000000
v -3.000000000 5.200000000 4.000000000
v -2.200000000 5.200000000 2.000000000
v -2.029550821 5.200000000 2.112393534
v -2.800000000 5.200000000 4.000000000
v -2.200000000 2.600000000 2.000000000
v -1.200000000 2.600000000 1.000000000
v -1.064993660 2.600000000 1.147836373
v -2.029550821 2.600000000 2.112393534
v -2.200000000 3.400000000 2.000000000
v -1.200000000 3.400000000 1.000000000
v -1.064993660 3.400000000 1.147836373
v -2.029550821 3.400000000 2.112393534
v -2.200000000 3.400000000 2.000000000
v -1.200000000 3.400000000 1.000000000
v -1.064993660 3.400000000 1.147836373
v -2.029550821 3.400000000 2.112393534
v -2.200000000 4.200000000 2.000000000
v -1.200000000 4.200000000 1.000000000
v -1.064993660 4.200000000 1.147836373
v -2.029550821 4.200000000 2.112393534
v -2.200000000 4.200000000 2.000000000
v -1.200000000 4.200000000 1.000000000
v -1.064993660 4.200000000 1.147836373
v -2.029550821 4.200000000 2.112393534
v -2.200000000 5.200000000 2.000000000
v -1.200000000 5.200000000 1.000000000
v -1.064993660 5.200000000 1.147836373
v -2.029550821 5.200000000 2.112393534
v -1.200000000 2.600000000 1.000000000
v 0.000000000 2.600000000 0.000000000
v 0.000000000 2.600000000 0.260341656
v -1.064993660 2.600000000 1.147836373
v -1.200000000 3.400000000 1.000000000
v 0.000000000 3.400000000 0.000000000
v 0.000000000 3.400000000 0.260341656
v -1.064993660 3.400000000 1.147836373
v -1.200000000 3.400000000 1.000000000
v 0.000000000 3.400000000 0.000000000
v 0.000000000 3.400000000 0.260341656
v -1.064993660 3.400000000 1.147836373
v -1.200000000 4.200000000 1.000000000
v 0.000000000 4.200000000 0.000000000
v 0.000000000 4.200000000 0.260341656
v -1.064993660 4.200000000 1.147836373
v -1.200000000 4.200000000 1.000000000
v 0.000000000 4.200000000 0.000000000
v 0.000000000 4.200000000 0.260341656
v -1.064993660 4.200000000 1.147836373
v -1.200000000 5.200000000 1.000000000
v 0.000000000 5.200000000 0.000000000
v 0.000000000 5.200000000 0.260341656
v -1.064993660 5.200000000 1.147836373
v 0.000000000 2.600000000 0.000000000
v 1.200000000 2.600000000 1.000000000
v 1.064993660 2.600000000 1.147836373
v 0.000000000 2.600000000 0.260341656
v 0.000000000 3.400000000 0.000000000
v 1.200000000 3.400000000 1.000000000
v 1.064993660 3.400000000 1.147836373
v 0.000000000 3.400000000 0.260341656
v 0.000000000 3.400000000 0.000000000
v 1.200000000 3.400000000 1.000000000
v 1.064993660 3.400000000 1.147836373
v 0.000000000 3.400000000 0.260341656
v 0.000000000 4.200000000 0.000000000
v 1.200000000 4.200000000 1.000000000
v 1.064993660 4.200000000 1.147836373
v 0.000000000 4.200000000 0.260341656
v 0.000000000 4.200000000 0.000000000
v 1.200000000 4.200000000 1.000000000
v 1.064993660 4.200000000 1.147836373
v 0.000000000 4.200000000 0.260341656
v 0.000000000 5.200000000 0.000000000
v 1.200000000 5.200000000 1.000000000
v 1.064993660 5.200000000 1.147836373
v 0.000000000 5.200000000 0.260341656
v 1.200000000 2.600000000 1.000000000
v 2.200000000 2.600000000 2.000000000
v 2.029550821 2.600000000 2.112393534
v 1.064993660 2.600000000 1.147836373
v 1.200000000 3.400000000 1.000000000
v 2.200000000 3.400000000 2.000000000
v 2.029550821 3.400000000 2.112393534
v 1.064993660 3.400000000 1.147836373
v 1.200000000 3.400000000 1.000000000
v 2.200000000 3.400000000 2.000000000
v 2.029550821 3.400000000 2.112393534
v 1.064993660 3.400000000 1.147836373
v 1.200000000 4.200000000 1.000000000
v 2.200000000 4.200000000 2.000000000
v 2.029550821 4.200000000 2.112393534
v 1.064993660 4.200000000 1.147836373
v 1.200000000 4.200000000 1.000000000
v 2.200000000 4.200000000 2.000000000
v 2.029550821 4.200000000 2.112393534
v 1.064993660 4.200000000 1.147836373
v 1.200000000 5.200000000 1.000000000
v 2.200000000 5.200000000 2.000000000
v 2.029550821 5.200000000 2.112393534
v 1.064993660 5.200000000 1.147836373
v 2.200000000 2.600000000 2.000000000
v 3.000000000 2.600000000 4.000000000
v 2.800000000 2.600000000 4.000000000
v 2.029550821 2.600000000 2.112393534
v 2.200000000 3.400000000 2.000000000
v 3.000000000 3.400000000 4.000000000
v 2.800000000 3.400000000 4.000000000
v 2.029550821 3.400000000 2.112393534
v 2.200000000 3.400000000 2.000000000
v 3.000000000 3.400000000 4.000000000
v 2.800000000 3.400000000 4.000000000
v 2.029550821 3.400000000 2.112393534
v 2.200000000 4.200000000 2.000000000
v 3.000000000 4.200000000 4.000000000
v 2.800000000 4.200000000 4.000000000
v 2.029550821 4.200000000 2.112393534
v 2.200000000 4.200000000 2.000000000
v 3.000000000 4.200000000 4.000000000
v 2.800000000 4.200000000 4.000000000
v 2.029550821 4.200000000 2.112393534
v 2.200000000 5.200000000 2.000000000
v 3.000000000 5.200000000 4.000000000
v 2.800000000 5.200000000 4.000000000
v 2.029550821 5.200000000 2.112393534
v -3.000000000 2.600000000 4.000000000
v -2.800000000 2.600000000 4.000000000
v -2.800000000 2.600000000 6.000000000
v -3.000000000 2.600000000 6.000000000
v -3.000000000 3.400000000 4.000000000
v -2.800000000 3.400000000 4.000000000
v -2.800000000 3.400000000 6.000000000
v -3.000000000 3.400000000 6.000000000
v -3.000000000 4.200000000 4.000000000
v -2.800000000 4.200000000 4.000000000
v -2.800000000 4.200000000 6.000000000
v -3.000000000 4.200000000 6.000000000
v -3.000000000 5.200000000 4.000000000
v -2.800000000 5.200000000 4.000000000
v -2.800000000 5.200000000 6.000000000
v -3.000000000 5.200000000 6.000000000
v -3.000000000 3.400000000 4.000000000
v -2.800000000 3.400000000 4.000000000
v -2.800000000 3.400000000 4.500000000
v -3.000000000 3.400000000 4.500000000
v -3.000000000 4.200000000 4.000000000
v -2.800000000 4.200000000 4.000000000
v -2.800000000 4.200000000 4.500000000
v -3.000000000 4.200000000 4.500000000
v -3.000000000 3.400000000 5.500000000
v -2.800000000 3.400000000 5.500000000
v -2.800000000 3.400000000 6.000000000
v -3.000000000 3.400000000 6.000000000
v -3.000000000 4.200000000 5.500000000
v -2.800000000 4.200000000 5.500000000
v -2.800000000 4.200000000 6.000000000
v -3.000000000 4.200000000 6.000000000
v 2.800000000 2.600000000 4.000000000
v 3.000000000 2.600000000 4.000000000
v 3.000000000 2.600000000 6.000000000
v 2.800000000 2.600000000 6.000000000
v 2.800000000 3.400000000 4.000000000
v 3.000000000 3.400000000 4.000000000
v 3.000000000 3.400000000 6.000000000
v 2.800000000 3.400000000 6.000000000
v 2.800000000 4.200000000 4.000000000
v 3.000000000 4.200000000 4.000000000
v 3.000000000 4.200000000 6.000000000
v 2.800000000 4.200000000 6.000000000
v 2.800000000 5.200000000 4.000000000
v 3.000000000 5.200000000 4.000000000
v 3.000000000 5.200000000 6.000000000
v 2.800000000 5.200000000 6.000000000
v 2.800000000 3.400000000 4.000000000
v 3.000000000 3.400000000 4.000000000
v 3.000000000 3.400000000 4.500000000
v 2.800000000 3.400000000 4.500000000
v 2.800000000 4.200000000 4.000000000
v 3.000000000 4.200000000 4.000000000
v 3.000000000 4.200000000 4.500000000
v 2.800000000 4.200000000 4.500000000
v 2.800000000 3.400000000 5.500000000
v 3.000000000 3.400000000 5.500000000
v 3.000000000 3.400000000 6.000000000
v 2.800000000 3.400000000 6.000000000
v 2.800000000 4.200000000 5.500000000
v 3.000000000 4.200000000 5.500000000
v 3.000000000 4.200000000 6.000000000
v 2.800000000 4.200000000 6.000000000
v -3.000000000 2.600000000 6.000000000
v -2.800000000 2.600000000 6.000000000
v -2.800000000 2.600000000 8.000000000
v -3.000000000 2.600000000 8.000000000
v -3.000000000 3.400000000 6.000000000
v -2.800000000 3.400000000 6.000000000
v -2.800000000 3.400000000 8.000000000
v -3.000000000 3.400000000 8.000000000
v -3.000000000 4.200000000 6.000000000
v -2.800000000 4.200000000 6.000000000
v -2.800000000 4.200000000 8.000000000
v -3.000000000 4.200000000 8.000000000
v -3.000000000 5.200000000 6.000000000
v -2.800000000 5.200000000 6.000000000
v -2.800000000 5.200000000 8.000000000
v -3.000000000 5.200000000 8.000000000
v -3.000000000 3.400000000 6.000000000
v -2.800000000 3.400000000 6.000000000
v -2.800000000 3.400000000 6.500000000
v -3.000000000 3.400000000 6.500000000
v -3.000000000 4.200000000 6.000000000
v -2.800000000 4.200000000 6.000000000
v -2.800000000 4.200000000 6.500000000
v -3.000000000 4.200000000 6.500000000
v -3.000000000 3.400000000 7.500000000
v -2.800000000 3.400000000 7.500000000
v -2.800000000 3.400000000 8.000000000
v -3.000000000 3.400000000 8.000000000
v -3.000000000 4.200000000 7.500000000
v -2.800000000 4.200000000 7.500000000
v -2.800000000 4.200000000 8.000000000
v -3.000000000 4.200000000 8.000000000
v 2.800000000 2.600000000 6.000000000
v 3.000000000 2.600000000 6.000000000
v 3.000000000 2.600000000 8.000000000
v 2.800000000 2.600000000 8.000000000
v 2.800000000 3.400000000 6.000000000
v 3.000000000 3.400000000 6.000000000
v 3.000000000 3.400000000 8.000000000
v 2.800000000 3.400000000 8.000000000
v 2.800000000 4.200000000 6.000000000
v 3.000000000 4.200000000 6.000000000
v 3.000000000 4.200000000 8.000000000
v 2.800000000 4.200000000 8.000000000
v 2.800000000 5.200000000 6.000000000
v 3.000000000 5.200000000 6.000000000
v 3.000000000 5.200000000 8.000000000
v 2.800000000 5.200000000 8.000000000
v 2.800000000 3.400000000 6.000000000
v 3.000000000 3.400000000 6.000000000
v 3.000000000 3.400000000 6.500000000
v 2.800000000 3.400000000 6.500000000
v 2.800000000 4.200000000 6.000000000
v 3.000000000 4.200000000 6.000000000
v 3.000000000 4.200000000 6.500000000
v 2.800000000 4.200000000 6.500000000
v 2.800000000 3.400000000 7.500000000
v 3.000000000 3.400000000 7.500000000
v 3.000000000 3.400000000 8.000000000
v 2.800000000 3.400000000 8.000000000
v 2.800000000 4.200000000 7.500000000
v 3.000000000 4.200000000 7.500000000
v 3.000000000 4.200000000 8.000000000
v 2.800000000 4.200000000 8.000000000
v -3.000000000 2.600000000 8.000000000
v -2.800000000 2.600000000 8.000000000
v -2.800000000 2.600000000 10.000000000
v -3.000000000 2.600000000 10.000000000
v -3.000000000 3.400000000 8.000000000
v -2.800000000 3.400000000 8.000000000
v -2.800000000 3.400000000 10.000000000
v -3.000000000 3.400000000 10.000000000
v -3.000000000 4.200000000 8.000000000
v -2.800000000 4.200000000 8.000000000
v -2.800000000 4.200000000 10.000000000
v -3.000000000 4.200000000 10.000000000
v -3.000000000 5.200000000 8.000000000
v -2.800000000 5.200000000 8.000000000
v -2.800000000 5.200000000 10.000000000
v -3.000000000 5.200000000 10.000000000
v -3.000000000 3.400000000 8.000000000
v -2.800000000 3.400000000 8.000000000
v -2.800000000 3.400000000 8.500000000
v -3.000000000 3.400000000 8.500000000
v -3.000000000 4.200000000 8.000000000
v -2.800000000 4.200000000 8.000000000
v -2.800000000 4.200000000 8.500000000
v -3.000000000 4.200000000 8.500000000
v -3.000000000 3.400000000 9.500000000
v -2.800000000 3.400000000 9.500000000
v -2.800000000 3.400000000 10.000000000
v -3.000000000 3.400000000 10.000000000
v -3.000000000 4.200000000 9.500000000
v -2.800000000 4.200000000 9.500000000
v -2.800000000 4.200000000 10.000000000
v -3.000000000 4.200000000 10.000000000
v 2.800000000 2.600000000 8.000000000
v 3.000000000 2.600000000 8.000000000
v 3.000000000 2.600000000 10.000000000
v 2.800000000 2.600000000 10.000000000
v 2.800000000 3.400000000 8.000000000
v 3.000000000 3.400000000 8.000000000
v 3.000000000 3.400000000 10.000000000
v 2.800000000 3.400000000 10.000000000
v 2.800000000 4.200000000 8.000000000
v 3.000000000 4.200000000 8.000000000
v 3.000000000 4.200000000 10.000000000
v 2.800000000 4.200000000 10.000000000
v 2.800000000 5.200000000 8.000000000
v 3.000000000 5.200000000 8.000000000
v 3.000000000 5.200000000 10.000000000
v 2.800000000 5.200000000 10.000000000
v 2.800000000 3.400000000 8.000000000
v 3.000000000 3.400000000 8.000000000
v 3.000000000 3.400000000 8.500000000
v 2.800000000 3.400000000 8.500000000
v 2.800000000 4.200000000 8.000000000
v 3.000000000 4.200000000 8.000000000
v 3.000000000 4.200000000 8.500000000
v 2.800000000 4.200000000 8.500000000
v 2.800000000 3.400000000 9.500000000
v 3.000000000 3.400000000 9.500000000
v 3.000000000 3.400000000 10.000000000
v 2.800000000 3.400000000 10.000000000
v 2.800000000 4.200000000 9.500000000
v 3.000000000 4.200000000 9.500000000
v 3.000000000 4.200000000 10.000000000
v 2.800000000 4.200000000 10.000000000
v -3.000000000 2.600000000 10.000000000
v -2.800000000 2.600000000 10.000000000
v -2.800000000 2.600000000 12.000000000
v -3.000000000 2.600000000 12.000000000
v -3.000000000 3.400000000 10.000000000
v -2.800000000 3.400000000 10.000000000
v -2.800000000 3.400000000 12.000000000
v -3.000000000 3.400000000 12.000000000
v -3.000000000 4.200000000 10.000000000
v -2.800000000 4.200000000 10.000000000
v -2.800000000 4.200000000 12.000000000
v -3.000000000 4.200000000 12.000000000
v -3.000000000 5.200000000 10.000000000
v -2.800000000 5.200000000 10.000000000
v -2.800000000 5.200000000 12.000000000
v -3.000000000 5.200000000 12.000000000
v -3.000000000 3.400000000 10.000000000
v -2.800000000 3.400000000 10.000000000
v -2.800000000 3.400000000 10.500000000
v -3.000000000 3.400000000 10.500000000
v -3.000000000 4.200000000 10.000000000
v -2.800000000 4.200000000 10.000000000
v -2.800000000 4.200000000 10.500000000
v -3.000000000 4.200000000 10.500000000
v -3.000000000 3.400000000 11.500000000
v -2.800000000 3.400000000 11.500000000
v -2.800000000 3.400000000 12.000000000
v -3.000000000 3.400000000 12.000000000
v -3.000000000 4.200000000 11.500000000
v -2.800000000 4.200000000 11.500000000
v -2.800000000 4.200000000 12.000000000
v -3.000000000 4.200000000 12.000000000
v 2.800000000 2.600000000 10.000000000
v 3.000000000 2.600000000 10.000000000
v 3.000000000 2.600000000 12.000000000
v 2.800000000 2.600000000 12.000000000
v 2.800000000 3.400000000 10.000000000
v 3.000000000 3.400000000 10.000000000
v 3.000000000 3.400000000 12.000000000
v 2.800000000 3.400000000 12.000000000
v 2.800000000 4.200000000 10.000000000
v 3.000000000 4.200000000 10.000000000
v 3.000000000 4.200000000 12.000000000
v 2.800000000 4.200000000 12.000000000
v 2.800000000 5.200000000 10.000000000
v 3.000000000 5.200000000 10.000000000
v 3.000000000 5.200000000 12.000000000
v 2.800000000 5.200000000 12.000000000
v 2.800000000 3.400000000 10.000000000
v 3.000000000 3.400000000 10.000000000
v 3.000000000 3.400000000 10.500000000
v 2.800000000 3.400000000 10.500000000
v 2.800000000 4.200000000 10.000000000
v 3.000000000 4.200000000 10.000000000
v 3.000000000 4.200000000 10.500000000
v 2.800000000 4.200000000 10.500000000
v 2.800000000 3.400000000 11.500000000
v 3.000000000 3.400000000 11.500000000
v 3.000000000 3.400000000 12.000000000
v 2.800000000 3.400000000 12.000000000
v 2.800000000 4.200000000 11.500000000
v 3.000000000 4.200000000 11.500000000
v 3.000000000 4.200000000 12.000000000
v 2.800000000 4.200000000 12.000000000
v -3.000000000 2.600000000 12.000000000
v -2.800000000 2.600000000 12.000000000
v -2.800000000 2.600000000 14.000000000
v -3.000000000 2.600000000 14.000000000
v -3.000000000 3.400000000 12.000000000
v -2.800000000 3.400000000 12.000000000
v -2.800000000 3.400000000 14.000000000
v -3.000000000 3.400000000 14.000000000
v -3.000000000 4.200000000 12.000000000
v -2.800000000 4.200000000 12.000000000
v -2.800000000 4.200000000 14.000000000
v -3.000000000 4.200000000 14.000000000
v -3.000000000 5.200000000 12.000000000
v -2.800000000 5.200000000 12.000000000
v -2.800000000 5.200000000 14.000000000
v -3.000000000 5.200000000 14.000000000
v -3.000000000 3.400000000 12.000000000
v -2.800000000 3.400000000 12.000000000
v -2.800000000 3.400000000 12.500000000
v -3.000000000 3.400000000 12.500000000
v -3.000000000 4.200000000 12.000000000
v -2.800000000 4.200000000 12.000000000
v -2.800000000 4.200000000 12.500000000
v -3.000000000 4.200000000 12.500000000
v -3.000000000 3.400000000 13.500000000
v -2.800000000 3.400000000 13.500000000
v -2.800000000 3.400000000 14.000000000
v -3.000000000 3.400000000 14.000000000
v -3.000000000 4.200000000 13.500000000
v -2.800000000 4.200000000 13.500000000
v -2.800000000 4.200000000 14.000000000
v -3.000000000 4.200000000 14.000000000
v 2.800000000 2.600000000 12.000000000
v 3.000000000 2.600000000 12.000000000
v 3.000000000 2.600000000 14.000000000
v 2.800000000 2.600000000 14.000000000
v 2.800000000 3.400000000 12.000000000
v 3.000000000 3.400000000 12.000000000
v 3.000000000 3.400000000 14.000000000
v 2.800000000 3.400000000 14.000000000
v 2.800000000 4.200000000 12.000000000
v 3.000000000 4.200000000 12.000000000
v 3.000000000 4.200000000 14.000000000
v 2.800000000 4.200000000 14.000000000
v 2.800000000 5.200000000 12.000000000
v 3.000000000 5.200000000 12.000000000
v 3.000000000 5.200000000 14.000000000
v 2.800000000 5.200000000 14.000000000
v 2.800000000 3.400000000 12.000000000
v 3.000000000 3.400000000 12.000000000
v 3.000000000 3.400000000 12.500000000
v 2.800000000 3.400000000 12.500000000
v 2.800000000 4.200000000 12.000000000
v 3.000000000 4.200000000 12.000000000
v 3.000000000 4.200000000 12.500000000
v 2.800000000 4.200000000 12.500000000
v 2.800000000 3.400000000 13.500000000
v 3.000000000 3.400000000 13.500000000
v 3.000000000 3.400000000 14.000000000
v 2.800000000 3.400000000 14.000000000
v 2.800000000 4.200000000 13.500000000
v 3.000000000 4.200000000 13.500000000
v 3.000000000 4.200000000 14.000000000
v 2.800000000 4.200000000 14.000000000
v -3.000000000 2.600000000 14.000000000
v -2.800000000 2.600000000 14.000000000
v -2.800000000 2.600000000 16.000000000
v -3.000000000 2.600000000 16.000000000
v -3.000000000 3.400000000 14.000000000
v -2.800000000 3.400000000 14.000000000
v -2.800000000 3.400000000 16.000000000
v -3.000000000 3.400000000 16.000000000
v -3.000000000 4.200000000 14.000000000
v -2.800000000 4.200000000 14.000000000
v -2.800000000 4.200000000 16.000000000
v -3.000000000 4.200000000 16.000000000
v -3.000000000 5.200000000 14.000000000
v -2.800000000 5.200000000 14.000000000
v -2.800000000 5.200000000 16.000000000
v -3.000000000 5.200000000 16.000000000
v -3.000000000 3.400000000 14.000000000
v -2.800000000 3.400000000 14.000000000
v -2.800000000 3.400000000 14.500000000
v -3.000000000 3.400000000 14.500000000
v -3.000000000 4.200000000 14.000000000
v -2.800000000 4.200000000 14.000000000
v -2.800000000 4.200000000 14.500000000
v -3.000000000 4.200000000 14.500000000
v -3.000000000 3.400000000 15.500000000
v -2.800000000 3.400000000 15.500000000
v -2.800000000 3.400000000 16.000000000
v -3.000000000 3.400000000 16.000000000
v -3.000000000 4.200000000 15.500000000
v -2.800000000 4.200000000 15.500000000
v -2.800000000 4.200000000 16.000000000
v -3.000000000 4.200000000 16.000000000
v 2.800000000 2.600000000 14.000000000
v 3.000000000 2.600000000 14.000000000
v 3.000000000 2.600000000 16.000000000
v 2.800000000 2.600000000 16.000000000
v 2.800000000 3.400000000 14.000000000
v 3.000000000 3.400000000 14.000000000
v 3.000000000 3.400000000 16.000000000
v 2.800000000 3.400000000 16.000000000
v 2.800000000 4.200000000 14.000000000
v 3.000000000 4.200000000 14.000000000
v 3.000000000 4.200000000 16.000000000
v 2.800000000 4.200000000 16.000000000
v 2.800000000 5.200000000 14.000000000
v 3.000000000 5.200000000 14.000000000
v 3.000000000 5.200000000 16.000000000
v 2.800000000 5.200000000 16.000000000
v 2.800000000 3.400000000 14.000000000
v 3.000000000 3.400000000 14.000000000
v 3.000000000 3.400000000 14.500000000
v 2.800000000 3.400000000 14.500000000
v 2.800000000 4.200000000 14.000000000
v 3.000000000 4.200000000 14.000000000
v 3.000000000 4.200000000 14.500000000
v 2.800000000 4.200000000 14.500000000
v 2.800000000 3.400000000 15.500000000
v 3.000000000 3.400000000 15.500000000
v 3.000000000 3.400000000 16.000000000
v 2.800000000 3.400000000 16.000000000
v 2.800000000 4.200000000 15.500000000
v 3.000000000 4.200000000 15.500000000
v 3.000000000 4.200000000 16.000000000
v 2.800000000 4.200000000 16.000000000
v 3.000000000 2.600000000 16.000000000
v 2.942355841 2.600000000 16.390180644
v 2.746198785 2.600000000 16.351162580
v 2.800000000 2.600000000 16.000000000
v 3.000000000 3.400000000 16.000000000
v 2.942355841 3.400000000 16.390180644
v 2.746198785 3.400000000 16.351162580
v 2.800000000 3.400000000 16.000000000
v 3.000000000 3.400000000 16.000000000
v 2.942355841 3.400000000 16.390180644
v 2.746198785 3.400000000 16.351162580
v 2.800000000 3.400000000 16.000000000
v 3.000000000 4.200000000 16.000000000
v 2.942355841 4.200000000 16.390180644
v 2.746198785 4.200000000 16.351162580
v 2.800000000 4.200000000 16.000000000
v 3.000000000 4.200000000 16.000000000
v 2.942355841 4.200000000 16.390180644
v 2.746198785 4.200000000 16.351162580
v 2.800000000 4.200000000 16.000000000
v 3.000000000 5.200000000 16.000000000
v 2.942355841 5.200000000 16.390180644
v 2.746198785 5.200000000 16.351162580
v 2.800000000 5.200000000 16.000000000
v 2.942355841 2.600000000 16.390180644
v 2.771638598 2.600000000 16.765366865
v 2.586862691 2.600000000 16.688830178
v 2.746198785 2.600000000 16.351162580
v 2.942355841 3.400000000 16.390180644
v 2.771638598 3.400000000 16.765366865
v 2.586862691 3.400000000 16.688830178
v 2.746198785 3.400000000 16.351162580
v 2.942355841 3.400000000 16.390180644
v 2.771638598 3.400000000 16.765366865
v 2.586862691 3.400000000 16.688830178
v 2.746198785 3.400000000 16.351162580
v 2.942355841 4.200000000 16.390180644
v 2.771638598 4.200000000 16.765366865
v 2.586862691 4.200000000 16.688830178
v 2.746198785 4.200000000 16.351162580
v 2.942355841 4.200000000 16.390180644
v 2.771638598 4.200000000 16.765366865
v 2.586862691 4.200000000 16.688830178
v 2.746198785 4.200000000 16.351162580
v 2.942355841 5.200000000 16.390180644
v 2.771638598 5.200000000 16.765366865
v 2.586862691 5.200000000 16.688830178
v 2.746198785 5.200000000 16.351162580
v 2.771638598 2.600000000 16.765366865
v 2.494408837 2.600000000 17.111140466
v 2.328114914 2.600000000 17.000026419
v 2.586862691 2.600000000 16.688830178
v 2.771638598 3.400000000 16.765366865
v 2.494408837 3.400000000 17.111140466
v 2.328114914 3.400000000 17.000026419
v 2.586862691 3.400000000 16.688830178
v 2.771638598 3.400000000 16.765366865
v 2.494408837 3.400000000 17.111140466
v 2.328114914 3.400000000 17.000026419
v 2.586862691 3.400000000 16.688830178
v 2.771638598 4.200000000 16.765366865
v 2.494408837 4.200000000 17.111140466
v 2.328114914 4.200000000 17.000026419
v 2.586862691 4.200000000 16.688830178
v 2.771638598 4.200000000 16.765366865
v 2.494408837 4.200000000 17.111140466
v 2.328114914 4.200000000 17.000026419
v 2.586862691 4.200000000 16.688830178
v 2.771638598 5.200000000 16.765366865
v 2.494408837 5.200000000 17.111140466
v 2.328114914 5.200000000 17.000026419
v 2.586862691 5.200000000 16.688830178
v 2.494408837 2.600000000 17.111140466
v 2.121320344 2.600000000 17.414213562
v 1.979898987 2.600000000 17.272792206
v 2.328114914 2.600000000 17.000026419
v 2.494408837 3.400000000 17.111140466
v 2.121320344 3.400000000 17.414213562
v 1.979898987 3.400000000 17.272792206
v 2.328114914 3.400000000 17.000026419
v 2.494408837 3.400000000 17.111140466
v 2.121320344 3.400000000 17.414213562
v 1.979898987 3.400000000 17.272792206
v 2.328114914 3.400000000 17.000026419
v 2.494408837 4.200000000 17.111140466
v 2.121320344 4.200000000 17.414213562
v 1.979898987 4.200000000 17.272792206
v 2.328114914 4.200000000 17.000026419
v 2.494408837 4.200000000 17.111140466
v 2.121320344 4.200000000 17.414213562
v 1.979898987 4.200000000 17.272792206
v 2.328114914 4.200000000 17.000026419
v 2.494408837 5.200000000 17.111140466
v 2.121320344 5.200000000 17.414213562
v 1.979898987 5.200000000 17.272792206
v 2.328114914 5.200000000 17.000026419
v 2.121320344 2.600000000 17.414213562
v 1.666710699 2.600000000 17.662939225
v 1.555596652 2.600000000 17.496645302
v 1.979898987 2.600000000 17.272792206
v 2.121320344 3.400000000 17.414213562
v 1.666710699 3.400000000 17.662939225
v 1.555596652 3.400000000 17.496645302
v 1.979898987 3.400000000 17.272792206
v 2.121320344 3.400000000 17.414213562
v 1.666710699 3.400000000 17.662939225
v 1.555596652 3.400000000 17.496645302
v 1.979898987 3.400000000 17.272792206
v 2.121320344 4.200000000 17.414213562
v 1.666710699 4.200000000 17.662939225
v 1.555596652 4.200000000 17.496645302
v 1.979898987 4.200000000 17.272792206
v 2.121320344 4.200000000 17.414213562
v 1.666710699 4.200000000 17.662939225
v 1.555596652 4.200000000 17.496645302
v 1.979898987 4.200000000 17.272792206
v 2.121320344 5.200000000 17.414213562
v 1.666710699 5.200000000 17.662939225
v 1.555596652 5.200000000 17.496645302
v 1.979898987 5.200000000 17.272792206
v 1.666710699 2.600000000 17.662939225
v 1.148050297 2.600000000 17.847759065
v 1.071513611 2.600000000 17.662983159
v 1.555596652 2.600000000 17.496645302
v 1.666710699 3.400000000 17.662939225
v 1.148050297 3.400000000 17.847759065
v 1.071513611 3.400000000 17.662983159
v 1.555596652 3.400000000 17.496645302
v 1.666710699 3.400000000 17.662939225
v 1.148050297 3.400000000 17.847759065
v 1.071513611 3.400000000 17.662983159
v 1.555596652 3.400000000 17.496645302
v 1.666710699 4.200000000 17.662939225
v 1.148050297 4.200000000 17.847759065
v 1.071513611 4.200000000 17.662983159
v 1.555596652 4.200000000 17.496645302
v 1.666710699 4.200000000 17.662939225
v 1.148050297 4.200000000 17.847759065
v 1.071513611 4.200000000 17.662983159
v 1.555596652 4.200000000 17.496645302
v 1.666710699 5.200000000 17.662939225
v 1.148050297 5.200000000 17.847759065
v 1.071513611 5.200000000 17.662983159
v 1.555596652 5.200000000 17.496645302
v 1.148050297 2.600000000 17.847759065
v 0.585270966 2.600000000 17.961570561
v 0.546252902 2.600000000 17.765413505
v 1.071513611 2.600000000 17.662983159
v 1.148050297 3.400000000 17.847759065
v 0.585270966 3.400000000 17.961570561
v 0.546252902 3.400000000 17.765413505
v 1.071513611 3.400000000 17.662983159
v 1.148050297 3.400000000 17.847759065
v 0.585270966 3.400000000 17.961570561
v 0.546252902 3.400000000 17.765413505
v 1.071513611 3.400000000 17.662983159
v 1.148050297 4.200000000 17.847759065
v 0.585270966 4.200000000 17.961570561
v 0.546252902 4.200000000 17.765413505
v 1.071513611 4.200000000 17.662983159
v 1.148050297 4.200000000 17.847759065
v 0.585270966 4.200000000 17.961570561
v 0.546252902 4.200000000 17.765413505
v 1.071513611 4.200000000 17.662983159
v 1.148050297 5.200000000 17.847759065
v 0.585270966 5.200000000 17.961570561
v 0.546252902 5.200000000 17.765413505
v 1.071513611 5.200000000 17.662983159
v 0.585270966 2.600000000 17.961570561
v 0.000000000 2.600000000 18.000000000
v 0.000000000 2.600000000 17.800000000
v 0.546252902 2.600000000 17.765413505
v 0.585270966 3.400000000 17.961570561
v 0.000000000 3.400000000 18.000000000
v 0.000000000 3.400000000 17.800000000
v 0.546252902 3.400000000 17.765413505
v 0.585270966 3.400000000 17.961570561
v 0.000000000 3.400000000 18.000000000
v 0.000000000 3.400000000 17.800000000
v 0.546252902 3.400000000 17.765413505
v 0.585270966 4.200000000 17.961570561
v 0.000000000 4.200000000 18.000000000
v 0.000000000 4.200000000 17.800000000
v 0.546252902 4.200000000 17.765413505
v 0.585270966 4.200000000 17.961570561
v 0.000000000 4.200000000 18.000000000
v 0.000000000 4.200000000 17.800000000
v 0.546252902 4.200000000 17.765413505
v 0.585270966 5.200000000 17.961570561
v 0.000000000 5.200000000 18.000000000
v 0.000000000 5.200000000 17.800000000
v 0.546252902 5.200000000 17.765413505
v 0.000000000 2.600000000 18.000000000
v -0.585270966 2.600000000 17.961570561
v -0.546252902 2.600000000 17.765413505
v 0.000000000 2.600000000 17.800000000
v 0.000000000 3.400000000 18.000000000
v -0.585270966 3.400000000 17.961570561
v -0.546252902 3.400000000 17.765413505
v 0.000000000 3.400000000 17.800000000
v 0.000000000 3.400000000 18.000000000
v -0.585270966 3.400000000 17.961570561
v -0.546252902 3.400000000 17.765413505
v 0.000000000 3.400000000 17.800000000
v 0.000000000 4.200000000 18.000000000
v -0.585270966 4.200000000 17.961570561
v -0.546252902 4.200000000 17.765413505
v 0.000000000 4.200000000 17.800000000
v 0.000000000 4.200000000 18.000000000
v -0.585270966 4.200000000 17.961570561
v -0.546252902 4.200000000 17.765413505
v 0.000000000 4.200000000 17.800000000
v 0.000000000 5.200000000 18.000000000
v -0.585270966 5.200000000 17.961570561
v -0.546252902 5.200000000 17.765413505
v 0.000000000 5.200000000 17.800000000
v -0.585270966 2.600000000 17.961570561
v -1.148050297 2.600000000 17.847759065
v -1.071513611 2.600000000 17.662983159
v -0.546252902 2.600000000 17.765413505
v -0.585270966 3.400000000 17.961570561
v -1.148050297 3.400000000 17.847759065
v -1.071513611 3.400000000 17.662983159
v -0.546252902 3.400000000 17.765413505
v -0.585270966 3.400000000 17.961570561
v -1.148050297 3.400000000 17.847759065
v -1.071513611 3.400000000 17.662983159
v -0.546252902 3.400000000 17.765413505
v -0.585270966 4.200000000 17.961570561
v -1.148050297 4.200000000 17.847759065
v -1.071513611 4.200000000 17.662983159
v -0.546252902 4.200000000 17.765413505
v -0.585270966 4.200000000 17.961570561
v -1.148050297 4.200000000 17.847759065
v -1.071513611 4.200000000 17.662983159
v -0.546252902 4.200000000 17.765413505
v -0.585270966 5.200000000 17.961570561
v -1.148050297 5.200000000 17.847759065
v -1.071513611 5.200000000 17.662983159
v -0.546252902 5.200000000 17.765413505
v -1.148050297 2.600000000 17.847759065
v -1.666710699 2.600000000 17.662939225
v -1.555596652 2.600000000 17.496645302
v -1.071513611 2.600000000 17.662983159
v -1.148050297 3.400000000 17.847759065
v -1.666710699 3.400000000 17.662939225
v -1.555596652 3.400000000 17.496645302
v -1.071513611 3.400000000 17.662983159
v -1.148050297 3.400000000 17.847759065
v -1.666710699 3.400000000 17.662939225
v -1.555596652 3.400000000 17.496645302
v -1.071513611 3.400000000 17.662983159
v -1.148050297 4.200000000 17.847759065
v -1.666710699 4.200000000 17.662939225
v -1.555596652 4.200000000 17.496645302
v -1.071513611 4.200000000 17.662983159
v -1.148050297 4.200000000 17.847759065
v -1.666710699 4.200000000 17.662939225
v -1.555596652 4.200000000 17.496645302
v -1.071513611 4.200000000 17.662983159
v -1.148050297 5.200000000 17.847759065
v -1.666710699 5.200000000 17.662939225
v -1.555596652 5.200000000 17.496645302
v -1.071513611 5.200000000 17.662983159
v -1.666710699 2.600000000 17.662939225
v -2.121320344 2.600000000 17.414213562
v -1.979898987 2.600000000 17.272792206
v -1.555596652 2.600000000 17.496645302
v -1.666710699 3.400000000 17.662939225
v -2.121320344 3.400000000 17.414213562
v -1.979898987 3.400000000 17.272792206
v -1.555596652 3.400000000 17.496645302
v -1.666710699 3.400000000 17.662939225
v -2.121320344 3.400000000 17.414213562
v -1.979898987 3.400000000 17.272792206
v -1.555596652 3.400000000 17.496645302
v -1.666710699 4.200000000 17.662939225
v -2.121320344 4.200000000 17.414213562
v -1.979898987 4.200000000 17.272792206
v -1.555596652 4.200000000 17.496645302
v -1.666710699 4.200000000 17.662939225
v -2.121320344 4.200000000 17.414213562
v -1.979898987 4.200000000 17.272792206
v -1.555596652 4.200000000 17.496645302
v -1.666710699 5.200000000 17.662939225
v -2.121320344 5.200000000 17.414213562
v -1.979898987 5.200000000 17.272792206
v -1.555596652 5.200000000 17.496645302
v -2.121320344 2.600000000 17.414213562
v -2.494408837 2.600000000 17.111140466
v -2.328114914 2.600000000 17.000026419
v -1.979898987 2.600000000 17.272792206
v -2.121320344 3.400000000 17.414213562
v -2.494408837 3.400000000 17.111140466
v -2.328114914 3.400000000 17.000026419
v -1.979898987 3.400000000 17.272792206
v -2.121320344 3.400000000 17.414213562
v -2.494408837 3.400000000 17.111140466
v -2.328114914 3.400000000 17.000026419
v -1.979898987 3.400000000 17.272792206
v -2.121320344 4.200000000 17.414213562
v -2.494408837 4.200000000 17.111140466
v -2.328114914 4.200000000 17.000026419
v -1.979898987 4.200000000 17.272792206
v -2.121320344 4.200000000 17.414213562
v -2.494408837 4.200000000 17.111140466
v -2.328114914 4.200000000 17.000026419
v -1.979898987 4.200000000 17.272792206
v -2.121320344 5.200000000 17.414213562
v -2.494408837 5.200000000 17.111140466
v -2.328114914 5.200000000 17.000026419
v -1.979898987 5.200000000 17.272792206
v -2.494408837 2.600000000 17.111140466
v -2.771638598 2.600000000 16.765366865
v -2.586862691 2.600000000 16.688830178
v -2.328114914 2.600000000 17.000026419
v -2.494408837 3.400000000 17.111140466
v -2.771638598 3.400000000 16.765366865
v -2.586862691 3.400000000 16.688830178
v -2.328114914 3.400000000 17.000026419
v -2.494408837 3.400000000 17.111140466
v -2.771638598 3.400000000 16.765366865
v -2.586862691 3.400000000 16.688830178
v -2.328114914 3.400000000 17.000026419
v -2.494408837 4.200000000 17.111140466
v -2.771638598 4.200000000 16.765366865
v -2.586862691 4.200000000 16.688830178
v -2.328114914 4.200000000 17.000026419
v -2.494408837 4.200000000 17.111140466
v -2.771638598 4.200000000 16.765366865
v -2.586862691 4.200000000 16.688830178
v -2.328114914 4.200000000 17.000026419
v -2.494408837 5.200000000 17.111140466
v -2.771638598 5.200000000 16.765366865
v -2.586862691 5.200000000 16.688830178
v -2.328114914 5.200000000 17.000026419
v -2.771638598 2.600000000 16.765366865
v -2.942355841 2.600000000 16.390180644
v -2.746198785 2.600000000 16.351162580
v -2.586862691 2.600000000 16.688830178
v -2.771638598 3.400000000 16.765366865
v -2.942355841 3.400000000 16.390180644
v -2.746198785 3.400000000 16.351162580
v -2.586862691 3.400000000 16.688830178
v -2.771638598 3.400000000 16.765366865
v -2.942355841 3.400000000 16.390180644
v -2.746198785 3.400000000 16.351162580
v -2.586862691 3.400000000 16.688830178
v -2.771638598 4.200000000 16.765366865
v -2.942355841 4.200000000 16.390180644
v -2.746198785 4.200000000 16.351162580
v -2.586862691 4.200000000 16.688830178
v -2.771638598 4.200000000 16.765366865
v -2.942355841 4.200000000 16.390180644
v -2.746198785 4.200000000 16.351162580
v -2.586862691 4.200000000 16.688830178
v -2.771638598 5.200000000 16.765366865
v -2.942355841 5.200000000 16.390180644
v -2.746198785 5.200000000 16.351162580
v -2.586862691 5.200000000 16.688830178
v -2.942355841 2.600000000 16.390180644
v -3.000000000 2.600000000 16.000000000
v -2.800000000 2.600000000 16.000000000
v -2.746198785 2.600000000 16.351162580
v -2.942355841 3.400000000 16.390180644
v -3.000000000 3.400000000 16.000000000
v -2.800000000 3.400000000 16.000000000
v -2.746198785 3.400000000 16.351162580
v -2.942355841 3.400000000 16.390180644
v -3.000000000 3.400000000 16.000000000
v -2.800000000 3.400000000 16.000000000
v -2.746198785 3.400000000 16.351162580
v -2.942355841 4.200000000 16.390180644
v -3.000000000 4.200000000 16.000000000
v -2.800000000 4.200000000 16.000000000
v -2.746198785 4.200000000 16.351162580
v -2.942355841 4.200000000 16.390180644
v -3.000000000 4.200000000 16.000000000
v -2.800000000 4.200000000 16.000000000
v -2.746198785 4.200000000 16.351162580
v -2.942355841 5.200000000 16.390180644
v -3.000000000 5.200000000 16.000000000
v -2.800000000 5.200000000 16.000000000
v -2.746198785 5.200000000 16.351162580
v -2.800000000 2.420000000 4.000000000
v -2.029550821 2.420000000 2.112393534
v -1.064993660 2.420000000 1.147836373
v 0.000000000 2.420000000 0.260341656
v 1.064993660 2.420000000 1.147836373
v 2.029550821 2.420000000 2.112393534
v 2.800000000 2.420000000 4.000000000
v -2.800000000 2.600000000 4.000000000
v -2.029550821 2.600000000 2.112393534
v -1.064993660 2.600000000 1.147836373
v 0.000000000 2.600000000 0.260341656
v 1.064993660 2.600000000 1.147836373
v 2.029550821 2.600000000 2.112393534
v 2.800000000 2.600000000 4.000000000
v -2.800000000 2.420000000 4.000000000
v 2.800000000 2.420000000 4.000000000
v 2.800000000 2.420000000 6.000000000
v -2.800000000 2.420000000 6.000000000
v -2.800000000 2.600000000 4.000000000
v 2.800000000 2.600000000 4.000000000
v 2.800000000 2.600000000 6.000000000
v -2.800000000 2.600000000 6.000000000
v -2.800000000 2.420000000 6.000000000
v 2.800000000 2.420000000 6.000000000
v 2.800000000 2.420000000 8.000000000
v -2.800000000 2.420000000 8.000000000
v -2.800000000 2.600000000 6.000000000
v 2.800000000 2.600000000 6.000000000
v 2.800000000 2.600000000 8.000000000
v -2.800000000 2.600000000 8.000000000
v -2.800000000 2.420000000 8.000000000
v 2.800000000 2.420000000 8.000000000
v 2.800000000 2.420000000 10.000000000
v -2.800000000 2.420000000 10.000000000
v -2.800000000 2.600000000 8.000000000
v 2.800000000 2.600000000 8.000000000
v 2.800000000 2.600000000 10.000000000
v -2.800000000 2.600000000 10.000000000
v -2.800000000 2.420000000 10.000000000
v 2.800000000 2.420000000 10.000000000
v 2.800000000 2.420000000 12.000000000
v -2.800000000 2.420000000 12.000000000
v -2.800000000 2.600000000 10.000000000
v 2.800000000 2.600000000 10.000000000
v 2.800000000 2.600000000 12.000000000
v -2.800000000 2.600000000 12.000000000
v -2.800000000 2.420000000 12.000000000
v 2.800000000 2.420000000 12.000000000
v 2.800000000 2.420000000 14.000000000
v -2.800000000 2.420000000 14.000000000
v -2.800000000 2.600000000 12.000000000
v 2.800000000 2.600000000 12.000000000
v 2.800000000 2.600000000 14.000000000
v -2.800000000 2.600000000 14.000000000
v -2.800000000 2.420000000 14.000000000
v 2.800000000 2.420000000 14.000000000
v 2.800000000 2.420000000 16.000000000
v -2.800000000 2.420000000 16.000000000
v -2.800000000 2.600000000 14.000000000
v 2.800000000 2.600000000 14.000000000
v 2.800000000 2.600000000 16.000000000
v -2.800000000 2.600000000 16.000000000
v 2.800000000 2.420000000 16.000000000
v 2.746198785 2.420000000 16.351162580
v 2.586862691 2.420000000 16.688830178
v 2.328114914 2.420000000 17.000026419
v 1.979898987 2.420000000 17.272792206
v 1.555596652 2.420000000 17.496645302
v 1.071513611 2.420000000 17.662983159
v 0.546252902 2.420000000 17.765413505
v 0.000000000 2.420000000 17.800000000
v -0.546252902 2.420000000 17.765413505
v -1.071513611 2.420000000 17.662983159
v -1.555596652 2.420000000 17.496645302
v -1.979898987 2.420000000 17.272792206
v -2.328114914 2.420000000 17.000026419
v -2.586862691 2.420000000 16.688830178
v -2.746198785 2.420000000 16.351162580
v -2.800000000 2.420000000 16.000000000
v 2.800000000 2.600000000 16.000000000
v 2.746198785 2.600000000 16.351162580
v 2.586862691 2.600000000 16.688830178
v 2.328114914 2.600000000 17.000026419
v 1.979898987 2.600000000 17.272792206
v 1.555596652 2.600000000 17.496645302
v 1.071513611 2.600000000 17.662983159
v 0.546252902 2.600000000 17.765413505
v 0.000000000 2.600000000 17.800000000
v -0.546252902 2.600000000 17.765413505
v -1.071513611 2.600000000 17.662983159
v -1.555596652 2.600000000 17.496645302
v -1.979898987 2.600000000 17.272792206
v -2.328114914 2.600000000 17.000026419
v -2.586862691 2.600000000 16.688830178
v -2.746198785 2.600000000 16.351162580
v -2.800000000 2.600000000 16.000000000
v -3.000000000 5.200000000 4.000000000
v -2.200000000 5.200000000 2.000000000
v -2.029550821 5.200000000 2.112393534
v -2.800000000 5.200000000 4.000000000
v -3.000000000 6.000000000 4.000000000
v -2.200000000 6.000000000 2.000000000
v -2.029550821 6.000000000 2.112393534
v -2.800000000 6.000000000 4.000000000
v -3.000000000 6.000000000 4.000000000
v -2.200000000 6.000000000 2.000000000
v -2.029550821 6.000000000 2.112393534
v -2.800000000 6.000000000 4.000000000
v -3.000000000 6.800000000 4.000000000
v -2.200000000 6.800000000 2.000000000
v -2.029550821 6.800000000 2.112393534
v -2.800000000 6.800000000 4.000000000
v -3.000000000 6.800000000 4.000000000
v -2.200000000 6.800000000 2.000000000
v -2.029550821 6.800000000 2.112393534
v -2.800000000 6.800000000 4.000000000
v -3.000000000 7.800000000 4.000000000
v -2.200000000 7.800000000 2.000000000
v -2.029550821 7.800000000 2.112393534
v -2.800000000 7.800000000 4.000000000
v -2.200000000 5.200000000 2.000000000
v -1.200000000 5.200000000 1.000000000
v -1.064993660 5.200000000 1.147836373
v -2.029550821 5.200000000 2.112393534
v -2.200000000 6.000000000 2.000000000
v -1.200000000 6.000000000 1.000000000
v -1.064993660 6.000000000 1.147836373
v -2.029550821 6.000000000 2.112393534
v -2.200000000 6.000000000 2.000000000
v -1.200000000 6.000000000 1.000000000
v -1.064993660 6.000000000 1.147836373
v -2.029550821 6.000000000 2.112393534
v -2.200000000 6.800000000 2.000000000
v -1.200000000 6.800000000 1.000000000
v -1.064993660 6.800000000 1.147836373
v -2.029550821 6.800000000 2.112393534
v -2.200000000 6.800000000 2.000000000
v -1.200000000 6.800000000 1.000000000
v -1.064993660 6.800000000 1.147836373
v -2.029550821 6.800000000 2.112393534
v -2.200000000 7.800000000 2.000000000
v -1.200000000 7.800000000 1.000000000
v -1.064993660 7.800000000 1.147836373
v -2.029550821 7.800000000 2.112393534
v -1.200000000 5.200000000 1.000000000
v 0.000000000 5.200000000 0.000000000
v 0.000000000 5.200000000 0.260341656
v -1.064993660 5.200000000 1.147836373
v -1.200000000 6.000000000 1.000000000
v 0.000000000 6.000000000 0.000000000
v 0.000000000 6.000000000 0.260341656
v -1.064993660 6.000000000 1.147836373
v -1.200000000 6.000000000 1.000000000
v 0.000000000 6.000000000 0.000000000
v 0.000000000 6.000000000 0.260341656
v -1.064993660 6.000000000 1.147836373
v -1.200000000 6.800000000 1.000000000
v 0.000000000 6.800000000 0.000000000
v 0.000000000 6.800000000 0.260341656
v -1.064993660 6.800000000 1.147836373
v -1.200000000 6.800000000 1.000000000
v 0.000000000 6.800000000 0.000000000
v 0.000000000 6.800000000 0.260341656
v -1.064993660 6.800000000 1.147836373
v -1.200000000 7.800000000 1.000000000
v 0.000000000 7.800000000 0.000000000
v 0.000000000 7.800000000 0.260341656
v -1.064993660 7.800000000 1.147836373
v 0.000000000 5.200000000 0.000000000
v 1.200000000 5.200000000 1.000000000
v 1.064993660 5.200000000 1.147836373
v 0.000000000 5.200000000 0.260341656
v 0.000000000 6.000000000 0.000000000
v 1.200000000 6.000000000 1.000000000
v 1.064993660 6.000000000 1.147836373
v 0.000000000 6.000000000 0.260341656
v 0.000000000 6.000000000 0.000000000
v 1.200000000 6.000000000 1.000000000
v 1.064993660 6.000000000 1.147836373
v 0.000000000 6.000000000 0.260341656
v 0.000000000 6.800000000 0.000000000
v 1.200000000 6.800000000 1.000000000
v 1.064993660 6.800000000 1.147836373
v 0.000000000 6.800000000 0.260341656
v 0.000000000 6.800000000 0.000000000
v 1.200000000 6.800000000 1.000000000
v 1.064993660 6.800000000 1.147836373
v 0.000000000 6.800000000 0.260341656
v 0.000000000 7.800000000 0.000000000
v 1.200000000 7.800000000 1.000000000
v 1.064993660 7.800000000 1.147836373
v 0.000000000 7.800000000 0.260341656
v 1.200000000 5.200000000 1.000000000
v 2.200000000 5.200000000 2.000000000
v 2.029550821 5.200000000 2.112393534
v 1.064993660 5.200000000 1.147836373
v 1.200000000 6.000000000 1.000000000
v 2.200000000 6.000000000 2.000000000
v 2.029550821 6.000000000 2.112393534
v 1.064993660 6.000000000 1.147836373
v 1.200000000 6.000000000 1.000000000
v 2.200000000 6.000000000 2.000000000
v 2.029550821 6.000000000 2.112393534
v 1.064993660 6.000000000 1.147836373
v 1.200000000 6.800000000 1.000000000
v 2.200000000 6.800000000 2.000000000
v 2.029550821 6.800000000 2.112393534
v 1.064993660 6.800000000 1.147836373
v 1.200000000 6.800000000 1.000000000
v 2.200000000 6.800000000 2.000000000
v 2.029550821 6.800000000 2.112393534
v 1.064993660 6.800000000 1.147836373
v 1.200000000 7.800000000 1.000000000
v 2.200000000 7.800000000 2.000000000
v 2.029550821 7.800000000 2.112393534
v 1.064993660 7.800000000 1.147836373
v 2.200000000 5.200000000 2.000000000
v 3.000000000 5.200000000 4.000000000
v 2.800000000 5.200000000 4.000000000
v 2.029550821 5.200000000 2.112393534
v 2.200000000 6.000000000 2.000000000
v 3.000000000 6.000000000 4.000000000
v 2.800000000 6.000000000 4.000000000
v 2.029550821 6.000000000 2.112393534
v 2.200000000 6.000000000 2.000000000
v 3.000000000 6.000000000 4.000000000
v 2.800000000 6.000000000 4.000000000
v 2.029550821 6.000000000 2.112393534
v 2.200000000 6.800000000 2.000000000
v 3.000000000 6.800000000 4.000000000
v 2.800000000 6.800000000 4.000000000
v 2.029550821 6.800000000 2.112393534
v 2.200000000 6.800000000 2.000000000
v 3.000000000 6.800000000 4.000000000
v 2.800000000 6.800000000 4.000000000
v 2.029550821 6.800000000 2.112393534
v 2.200000000 7.800000000 2.000000000
v 3.000000000 7.800000000 4.000000000
v 2.800000000 7.800000000 4.000000000
v 2.029550821 7.800000000 2.112393534
v -3.000000000 5.200000000 4.000000000
v -2.800000000 5.200000000 4.000000000
v -2.800000000 5.200000000 6.000000000
v -3.000000000 5.200000000 6.000000000
v -3.000000000 6.000000000 4.000000000
v -2.800000000 6.000000000 4.000000000
v -2.800000000 6.000000000 6.000000000
v -3.000000000 6.000000000 6.000000000
v -3.000000000 6.800000000 4.000000000
v -2.800000000 6.800000000 4.000000000
v -2.800000000 6.800000000 6.000000000
v -3.000000000 6.800000000 6.000000000
v -3.000000000 7.800000000 4.000000000
v -2.800000000 7.800000000 4.000000000
v -2.800000000 7.800000000 6.000000000
v -3.000000000 7.800000000 6.000000000
v -3.000000000 6.000000000 4.000000000
v -2.800000000 6.000000000 4.000000000
v -2.800000000 6.000000000 4.500000000
v -3.000000000 6.000000000 4.500000000
v -3.000000000 6.800000000 4.000000000
v -2.800000000 6.800000000 4.000000000
v -2.800000000 6.800000000 4.500000000
v -3.000000000 6.800000000 4.500000000
v -3.000000000 6.000000000 5.500000000
v -2.800000000 6.000000000 5.500000000
v -2.800000000 6.000000000 6.000000000
v -3.000000000 6.000000000 6.000000000
v -3.000000000 6.800000000 5.500000000
v -2.800000000 6.800000000 5.500000000
v -2.800000000 6.800000000 6.000000000
v -3.000000000 6.800000000 6.000000000
v 2.800000000 5.200000000 4.000000000
v 3.000000000 5.200000000 4.000000000
v 3.000000000 5.200000000 6.000000000
v 2.800000000 5.200000000 6.000000000
v 2.800000000 6.000000000 4.000000000
v 3.000000000 6.000000000 4.000000000
v 3.000000000 6.000000000 6.000000000
v 2.800000000 6.000000000 6.000000000
v 2.800000000 6.800000000 4.000000000
v 3.000000000 6.800000000 4.000000000
v 3.000000000 6.800000000 6.000000000
v 2.800000000 6.800000000 6.000000000
v 2.800000000 7.800000000 4.000000000
v 3.000000000 7.800000000 4.000000000
v 3.000000000 7.800000000 6.000000000
v 2.800000000 7.800000000 6.000000000
v 2.800000000 6.000000000 4.000000000
v 3.000000000 6.000000000 4.000000000
v 3.000000000 6.000000000 4.500000000
v 2.800000000 6.000000000 4.500000000
v 2.800000000 6.800000000 4.000000000
v 3.000000000 6.800000000 4.000000000
v 3.000000000 6.800000000 4.500000000
v 2.800000000 6.800000000 4.500000000
v 2.800000000 6.000000000 5.500000000
v 3.000000000 6.000000000 5.500000000
v 3.000000000 6.000000000 6.000000000
v 2.800000000 6.000000000 6.000000000
v 2.800000000 6.800000000 5.500000000
v 3.000000000 6.800000000 5.500000000
v 3.000000000 6.800000000 6.000000000
v 2.800000000 6.800000000 6.000000000
v -3.000000000 5.200000000 6.000000000
v -2.800000000 5.200000000 6.000000000
v -2.800000000 5.200000000 8.000000000
v -3.000000000 5.200000000 8.000000000
v -3.000000000 6.000000000 6.000000000
v -2.800000000 6.000000000 6.000000000
v -2.800000000 6.000000000 8.000000000
v -3.000000000 6.000000000 8.000000000
v -3.000000000 6.800000000 6.000000000
v -2.800000000 6.800000000 6.000000000
v -2.800000000 6.800000000 8.000000000
v -3.000000000 6.800000000 8.000000000
v -3.000000000 7.800000000 6.000000000
v -2.800000000 7.800000000 6.000000000
v -2.800000000 7.800000000 8.000000000
v -3.000000000 7.800000000 8.000000000
v -3.000000000 6.000000000 6.000000000
v -2.800000000 6.000000000 6.000000000
v -2.800000000 6.000000000 6.500000000
v -3.000000000 6.000000000 6.500000000
v -3.000000000 6.800000000 6.000000000
v -2.800000000 6.800000000 6.000000000
v -2.800000000 6.800000000 6.500000000
v -3.000000000 6.800000000 6.500000000
v -3.000000000 6.000000000 7.500000000
v -2.800000000 6.000000000 7.500000000
v -2.800000000 6.000000000 8.000000000
v -3.000000000 6.000000000 8.000000000
v -3.000000000 6.800000000 7.500000000
v -2.800000000 6.800000000 7.500000000
v -2.800000000 6.800000000 8.000000000
v -3.000000000 6.800000000 8.000000000
v 2.800000000 5.200000000 6.000000000
v 3.000000000 5.200000000 6.000000000
v 3.000000000 5.200000000 8.000000000
v 2.800000000 5.200000000 8.000000000
v 2.800000000 6.000000000 6.000000000
v 3.000000000 6.000000000 6.000000000
v 3.000000000 6.000000000 8.000000000
v 2.800000000 6.000000000 8.000000000
v 2.800000000 6.800000000 6.000000000
v 3.000000000 6.800000000 6.000000000
v 3.000000000 6.800000000 8.000000000
v 2.800000000 6.800000000 8.000000000
v 2.800000000 7.800000000 6.000000000
v 3.000000000 7.800000000 6.000000000
v 3.000000000 7.800000000 8.000000000
v 2.800000000 7.800000000 8.000000000
v 2.800000000 6.000000000 6.000000000
v 3.000000000 6.000000000 6.000000000
v 3.000000000 6.000000000 6.500000000
v 2.800000000 6.000000000 6.500000000
v 2.800000000 6.800000000 6.000000000
v 3.000000000 6.800000000 6.000000000
v 3.000000000 6.800000000 6.500000000
v 2.800000000 6.800000000 6.500000000
v 2.800000000 6.000000000 7.500000000
v 3.000000000 6.000000000 7.500000000
v 3.000000000 6.000000000 8.000000000
v 2.800000000 6.000000000 8.000000000
v 2.800000000 6.800000000 7.500000000
v 3.000000000 6.800000000 7.500000000
v 3.000000000 6.800000000 8.000000000
v 2.800000000 6.800000000 8.000000000
v -3.000000000 5.200000000 8.000000000
v -2.800000000 5.200000000 8.000000000
v -2.800000000 5.200000000 10.000000000
v -3.000000000 5.200000000 10.000000000
v -3.000000000 6.000000000 8.000000000
v -2.800000000 6.000000000 8.000000000
v -2.800000000 6.000000000 10.000000000
v -3.000000000 6.000000000 10.000000000
v -3.000000000 6.800000000 8.000000000
v -2.800000000 6.800000000 8.000000000
v -2.800000000 6.800000000 10.000000000
v -3.000000000 6.800000000 10.000000000
v -3.000000000 7.800000000 8.000000000
v -2.800000000 7.800000000 8.000000000
v -2.800000000 7.800000000 10.000000000
v -3.000000000 7.800000000 10.000000000
v -3.000000000 6.000000000 8.000000000
v -2.800000000 6.000000000 8.000000000
v -2.800000000 6.000000000 8.500000000
v -3.000000000 6.000000000 8.500000000
v -3.000000000 6.800000000 8.000000000
v -2.800000000 6.800000000 8.000000000
v -2.800000000 6.800000000 8.500000000
v -3.000000000 6.800000000 8.500000000
v -3.000000000 6.000000000 9.500000000
v -2.800000000 6.000000000 9.500000000
v -2.800000000 6.000000000 10.000000000
v -3.000000000 6.000000000 10.000000000
v -3.000000000 6.800000000 9.500000000
v -2.800000000 6.800000000 9.500000000
v -2.800000000 6.800000000 10.000000000
v -3.000000000 6.800000000 10.000000000
v 2.800000000 5.200000000 8.000000000
v 3.000000000 5.200000000 8.000000000
v 3.000000000 5.200000000 10.000000000
v 2.800000000 5.200000000 10.000000000
v 2.800000000 6.000000000 8.000000000
v 3.000000000 6.000000000 8.000000000
v 3.000000000 6.000000000 10.000000000
v 2.800000000 6.000000000 10.000000000
v 2.800000000 6.800000000 8.000000000
v 3.000000000 6.800000000 8.000000000
v 3.000000000 6.800000000 10.000000000
v 2.800000000 6.800000000 10.000000000
v 2.800000000 7.800000000 8.000000000
v 3.000000000 7.800000000 8.000000000
v 3.000000000 7.800000000 10.000000000
v 2.800000000 7.800000000 10.000000000
v 2.800000000 6.000000000 8.000000000
v 3.000000000 6.000000000 8.000000000
v 3.000000000 6.000000000 8.500000000
v 2.800000000 6.000000000 8.500000000
v 2.800000000 6.800000000 8.000000000
v 3.000000000 6.800000000 8.000000000
v 3.000000000 6.800000000 8.500000000
v 2.800000000 6.800000000 8.500000000
v 2.800000000 6.000000000 9.500000000
v 3.000000000 6.000000000 9.500000000
v 3.000000000 6.000000000 10.000000000
v 2.800000000 6.000000000 10.000000000
v 2.800000000 6.800000000 9.500000000
v 3.000000000 6.800000000 9.500000000
v 3.000000000 6.800000000 10.000000000
v 2.800000000 6.800000000 10.000000000
v -3.000000000 5.200000000 10.000000000
v -2.800000000 5.200000000 10.000000000
v -2.800000000 5.200000000 12.000000000
v -3.000000000 5.200000000 12.000000000
v -3.000000000 6.000000000 10.000000000
v -2.800000000 6.000000000 10.000000000
v -2.800000000 6.000000000 12.000000000
v -3.000000000 6.000000000 12.000000000
v -3.000000000 6.800000000 10.000000000
v -2.800000000 6.800000000 10.000000000
v -2.800000000 6.800000000 12.000000000
v -3.000000000 6.800000000 12.000000000
v -3.000000000 7.800000000 10.000000000
v -2.800000000 7.800000000 10.000000000
v -2.800000000 7.800000000 12.000000000
v -3.000000000 7.800000000 12.000000000
v -3.000000000 6.000000000 10.000000000
v -2.800000000 6.000000000 10.000000000
v -2.800000000 6.000000000 10.500000000
v -3.000000000 6.000000000 10.500000000
v -3.000000000 6.800000000 10.000000000
v -2.800000000 6.800000000 10.000000000
v -2.800000000 6.800000000 10.500000000
v -3.000000000 6.800000000 10.500000000
v -3.000000000 6.000000000 11.500000000
v -2.800000000 6.000000000 11.500000000
v -2.800000000 6.000000000 12.000000000
v -3.000000000 6.000000000 12.000000000
v -3.000000000 6.800000000 11.500000000
v -2.800000000 6.800000000 11.500000000
v -2.800000000 6.800000000 12.000000000
v -3.000000000 6.800000000 12.000000000
v 2.800000000 5.200000000 10.000000000
v 3.000000000 5.200000000 10.000000000
v 3.000000000 5.200000000 12.000000000
v 2.800000000 5.200000000 12.000000000
v 2.800000000 6.000000000 10.000000000
v 3.000000000 6.000000000 10.000000000
v 3.000000000 6.000000000 12.000000000
v 2.800000000 6.000000000 12.000000000
v 2.800000000 6.800000000 10.000000000
v 3.000000000 6.800000000 10.000000000
v 3.000000000 6.800000000 12.000000000
v 2.800000000 6.800000000 12.000000000
v 2.800000000 7.800000000 10.000000000
v 3.000000000 7.800000000 10.000000000
v 3.000000000 7.800000000 12.000000000
v 2.800000000 7.800000000 12.000000000
v 2.800000000 6.000000000 10.000000000
v 3.000000000 6.000000000 10.000000000
v 3.000000000 6.000000000 10.500000000
v 2.800000000 6.000000000 10.500000000
v 2.800000000 6.800000000 10.000000000
v 3.000000000 6.800000000 10.000000000
v 3.000000000 6.800000000 10.500000000
v 2.800000000 6.800000000 10.500000000
v 2.800000000 6.000000000 11.500000000
v 3.000000000 6.000000000 11.500000000
v 3.000000000 6.000000000 12.000000000
v 2.800000000 6.000000000 12.000000000
v 2.800000000 6.800000000 11.500000000
v 3.000000000 6.800000000 11.500000000
v 3.000000000 6.800000000 12.000000000
v 2.800000000 6.800000000 12.000000000
v -3.000000000 5.200000000 12.000000000
v -2.800000000 5.200000000 12.000000000
v -2.800000000 5.200000000 14.000000000
v -3.000000000 5.200000000 14.000000000
v -3.000000000 6.000000000 12.000000000
v -2.800000000 6.000000000 12.000000000
v -2.800000000 6.000000000 14.000000000
v -3.000000000 6.000000000 14.000000000
v -3.000000000 6.800000000 12.000000000
v -2.800000000 6.800000000 12.000000000
v -2.800000000 6.800000000 14.000000000
v -3.000000000 6.800000000 14.000000000
v -3.000000000 7.800000000 12.000000000
v -2.800000000 7.800000000 12.000000000
v -2.800000000 7.800000000 14.000000000
v -3.000000000 7.800000000 14.000000000
v -3.000000000 6.000000000 12.000000000
v -2.800000000 6.000000000 12.000000000
v -2.800000000 6.000000000 12.500000000
v -3.000000000 6.000000000 12.500000000
v -3.000000000 6.800000000 12.000000000
v -2.800000000 6.800000000 12.000000000
v -2.800000000 6.800000000 12.500000000
v -3.000000000 6.800000000 12.500000000
v -3.000000000 6.000000000 13.500000000
v -2.800000000 6.000000000 13.500000000
v -2.800000000 6.000000000 14.000000000
v -3.000000000 6.000000000 14.000000000
v -3.000000000 6.800000000 13.500000000
v -2.800000000 6.800000000 13.500000000
v -2.800000000 6.800000000 14.000000000
v -3.000000000 6.800000000 14.000000000
v 2.800000000 5.200000000 12.000000000
v 3.000000000 5.200000000 12.000000000
v 3.000000000 5.200000000 14.000000000
v 2.800000000 5.200000000 14.000000000
v 2.800000000 6.000000000 12.000000000
v 3.000000000 6.000000000 12.000000000
v 3.000000000 6.000000000 14.000000000
v 2.800000000 6.000000000 14.000000000
v 2.800000000 6.800000000 12.000000000
v 3.000000000 6.800000000 12.000000000
v 3.000000000 6.800000000 14.000000000
v 2.800000000 6.800000000 14.000000000
v 2.800000000 7.800000000 12.000000000
v 3.000000000 7.800000000 12.000000000
v 3.000000000 7.800000000 14.000000000
v 2.800000000 7.800000000 14.000000000
v 2.800000000 6.000000000 12.000000000
v 3.000000000 6.000000000 12.000000000
v 3.000000000 6.000000000 12.500000000
v 2.800000000 6.000000000 12.500000000
v 2.800000000 6.800000000 12.000000000
v 3.000000000 6.800000000 12.000000000
v 3.000000000 6.800000000 12.500000000
v 2.800000000 6.800000000 12.500000000
v 2.800000000 6.000000000 13.500000000
v 3.000000000 6.000000000 13.500000000
v 3.000000000 6.000000000 14.000000000
v 2.800000000 6.000000000 14.000000000
v 2.800000000 6.800000000 13.500000000
v 3.000000000 6.800000000 13.500000000
v 3.000000000 6.800000000 14.000000000
v 2.800000000 6.800000000 14.000000000
v -3.000000000 5.200000000 14.000000000
v -2.800000000 5.200000000 14.000000000
v -2.800000000 5.200000000 16.000000000
v -3.000000000 5.200000000 16.000000000
v -3.000000000 6.000000000 14.000000000
v -2.800000000 6.000000000 14.000000000
v -2.800000000 6.000000000 16.000000000
v -3.000000000 6.000000000 16.000000000
v -3.000000000 6.800000000 14.000000000
v -2.800000000 6.800000000 14.000000000
v -2.800000000 6.800000000 16.000000000
v -3.000000000 6.800000000 16.000000000
v -3.000000000 7.800000000 14.000000000
v -2.800000000 7.800000000 14.000000000
v -2.800000000 7.800000000 16.000000000
v -3.000000000 7.800000000 16.000000000
v -3.000000000 6.000000000 14.000000000
v -2.800000000 6.000000000 14.000000000
v -2.800000000 6.000000000 14.500000000
v -3.000000000 6.000000000 14.500000000
v -3.000000000 6.800000000 14.000000000
v -2.800000000 6.800000000 14.000000000
v -2.800000000 6.800000000 14.500000000
v -3.000000000 6.800000000 14.500000000
v -3.000000000 6.000000000 15.500000000
v -2.800000000 6.000000000 15.500000000
v -2.800000000 6.000000000 16.000000000
v -3.000000000 6.000000000 16.000000000
v -3.000000000 6.800000000 15.500000000
v -2.800000000 6.800000000 15.500000000
v -2.800000000 6.800000000 16.000000000
v -3.000000000 6.800000000 16.000000000
v 2.800000000 5.200000000 14.000000000
v 3.000000000 5.200000000 14.000000000
v 3.000000000 5.200000000 16.000000000
v 2.800000000 5.200000000 16.000000000
v 2.800000000 6.000000000 14.000000000
v 3.000000000 6.000000000 14.000000000
v 3.000000000 6.000000000 16.000000000
v 2.800000000 6.000000000 16.000000000
v 2.800000000 6.800000000 14.000000000
v 3.000000000 6.800000000 14.000000000
v 3.000000000 6.800000000 16.000000000
v 2.800000000 6.800000000 16.000000000
v 2.800000000 7.800000000 14.000000000
v 3.000000000 7.800000000 14.000000000
v 3.000000000 7.800000000 16.000000000
v 2.800000000 7.800000000 16.000000000
v 2.800000000 6.000000000 14.000000000
v 3.000000000 6.000000000 14.000000000
v 3.000000000 6.000000000 14.500000000
v 2.800000000 6.000000000 14.500000000
v 2.800000000 6.800000000 14.000000000
v 3.000000000 6.800000000 14.000000000
v 3.000000000 6.800000000 14.500000000
v 2.800000000 6.800000000 14.500000000
v 2.800000000 6.000000000 15.500000000
v 3.000000000 6.000000000 15.500000000
v 3.000000000 6.000000000 16.000000000
v 2.800000000 6.000000000 16.000000000
v 2.800000000 6.800000000 15.500000000
v 3.000000000 6.800000000 15.500000000
v 3.000000000 6.800000000 16.000000000
v 2.800000000 6.800000000 16.000000000
v 3.000000000 5.200000000 16.000000000
v 2.942355841 5.200000000 16.390180644
v 2.746198785 5.200000000 16.351162580
v 2.800000000 5.200000000 16.000000000
v 3.000000000 6.000000000 16.000000000
v 2.942355841 6.000000000 16.390180644
v 2.746198785 6.000000000 16.351162580
v 2.800000000 6.000000000 16.000000000
v 3.000000000 6.000000000 16.000000000
v 2.942355841 6.000000000 16.390180644
v 2.746198785 6.000000000 16.351162580
v 2.800000000 6.000000000 16.000000000
v 3.000000000 6.800000000 16.000000000
v 2.942355841 6.800000000 16.390180644
v 2.746198785 6.800000000 16.351162580
v 2.800000000 6.800000000 16.000000000
v 3.000000000 6.800000000 16.000000000
v 2.942355841 6.800000000 16.390180644
v 2.746198785 6.800000000 16.351162580
v 2.800000000 6.800000000 16.000000000
v 3.000000000 7.800000000 16.000000000
v 2.942355841 7.800000000 16.390180644
v 2.746198785 7.800000000 16.351162580
v 2.800000000 7.800000000 16.000000000
v 2.942355841 5.200000000 16.390180644
v 2.771638598 5.200000000 16.765366865
v 2.586862691 5.200000000 16.688830178
v 2.746198785 5.200000000 16.351162580
v 2.942355841 6.000000000 16.390180644
v 2.771638598 6.000000000 16.765366865
v 2.586862691 6.000000000 16.688830178
v 2.746198785 6.000000000 16.351162580
v 2.942355841 6.000000000 16.390180644
v 2.771638598 6.000000000 16.765366865
v 2.586862691 6.000000000 16.688830178
v 2.746198785 6.000000000 16.351162580
v 2.942355841 6.800000000 16.390180644
v 2.771638598 6.800000000 16.765366865
v 2.586862691 6.800000000 16.688830178
v 2.746198785 6.800000000 16.351162580
v 2.942355841 6.800000000 16.390180644
v 2.771638598 6.800000000 16.765366865
v 2.586862691 6.800000000 16.688830178
v 2.746198785 6.800000000 16.351162580
v 2.942355841 7.800000000 16.390180644
v 2.771638598 7.800000000 16.765366865
v 2.586862691 7.800000000 16.688830178
v 2.746198785 7.800000000 16.351162580
v 2.771638598 5.200000000 16.765366865
v 2.494408837 5.200000000 17.111140466
v 2.328114914 5.200000000 17.000026419
v 2.586862691 5.200000000 16.688830178
v 2.771638598 6.000000000 16.765366865
v 2.494408837 6.000000000 17.111140466
v 2.328114914 6.000000000 17.000026419
v 2.586862691 6.000000000 16.688830178
v 2.771638598 6.000000000 16.765366865
v 2.494408837 6.000000000 17.111140466
v 2.328114914 6.000000000 17.000026419
v 2.586862691 6.000000000 16.688830178
v 2.771638598 6.800000000 16.765366865
v 2.494408837 6.800000000 17.111140466
v 2.328114914 6.800000000 17.000026419
v 2.586862691 6.800000000 16.688830178
v 2.771638598 6.800000000 16.765366865
v 2.494408837 6.800000000 17.111140466
v 2.328114914 6.800000000 17.000026419
v 2.586862691 6.800000000 16.688830178
v 2.771638598 7.800000000 16.765366865
v 2.494408837 7.800000000 17.111140466
v 2.328114914 7.800000000 17.000026419
v 2.586862691 7.800000000 16.688830178
v 2.494408837 5.200000000 17.111140466
v 2.121320344 5.200000000 17.414213562
v 1.979898987 5.200000000 17.272792206
v 2.328114914 5.200000000 17.000026419
v 2.494408837 6.000000000 17.111140466
v 2.121320344 6.000000000 17.414213562
v 1.979898987 6.000000000 17.272792206
v 2.328114914 6.000000000 17.000026419
v 2.494408837 6.000000000 17.111140466
v 2.121320344 6.000000000 17.414213562
v 1.979898987 6.000000000 17.272792206
v 2.328114914 6.000000000 17.000026419
v 2.494408837 6.800000000 17.111140466
v 2.121320344 6.800000000 17.414213562
v 1.979898987 6.800000000 17.272792206
v 2.328114914 6.800000000 17.000026419
v 2.494408837 6.800000000 17.111140466
v 2.121320344 6.800000000 17.414213562
v 1.979898987 6.800000000 17.272792206
v 2.328114914 6.800000000 17.000026419
v 2.494408837 7.800000000 17.111140466
v 2.121320344 7.800000000 17.414213562
v 1.979898987 7.800000000 17.272792206
v 2.328114914 7.800000000 17.000026419
v 2.121320344 5.200000000 17.414213562
v 1.666710699 5.200000000 17.662939225
v 1.555596652 5.200000000 17.496645302
v 1.979898987 5.200000000 17.272792206
v 2.121320344 6.000000000 17.414213562
v 1.666710699 6.000000000 17.662939225
v 1.555596652 6.000000000 17.496645302
v 1.979898987 6.000000000 17.272792206
v 2.121320344 6.000000000 17.414213562
v 1.666710699 6.000000000 17.662939225
v 1.555596652 6.000000000 17.496645302
v 1.979898987 6.000000000 17.272792206
v 2.121320344 6.800000000 17.414213562
v 1.666710699 6.800000000 17.662939225
v 1.555596652 6.800000000 17.496645302
v 1.979898987 6.800000000 17.272792206
v 2.121320344 6.800000000 17.414213562
v 1.666710699 6.800000000 17.662939225
v 1.555596652 6.800000000 17.496645302
v 1.979898987 6.800000000 17.272792206
v 2.121320344 7.800000000 17.414213562
v 1.666710699 7.800000000 17.662939225
v 1.555596652 7.800000000 17.496645302
v 1.979898987 7.800000000 17.272792206
v 1.666710699 5.200000000 17.662939225
v 1.148050297 5.200000000 17.847759065
v 1.071513611 5.200000000 17.662983159
v 1.555596652 5.200000000 17.496645302
v 1.666710699 6.000000000 17.662939225
v 1.148050297 6.000000000 17.847759065
v 1.071513611 6.000000000 17.662983159
v 1.555596652 6.000000000 17.496645302
v 1.666710699 6.000000000 17.662939225
v 1.148050297 6.000000000 17.847759065
v 1.071513611 6.000000000 17.662983159
v 1.555596652 6.000000000 17.496645302
v 1.666710699 6.800000000 17.662939225
v 1.148050297 6.800000000 17.847759065
v 1.071513611 6.800000000 17.662983159
v 1.555596652 6.800000000 17.496645302
v 1.666710699 6.800000000 17.662939225
v 1.148050297 6.800000000 17.847759065
v 1.071513611 6.800000000 17.662983159
v 1.555596652 6.800000000 17.496645302
v 1.666710699 7.800000000 17.662939225
v 1.148050297 7.800000000 17.847759065
v 1.071513611 7.800000000 17.662983159
v 1.555596652 7.800000000 17.496645302
v 1.148050297 5.200000000 17.847759065
v 0.585270966 5.200000000 17.961570561
v 0.546252902 5.200000000 17.765413505
v 1.071513611 5.200000000 17.662983159
v 1.148050297 6.000000000 17.847759065
v 0.585270966 6.000000000 17.961570561
v 0.546252902 6.000000000 17.765413505
v 1.071513611 6.000000000 17.662983159
v 1.148050297 6.000000000 17.847759065
v 0.585270966 6.000000000 17.961570561
v 0.546252902 6.000000000 17.765413505
v 1.071513611 6.000000000 17.662983159
v 1.148050297 6.800000000 17.847759065
v 0.585270966 6.800000000 17.961570561
v 0.546252902 6.800000000 17.765413505
v 1.071513611 6.800000000 17.662983159
v 1.148050297 6.800000000 17.847759065
v 0.585270966 6.800000000 17.961570561
v 0.546252902 6.800000000 17.765413505
v 1.071513611 6.800000000 17.662983159
v 1.148050297 7.800000000 17.847759065
v 0.585270966 7.800000000 17.961570561
v 0.546252902 7.800000000 17.765413505
v 1.071513611 7.800000000 17.662983159
v 0.585270966 5.200000000 17.961570561
v 0.000000000 5.200000000 18.000000000
v 0.000000000 5.200000000 17.800000000
v 0.546252902 5.200000000 17.765413505
v 0.585270966 6.000000000 17.961570561
v 0.000000000 6.000000000 18.000000000
v 0.000000000 6.000000000 17.800000000
v 0.546252902 6.000000000 17.765413505
v 0.585270966 6.000000000 17.961570561
v 0.000000000 6.000000000 18.000000000
v 0.000000000 6.000000000 17.800000000
v 0.546252902 6.000000000 17.765413505
v 0.585270966 6.800000000 17.961570561
v 0.000000000 6.800000000 18.000000000
v 0.000000000 6.800000000 17.800000000
v 0.546252902 6.800000000 17.765413505
v 0.585270966 6.800000000 17.961570561
v 0.000000000 6.800000000 18.000000000
v 0.000000000 6.800000000 17.800000000
v 0.546252902 6.800000000 17.765413505
v 0.585270966 7.800000000 17.961570561
v 0.000000000 7.800000000 18.000000000
v 0.000000000 7.800000000 17.800000000
v 0.546252902 7.800000000 17.765413505
v 0.000000000 5.200000000 18.000000000
v -0.585270966 5.200000000 17.961570561
v -0.546252902 5.200000000 17.765413505
v 0.000000000 5.200000000 17.800000000
v 0.000000000 6.000000000 18.000000000
v -0.585270966 6.000000000 17.961570561
v -0.546252902 6.000000000 17.765413505
v 0.000000000 6.000000000 17.800000000
v 0.000000000 6.000000000 18.000000000
v -0.585270966 6.000000000 17.961570561
v -0.546252902 6.000000000 17.765413505
v 0.000000000 6.000000000 17.800000000
v 0.000000000 6.800000000 18.000000000
v -0.585270966 6.800000000 17.961570561
v -0.546252902 6.800000000 17.765413505
v 0.000000000 6.800000000 17.800000000
v 0.000000000 6.800000000 18.000000000
v -0.585270966 6.800000000 17.961570561
v -0.546252902 6.800000000 17.765413505
v 0.000000000 6.800000000 17.800000000
v 0.000000000 7.800000000 18.000000000
v -0.585270966 7.800000000 17.961570561
v -0.546252902 7.800000000 17.765413505
v 0.000000000 7.800000000 17.800000000
v -0.585270966 5.200000000 17.961570561
v -1.148050297 5.200000000 17.847759065
v -1.071513611 5.200000000 17.662983159
v -0.546252902 5.200000000 17.765413505
v -0.585270966 6.000000000 17.961570561
v -1.148050297 6.000000000 17.847759065
v -1.071513611 6.000000000 17.662983159
v -0.546252902 6.000000000 17.765413505
v -0.585270966 6.000000000 17.961570561
v -1.148050297 6.000000000 17.847759065
v -1.071513611 6.000000000 17.662983159
v -0.546252902 6.000000000 17.765413505
v -0.585270966 6.800000000 17.961570561
v -1.148050297 6.800000000 17.847759065
v -1.071513611 6.800000000 17.662983159
v -0.546252902 6.800000000 17.765413505
v -0.585270966 6.800000000 17.961570561
v -1.148050297 6.800000000 17.847759065
v -1.071513611 6.800000000 17.662983159
v -0.546252902 6.800000000 17.765413505
v -0.585270966 7.800000000 17.961570561
v -1.148050297 7.800000000 17.847759065
v -1.071513611 7.800000000 17.662983159
v -0.546252902 7.800000000 17.765413505
v -1.148050297 5.200000000 17.847759065
v -1.666710699 5.200000000 17.662939225
v -1.555596652 5.200000000 17.496645302
v -1.071513611 5.200000000 17.662983159
v -1.148050297 6.000000000 17.847759065
v -1.666710699 6.000000000 17.662939225
v -1.555596652 6.000000000 17.496645302
v -1.071513611 6.000000000 17.662983159
v -1.148050297 6.000000000 17.847759065
v -1.666710699 6.000000000 17.662939225
v -1.555596652 6.000000000 17.496645302
v -1.071513611 6.000000000 17.662983159
v -1.148050297 6.800000000 17.847759065
v -1.666710699 6.800000000 17.662939225
v -1.555596652 6.800000000 17.496645302
v -1.071513611 6.800000000 17.662983159
v -1.148050297 6.800000000 17.847759065
v -1.666710699 6.800000000 17.662939225
v -1.555596652 6.800000000 17.496645302
v -1.071513611 6.800000000 17.662983159
v -1.148050297 7.800000000 17.847759065
v -1.666710699 7.800000000 17.662939225
v -1.555596652 7.800000000 17.496645302
v -1.071513611 7.800000000 17.662983159
v -1.666710699 5.200000000 17.662939225
v -2.121320344 5.200000000 17.414213562
v -1.979898987 5.200000000 17.272792206
v -1.555596652 5.200000000 17.496645302
v -1.666710699 6.000000000 17.662939225
v -2.121320344 6.000000000 17.414213562
v -1.979898987 6.000000000 17.272792206
v -1.555596652 6.000000000 17.496645302
v -1.666710699 6.000000000 17.662939225
v -2.121320344 6.000000000 17.414213562
v -1.979898987 6.000000000 17.272792206
v -1.555596652 6.000000000 17.496645302
v -1.666710699 6.800000000 17.662939225
v -2.121320344 6.800000000 17.414213562
v -1.979898987 6.800000000 17.272792206
v -1.555596652 6.800000000 17.496645302
v -1.666710699 6.800000000 17.662939225
v -2.121320344 6.800000000 17.414213562
v -1.979898987 6.800000000 17.272792206
v -1.555596652 6.800000000 17.496645302
v -1.666710699 7.800000000 17.662939225
v -2.121320344 7.800000000 17.414213562
v -1.979898987 7.800000000 17.272792206
v -1.555596652 7.800000000 17.496645302
v -2.121320344 5.200000000 17.414213562
v -2.494408837 5.200000000 17.111140466
v -2.328114914 5.200000000 17.000026419
v -1.979898987 5.200000000 17.272792206
v -2.121320344 6.000000000 17.414213562
v -2.494408837 6.000000000 17.111140466
v -2.328114914 6.000000000 17.000026419
v -1.979898987 6.000000000 17.272792206
v -2.121320344 6.000000000 17.414213562
v -2.494408837 6.000000000 17.111140466
v -2.328114914 6.000000000 17.000026419
v -1.979898987 6.000000000 17.272792206
v -2.121320344 6.800000000 17.414213562
v -2.494408837 6.800000000 17.111140466
v -2.328114914 6.800000000 17.000026419
v -1.979898987 6.800000000 17.272792206
v -2.121320344 6.800000000 17.414213562
v -2.494408837 6.800000000 17.111140466
v -2.328114914 6.800000000 17.000026419
v -1.979898987 6.800000000 17.272792206
v -2.121320344 7.800000000 17.414213562
v -2.494408837 7.800000000 17.111140466
v -2.328114914 7.800000000 17.000026419
v -1.979898987 7.800000000 17.272792206
v -2.494408837 5.200000000 17.111140466
v -2.771638598 5.200000000 16.765366865
v -2.586862691 5.200000000 16.688830178
v -2.328114914 5.200000000 17.000026419
v -2.494408837 6.000000000 17.111140466
v -2.771638598 6.000000000 16.765366865
v -2.586862691 6.000000000 16.688830178
v -2.328114914 6.000000000 17.000026419
v -2.494408837 6.000000000 17.111140466
v -2.771638598 6.000000000 16.765366865
v -2.586862691 6.000000000 16.688830178
v -2.328114914 6.000000000 17.000026419
v -2.494408837 6.800000000 17.111140466
v -2.771638598 6.800000000 16.765366865
v -2.586862691 6.800000000 16.688830178
v -2.328114914 6.800000000 17.000026419
v -2.494408837 6.800000000 17.111140466
v -2.771638598 6.800000000 16.765366865
v -2.586862691 6.800000000 16.688830178
v -2.328114914 6.800000000 17.000026419
v -2.494408837 7.800000000 17.111140466
v -2.771638598 7.800000000 16.765366865
v -2.586862691 7.800000000 16.688830178
v -2.328114914 7.800000000 17.000026419
v -2.771638598 5.200000000 16.765366865
v -2.942355841 5.200000000 16.390180644
v -2.746198785 5.200000000 16.351162580
v -2.586862691 5.200000000 16.688830178
v -2.771638598 6.000000000 16.765366865
v -2.942355841 6.000000000 16.390180644
v -2.746198785 6.000000000 16.351162580
v -2.586862691 6.000000000 16.688830178
v -2.771638598 6.000000000 16.765366865
v -2.942355841 6.000000000 16.390180644
v -2.746198785 6.000000000 16.351162580
v -2.586862691 6.000000000 16.688830178
v -2.771638598 6.800000000 16.765366865
v -2.942355841 6.800000000 16.390180644
v -2.746198785 6.800000000 16.351162580
v -2.586862691 6.800000000 16.688830178
v -2.771638598 6.800000000 16.765366865
v -2.942355841 6.800000000 16.390180644
v -2.746198785 6.800000000 16.351162580
v -2.586862691 6.800000000 16.688830178
v -2.771638598 7.800000000 16.765366865
v -2.942355841 7.800000000 16.390180644
v -2.746198785 7.800000000 16.351162580
v -2.586862691 7.800000000 16.688830178
v -2.942355841 5.200000000 16.390180644
v -3.000000000 5.200000000 16.000000000
v -2.800000000 5.200000000 16.000000000
v -2.746198785 5.200000000 16.351162580
v -2.942355841 6.000000000 16.390180644
v -3.000000000 6.000000000 16.000000000
v -2.800000000 6.000000000 16.000000000
v -2.746198785 6.000000000 16.351162580
v -2.942355841 6.000000000 16.390180644
v -3.000000000 6.000000000 16.000000000
v -2.800000000 6.000000000 16.000000000
v -2.746198785 6.000000000 16.351162580
v -2.942355841 6.800000000 16.390180644
v -3.000000000 6.800000000 16.000000000
v -2.800000000 6.800000000 16.000000000
v -2.746198785 6.800000000 16.351162580
v -2.942355841 6.800000000 16.390180644
v -3.000000000 6.800000000 16.000000000
v -2.800000000 6.800000000 16.000000000
v -2.746198785 6.800000000 16.351162580
v -2.942355841 7.800000000 16.390180644
v -3.000000000 7.800000000 16.000000000
v -2.800000000 7.800000000 16.000000000
v -2.746198785 7.800000000 16.351162580
v -2.800000000 5.020000000 4.000000000
v -2.029550821 5.020000000 2.112393534
v -1.064993660 5.020000000 1.147836373
v 0.000000000 5.020000000 0.260341656
v 1.064993660 5.020000000 1.147836373
v 2.029550821 5.020000000 2.112393534
v 2.800000000 5.020000000 4.000000000
v -2.800000000 5.200000000 4.000000000
v -2.029550821 5.200000000 2.112393534
v -1.064993660 5.200000000 1.147836373
v 0.000000000 5.200000000 0.260341656
v 1.064993660 5.200000000 1.147836373
v 2.029550821 5.200000000 2.112393534
v 2.800000000 5.200000000 4.000000000
v -2.800000000 5.020000000 4.000000000
v -2.050000000 5.020000000 4.000000000
v -2.050000000 5.020000000 6.000000000
v -2.800000000 5.020000000 6.000000000
v -2.800000000 5.200000000 4.000000000
v -2.050000000 5.200000000 4.000000000
v -2.050000000 5.200000000 6.000000000
v -2.800000000 5.200000000 6.000000000
v -0.950000000 5.020000000 4.000000000
v 2.800000000 5.020000000 4.000000000
v 2.800000000 5.020000000 6.000000000
v -0.950000000 5.020000000 6.000000000
v -0.950000000 5.200000000 4.000000000
v 2.800000000 5.200000000 4.000000000
v 2.800000000 5.200000000 6.000000000
v -0.950000000 5.200000000 6.000000000
v -2.800000000 5.020000000 6.000000000
v -2.050000000 5.020000000 6.000000000
v -2.050000000 5.020000000 8.000000000
v -2.800000000 5.020000000 8.000000000
v -2.800000000 5.200000000 6.000000000
v -2.050000000 5.200000000 6.000000000
v -2.050000000 5.200000000 8.000000000
v -2.800000000 5.200000000 8.000000000
v -0.950000000 5.020000000 6.000000000
v 2.800000000 5.020000000 6.000000000
v 2.800000000 5.020000000 8.000000000
v -0.950000000 5.020000000 8.000000000
v -0.950000000 5.200000000 6.000000000
v 2.800000000 5.200000000 6.000000000
v 2.800000000 5.200000000 8.000000000
v -0.950000000 5.200000000 8.000000000
v -2.050000000 5.020000000 7.250000000
v -0.950000000 5.020000000 7.250000000
v -0.950000000 5.020000000 8.000000000
v -2.050000000 5.020000000 8.000000000
v -2.050000000 5.200000000 7.250000000
v -0.950000000 5.200000000 7.250000000
v -0.950000000 5.200000000 8.000000000
v -2.050000000 5.200000000 8.000000000
v -2.800000000 5.020000000 8.000000000
v 2.800000000 5.020000000 8.000000000
v 2.800000000 5.020000000 10.000000000
v -2.800000000 5.020000000 10.000000000
v -2.800000000 5.200000000 8.000000000
v 2.800000000 5.200000000 8.000000000
v 2.800000000 5.200000000 10.000000000
v -2.800000000 5.200000000 10.000000000
v -2.800000000 5.020000000 10.000000000
v 2.800000000 5.020000000 10.000000000
v 2.800000000 5.020000000 12.000000000
v -2.800000000 5.020000000 12.000000000
v -2.800000000 5.200000000 10.000000000
v 2.800000000 5.200000000 10.000000000
v 2.800000000 5.200000000 12.000000000
v -2.800000000 5.200000000 12.000000000
v -2.800000000 5.020000000 12.000000000
v 2.800000000 5.020000000 12.000000000
v 2.800000000 5.020000000 14.000000000
v -2.800000000 5.020000000 14.000000000
v -2.800000000 5.200000000 12.000000000
v 2.800000000 5.200000000 12.000000000
v 2.800000000 5.200000000 14.000000000
v -2.800000000 5.200000000 14.000000000
v -2.800000000 5.020000000 14.000000000
v 2.800000000 5.020000000 14.000000000
v 2.800000000 5.020000000 16.000000000
v -2.800000000 5.020000000 16.000000000
v -2.800000000 5.200000000 14.000000000
v 2.800000000 5.200000000 14.000000000
v 2.800000000 5.200000000 16.000000000
v -2.800000000 5.200000000 16.000000000
v 2.800000000 5.020000000 16.000000000
v 2.746198785 5.020000000 16.351162580
v 2.586862691 5.020000000 16.688830178
v 2.328114914 5.020000000 17.000026419
v 1.979898987 5.020000000 17.272792206
v 1.555596652 5.020000000 17.496645302
v 1.071513611 5.020000000 17.662983159
v 0.546252902 5.020000000 17.765413505
v 0.000000000 5.020000000 17.800000000
v -0.546252902 5.020000000 17.765413505
v -1.071513611 5.020000000 17.662983159
v -1.555596652 5.020000000 17.496645302
v -1.979898987 5.020000000 17.272792206
v -2.328114914 5.020000000 17.000026419
v -2.586862691 5.020000000 16.688830178
v -2.746198785 5.020000000 16.351162580
v -2.800000000 5.020000000 16.000000000
v 2.800000000 5.200000000 16.000000000
v 2.746198785 5.200000000 16.351162580
v 2.586862691 5.200000000 16.688830178
v 2.328114914 5.200000000 17.000026419
v 1.979898987 5.200000000 17.272792206
v 1.555596652 5.200000000 17.496645302
v 1.071513611 5.200000000 17.662983159
v 0.546252902 5.200000000 17.765413505
v 0.000000000 5.200000000 17.800000000
v -0.546252902 5.200000000 17.765413505
v -1.071513611 5.200000000 17.662983159
v -1.555596652 5.200000000 17.496645302
v -1.979898987 5.200000000 17.272792206
v -2.328114914 5.200000000 17.000026419
v -2.586862691 5.200000000 16.688830178
v -2.746198785 5.200000000 16.351162580
v -2.800000000 5.200000000 16.000000000
v -3.000000000 7.800000000 4.000000000
v -2.200000000 7.800000000 2.000000000
v -2.029550821 7.800000000 2.112393534
v -2.800000000 7.800000000 4.000000000
v -3.000000000 8.600000000 4.000000000
v -2.200000000 8.600000000 2.000000000
v -2.029550821 8.600000000 2.112393534
v -2.800000000 8.600000000 4.000000000
v -2.200000000 7.800000000 2.000000000
v -1.200000000 7.800000000 1.000000000
v -1.064993660 7.800000000 1.147836373
v -2.029550821 7.800000000 2.112393534
v -2.200000000 8.600000000 2.000000000
v -1.200000000 8.600000000 1.000000000
v -1.064993660 8.600000000 1.147836373
v -2.029550821 8.600000000 2.112393534
v -1.200000000 7.800000000 1.000000000
v 0.000000000 7.800000000 0.000000000
v 0.000000000 7.800000000 0.260341656
v -1.064993660 7.800000000 1.147836373
v -1.200000000 8.600000000 1.000000000
v 0.000000000 8.600000000 0.000000000
v 0.000000000 8.600000000 0.260341656
v -1.064993660 8.600000000 1.147836373
v 0.000000000 7.800000000 0.000000000
v 1.200000000 7.800000000 1.000000000
v 1.064993660 7.800000000 1.147836373
v 0.000000000 7.800000000 0.260341656
v 0.000000000 8.600000000 0.000000000
v 1.200000000 8.600000000 1.000000000
v 1.064993660 8.600000000 1.147836373
v 0.000000000 8.600000000 0.260341656
v 1.200000000 7.800000000 1.000000000
v 2.200000000 7.800000000 2.000000000
v 2.029550821 7.800000000 2.112393534
v 1.064993660 7.800000000 1.147836373
v 1.200000000 8.600000000 1.000000000
v 2.200000000 8.600000000 2.000000000
v 2.029550821 8.600000000 2.112393534
v 1.064993660 8.600000000 1.147836373
v 2.200000000 7.800000000 2.000000000
v 3.000000000 7.800000000 4.000000000
v 2.800000000 7.800000000 4.000000000
v 2.029550821 7.800000000 2.112393534
v 2.200000000 8.600000000 2.000000000
v 3.000000000 8.600000000 4.000000000
v 2.800000000 8.600000000 4.000000000
v 2.029550821 8.600000000 2.112393534
v -3.000000000 7.800000000 6.000000000
v -3.000000000 7.800000000 4.000000000
v -2.800000000 7.800000000 4.000000000
v -2.800000000 7.800000000 6.000000000
v -3.000000000 8.600000000 6.000000000
v -3.000000000 8.600000000 4.000000000
v -2.800000000 8.600000000 4.000000000
v -2.800000000 8.600000000 6.000000000
v 3.000000000 7.800000000 4.000000000
v 3.000000000 7.800000000 6.000000000
v 2.800000000 7.800000000 6.000000000
v 2.800000000 7.800000000 4.000000000
v 3.000000000 8.600000000 4.000000000
v 3.000000000 8.600000000 6.000000000
v 2.800000000 8.600000000 6.000000000
v 2.800000000 8.600000000 4.000000000
v -3.000000000 7.800000000 8.000000000
v -3.000000000 7.800000000 6.000000000
v -2.800000000 7.800000000 6.000000000
v -2.800000000 7.800000000 8.000000000
v -3.000000000 8.600000000 8.000000000
v -3.000000000 8.600000000 6.000000000
v -2.800000000 8.600000000 6.000000000
v -2.800000000 8.600000000 8.000000000
v 3.000000000 7.800000000 6.000000000
v 3.000000000 7.800000000 8.000000000
v 2.800000000 7.800000000 8.000000000
v 2.800000000 7.800000000 6.000000000
v 3.000000000 8.600000000 6.000000000
v 3.000000000 8.600000000 8.000000000
v 2.800000000 8.600000000 8.000000000
v 2.800000000 8.600000000 6.000000000
v -3.000000000 7.800000000 10.000000000
v -3.000000000 7.800000000 8.000000000
v -2.800000000 7.800000000 8.000000000
v -2.800000000 7.800000000 10.000000000
v -3.000000000 8.600000000 10.000000000
v -3.000000000 8.600000000 8.000000000
v -2.800000000 8.600000000 8.000000000
v -2.800000000 8.600000000 10.000000000
v 3.000000000 7.800000000 8.000000000
v 3.000000000 7.800000000 10.000000000
v 2.800000000 7.800000000 10.000000000
v 2.800000000 7.800000000 8.000000000
v 3.000000000 8.600000000 8.000000000
v 3.000000000 8.600000000 10.000000000
v 2.800000000 8.600000000 10.000000000
v 2.800000000 8.600000000 8.000000000
v -3.000000000 7.800000000 12.000000000
v -3.000000000 7.800000000 10.000000000
v -2.800000000 7.800000000 10.000000000
v -2.800000000 7.800000000 12.000000000
v -3.000000000 8.600000000 12.000000000
v -3.000000000 8.600000000 10.000000000
v -2.800000000 8.600000000 10.000000000
v -2.800000000 8.600000000 12.000000000
v 3.000000000 7.800000000 10.000000000
v 3.000000000 7.800000000 12.000000000
v 2.800000000 7.800000000 12.000000000
v 2.800000000 7.800000000 10.000000000
v 3.000000000 8.600000000 10.000000000
v 3.000000000 8.600000000 12.000000000
v 2.800000000 8.600000000 12.000000000
v 2.800000000 8.600000000 10.000000000
v -3.000000000 7.800000000 14.000000000
v -3.000000000 7.800000000 12.000000000
v -2.800000000 7.800000000 12.000000000
v -2.800000000 7.800000000 14.000000000
v -3.000000000 8.600000000 14.000000000
v -3.000000000 8.600000000 12.000000000
v -2.800000000 8.600000000 12.000000000
v -2.800000000 8.600000000 14.000000000
v 3.000000000 7.800000000 12.000000000
v 3.000000000 7.800000000 14.000000000
v 2.800000000 7.800000000 14.000000000
v 2.800000000 7.800000000 12.000000000
v 3.000000000 8.600000000 12.000000000
v 3.000000000 8.600000000 14.000000000
v 2.800000000 8.600000000 14.000000000
v 2.800000000 8.600000000 12.000000000
v -3.000000000 7.800000000 16.000000000
v -3.000000000 7.800000000 14.000000000
v -2.800000000 7.800000000 14.000000000
v -2.800000000 7.800000000 16.000000000
v -3.000000000 8.600000000 16.000000000
v -3.000000000 8.600000000 14.000000000
v -2.800000000 8.600000000 14.000000000
v -2.800000000 8.600000000 16.000000000
v 3.000000000 7.800000000 14.000000000
v 3.000000000 7.800000000 16.000000000
v 2.800000000 7.800000000 16.000000000
v 2.800000000 7.800000000 14.000000000
v 3.000000000 8.600000000 14.000000000
v 3.000000000 8.600000000 16.000000000
v 2.800000000 8.600000000 16.000000000
v 2.800000000 8.600000000 14.000000000
v 3.000000000 7.800000000 16.000000000
v 2.942355841 7.800000000 16.390180644
v 2.746198785 7.800000000 16.351162580
v 2.800000000 7.800000000 16.000000000
v 3.000000000 8.600000000 16.000000000
v 2.942355841 8.600000000 16.390180644
v 2.746198785 8.600000000 16.351162580
v 2.800000000 8.600000000 16.000000000
v 2.942355841 7.800000000 16.390180644
v 2.771638598 7.800000000 16.765366865
v 2.586862691 7.800000000 16.688830178
v 2.746198785 7.800000000 16.351162580
v 2.942355841 8.600000000 16.390180644
v 2.771638598 8.600000000 16.765366865
v 2.586862691 8.600000000 16.688830178
v 2.746198785 8.600000000 16.351162580
v 2.771638598 7.800000000 16.765366865
v 2.494408837 7.800000000 17.111140466
v 2.328114914 7.800000000 17.000026419
v 2.586862691 7.800000000 16.688830178
v 2.771638598 8.600000000 16.765366865
v 2.494408837 8.600000000 17.111140466
v 2.328114914 8.600000000 17.000026419
v 2.586862691 8.600000000 16.688830178
v 2.494408837 7.800000000 17.111140466
v 2.121320344 7.800000000 17.414213562
v 1.979898987 7.800000000 17.272792206
v 2.328114914 7.800000000 17.000026419
v 2.494408837 8.600000000 17.111140466
v 2.121320344 8.600000000 17.414213562
v 1.979898987 8.600000000 17.272792206
v 2.328114914 8.600000000 17.000026419
v 2.121320344 7.800000000 17.414213562
v 1.666710699 7.800000000 17.662939225
v 1.555596652 7.800000000 17.496645302
v 1.979898987 7.800000000 17.272792206
v 2.121320344 8.600000000 17.414213562
v 1.666710699 8.600000000 17.662939225
v 1.555596652 8.600000000 17.496645302
v 1.979898987 8.600000000 17.272792206
v 1.666710699 7.800000000 17.662939225
v 1.148050297 7.800000000 17.847759065
v 1.071513611 7.800000000 17.662983159
v 1.555596652 7.800000000 17.496645302
v 1.666710699 8.600000000 17.662939225
v 1.148050297 8.600000000 17.847759065
v 1.071513611 8.600000000 17.662983159
v 1.555596652 8.600000000 17.496645302
v 1.148050297 7.800000000 17.847759065
v 0.585270966 7.800000000 17.961570561
v 0.546252902 7.800000000 17.765413505
v 1.071513611 7.800000000 17.662983159
v 1.148050297 8.600000000 17.847759065
v 0.585270966 8.600000000 17.961570561
v 0.546252902 8.600000000 17.765413505
v 1.071513611 8.600000000 17.662983159
v 0.585270966 7.800000000 17.961570561
v 0.000000000 7.800000000 18.000000000
v 0.000000000 7.800000000 17.800000000
v 0.546252902 7.800000000 17.765413505
v 0.585270966 8.600000000 17.961570561
v 0.000000000 8.600000000 18.000000000
v 0.000000000 8.600000000 17.800000000
v 0.546252902 8.600000000 17.765413505
v 0.000000000 7.800000000 18.000000000
v -0.585270966 7.800000000 17.961570561
v -0.546252902 7.800000000 17.765413505
v 0.000000000 7.800000000 17.800000000
v 0.000000000 8.600000000 18.000000000
v -0.585270966 8.600000000 17.961570561
v -0.546252902 8.600000000 17.765413505
v 0.000000000 8.600000000 17.800000000
v -0.585270966 7.800000000 17.961570561
v -1.148050297 7.800000000 17.847759065
v -1.071513611 7.800000000 17.662983159
v -0.546252902 7.800000000 17.765413505
v -0.585270966 8.600000000 17.961570561
v -1.148050297 8.600000000 17.847759065
v -1.071513611 8.600000000 17.662983159
v -0.546252902 8.600000000 17.765413505
v -1.148050297 7.800000000 17.847759065
v -1.666710699 7.800000000 17.662939225
v -1.555596652 7.800000000 17.496645302
v -1.071513611 7.800000000 17.662983159
v -1.148050297 8.600000000 17.847759065
v -1.666710699 8.600000000 17.662939225
v -1.555596652 8.600000000 17.496645302
v -1.071513611 8.600000000 17.662983159
v -1.666710699 7.800000000 17.662939225
v -2.121320344 7.800000000 17.414213562
v -1.979898987 7.800000000 17.272792206
v -1.555596652 7.800000000 17.496645302
v -1.666710699 8.600000000 17.662939225
v -2.121320344 8.600000000 17.414213562
v -1.979898987 8.600000000 17.272792206
v -1.555596652 8.600000000 17.496645302
v -2.121320344 7.800000000 17.414213562
v -2.494408837 7.800000000 17.111140466
v -2.328114914 7.800000000 17.000026419
v -1.979898987 7.800000000 17.272792206
v -2.121320344 8.600000000 17.414213562
v -2.494408837 8.600000000 17.111140466
v -2.328114914 8.600000000 17.000026419
v -1.979898987 8.600000000 17.272792206
v -2.494408837 7.800000000 17.111140466
v -2.771638598 7.800000000 16.765366865
v -2.586862691 7.800000000 16.688830178
v -2.328114914 7.800000000 17.000026419
v -2.494408837 8.600000000 17.111140466
v -2.771638598 8.600000000 16.765366865
v -2.586862691 8.600000000 16.688830178
v -2.328114914 8.600000000 17.000026419
v -2.771638598 7.800000000 16.765366865
v -2.942355841 7.800000000 16.390180644
v -2.746198785 7.800000000 16.351162580
v -2.586862691 7.800000000 16.688830178
v -2.771638598 8.600000000 16.765366865
v -2.942355841 8.600000000 16.390180644
v -2.746198785 8.600000000 16.351162580
v -2.586862691 8.600000000 16.688830178
v -2.942355841 7.800000000 16.390180644
v -3.000000000 7.800000000 16.000000000
v -2.800000000 7.800000000 16.000000000
v -2.746198785 7.800000000 16.351162580
v -2.942355841 8.600000000 16.390180644
v -3.000000000 8.600000000 16.000000000
v -2.800000000 8.600000000 16.000000000
v -2.746198785 8.600000000 16.351162580
v -2.800000000 7.620000000 4.000000000
v -2.029550821 7.620000000 2.112393534
v -1.064993660 7.620000000 1.147836373
v 0.000000000 7.620000000 0.260341656
v 1.064993660 7.620000000 1.147836373
v 2.029550821 7.620000000 2.112393534
v 2.800000000 7.620000000 4.000000000
v -2.800000000 7.800000000 4.000000000
v -2.029550821 7.800000000 2.112393534
v -1.064993660 7.800000000 1.147836373
v 0.000000000 7.800000000 0.260341656
v 1.064993660 7.800000000 1.147836373
v 2.029550821 7.800000000 2.112393534
v 2.800000000 7.800000000 4.000000000
v -2.800000000 7.620000000 4.000000000
v 2.800000000 7.620000000 4.000000000
v 2.800000000 7.620000000 6.000000000
v -2.800000000 7.620000000 6.000000000
v -2.800000000 7.800000000 4.000000000
v 2.800000000 7.800000000 4.000000000
v 2.800000000 7.800000000 6.000000000
v -2.800000000 7.800000000 6.000000000
v -2.800000000 7.620000000 6.000000000
v 2.800000000 7.620000000 6.000000000
v 2.800000000 7.620000000 8.000000000
v -2.800000000 7.620000000 8.000000000
v -2.800000000 7.800000000 6.000000000
v 2.800000000 7.800000000 6.000000000
v 2.800000000 7.800000000 8.000000000
v -2.800000000 7.800000000 8.000000000
v -2.800000000 7.620000000 8.000000000
v 0.950000000 7.620000000 8.000000000
v 0.950000000 7.620000000 10.000000000
v -2.800000000 7.620000000 10.000000000
v -2.800000000 7.800000000 8.000000000
v 0.950000000 7.800000000 8.000000000
v 0.950000000 7.800000000 10.000000000
v -2.800000000 7.800000000 10.000000000
v 2.050000000 7.620000000 8.000000000
v 2.800000000 7.620000000 8.000000000
v 2.800000000 7.620000000 10.000000000
v 2.050000000 7.620000000 10.000000000
v 2.050000000 7.800000000 8.000000000
v 2.800000000 7.800000000 8.000000000
v 2.800000000 7.800000000 10.000000000
v 2.050000000 7.800000000 10.000000000
v -2.800000000 7.620000000 10.000000000
v 0.950000000 7.620000000 10.000000000
v 0.950000000 7.620000000 12.000000000
v -2.800000000 7.620000000 12.000000000
v -2.800000000 7.800000000 10.000000000
v 0.950000000 7.800000000 10.000000000
v 0.950000000 7.800000000 12.000000000
v -2.800000000 7.800000000 12.000000000
v 2.050000000 7.620000000 10.000000000
v 2.800000000 7.620000000 10.000000000
v 2.800000000 7.620000000 12.000000000
v 2.050000000 7.620000000 12.000000000
v 2.050000000 7.800000000 10.000000000
v 2.800000000 7.800000000 10.000000000
v 2.800000000 7.800000000 12.000000000
v 2.050000000 7.800000000 12.000000000
v 0.950000000 7.620000000 11.250000000
v 2.050000000 7.620000000 11.250000000
v 2.050000000 7.620000000 12.000000000
v 0.950000000 7.620000000 12.000000000
v 0.950000000 7.800000000 11.250000000
v 2.050000000 7.800000000 11.250000000
v 2.050000000 7.800000000 12.000000000
v 0.950000000 7.800000000 12.000000000
v -2.800000000 7.620000000 12.000000000
v 2.800000000 7.620000000 12.000000000
v 2.800000000 7.620000000 14.000000000
v -2.800000000 7.620000000 14.000000000
v -2.800000000 7.800000000 12.000000000
v 2.800000000 7.800000000 12.000000000
v 2.800000000 7.800000000 14.000000000
v -2.800000000 7.800000000 14.000000000
v -2.800000000 7.620000000 14.000000000
v 2.800000000 7.620000000 14.000000000
v 2.800000000 7.620000000 16.000000000
v -2.800000000 7.620000000 16.000000000
v -2.800000000 7.800000000 14.000000000
v 2.800000000 7.800000000 14.000000000
v 2.800000000 7.800000000 16.000000000
v -2.800000000 7.800000000 16.000000000
v 2.800000000 7.620000000 16.000000000
v 2.746198785 7.620000000 16.351162580
v 2.586862691 7.620000000 16.688830178
v 2.328114914 7.620000000 17.000026419
v 1.979898987 7.620000000 17.272792206
v 1.555596652 7.620000000 17.496645302
v 1.071513611 7.620000000 17.662983159
v 0.546252902 7.620000000 17.765413505
v 0.000000000 7.620000000 17.800000000
v -0.546252902 7.620000000 17.765413505
v -1.071513611 7.620000000 17.662983159
v -1.555596652 7.620000000 17.496645302
v -1.979898987 7.620000000 17.272792206
v -2.328114914 7.620000000 17.000026419
v -2.586862691 7.620000000 16.688830178
v -2.746198785 7.620000000 16.351162580
v -2.800000000 7.620000000 16.000000000
v 2.800000000 7.800000000 16.000000000
v 2.746198785 7.800000000 16.351162580
v 2.586862691 7.800000000 16.688830178
v 2.328114914 7.800000000 17.000026419
v 1.979898987 7.800000000 17.272792206
v 1.555596652 7.800000000 17.496645302
v 1.071513611 7.800000000 17.662983159
v 0.546252902 7.800000000 17.765413505
v 0.000000000 7.800000000 17.800000000
v -0.546252902 7.800000000 17.765413505
v -1.071513611 7.800000000 17.662983159
v -1.555596652 7.800000000 17.496645302
v -1.979898987 7.800000000 17.272792206
v -2.328114914 7.800000000 17.000026419
v -2.586862691 7.800000000 16.688830178
v -2.746198785 7.800000000 16.351162580
v -2.800000000 7.800000000 16.000000000
v -2.000000000 2.720000000 4.000000000
v -1.000000000 2.720000000 4.000000000
v -1.000000000 2.720000000 4.250000000
v -2.000000000 2.720000000 4.250000000
v -2.000000000 2.800000000 4.000000000
v -1.000000000 2.800000000 4.000000000
v -1.000000000 2.800000000 4.250000000
v -2.000000000 2.800000000 4.250000000
v -2.000000000 2.920000000 4.250000000
v -1.000000000 2.920000000 4.250000000
v -1.000000000 2.920000000 4.500000000
v -2.000000000 2.920000000 4.500000000
v -2.000000000 3.000000000 4.250000000
v -1.000000000 3.000000000 4.250000000
v -1.000000000 3.000000000 4.500000000
v -2.000000000 3.000000000 4.500000000
v -2.000000000 3.120000000 4.500000000
v -1.000000000 3.120000000 4.500000000
v -1.000000000 3.120000000 4.750000000
v -2.000000000 3.120000000 4.750000000
v -2.000000000 3.200000000 4.500000000
v -1.000000000 3.200000000 4.500000000
v -1.000000000 3.200000000 4.750000000
v -2.000000000 3.200000000 4.750000000
v -2.000000000 3.320000000 4.750000000
v -1.000000000 3.320000000 4.750000000
v -1.000000000 3.320000000 5.000000000
v -2.000000000 3.320000000 5.000000000
v -2.000000000 3.400000000 4.750000000
v -1.000000000 3.400000000 4.750000000
v -1.000000000 3.400000000 5.000000000
v -2.000000000 3.400000000 5.000000000
v -2.000000000 3.520000000 5.000000000
v -1.000000000 3.520000000 5.000000000
v -1.000000000 3.520000000 5.250000000
v -2.000000000 3.520000000 5.250000000
v -2.000000000 3.600000000 5.000000000
v -1.000000000 3.600000000 5.000000000
v -1.000000000 3.600000000 5.250000000
v -2.000000000 3.600000000 5.250000000
v -2.000000000 3.720000000 5.250000000
v -1.000000000 3.720000000 5.250000000
v -1.000000000 3.720000000 5.500000000
v -2.000000000 3.720000000 5.500000000
v -2.000000000 3.800000000 5.250000000
v -1.000000000 3.800000000 5.250000000
v -1.000000000 3.800000000 5.500000000
v -2.000000000 3.800000000 5.500000000
v -2.000000000 3.920000000 5.500000000
v -1.000000000 3.920000000 5.500000000
v -1.000000000 3.920000000 5.750000000
v -2.000000000 3.920000000 5.750000000
v -2.000000000 4.000000000 5.500000000
v -1.000000000 4.000000000 5.500000000
v -1.000000000 4.000000000 5.750000000
v -2.000000000 4.000000000 5.750000000
v -2.000000000 4.120000000 5.750000000
v -1.000000000 4.120000000 5.750000000
v -1.000000000 4.120000000 6.000000000
v -2.000000000 4.120000000 6.000000000
v -2.000000000 4.200000000 5.750000000
v -1.000000000 4.200000000 5.750000000
v -1.000000000 4.200000000 6.000000000
v -2.000000000 4.200000000 6.000000000
v -2.000000000 4.320000000 6.000000000
v -1.000000000 4.320000000 6.000000000
v -1.000000000 4.320000000 6.250000000
v -2.000000000 4.320000000 6.250000000
v -2.000000000 4.400000000 6.000000000
v -1.000000000 4.400000000 6.000000000
v -1.000000000 4.400000000 6.250000000
v -2.000000000 4.400000000 6.250000000
v -2.000000000 4.520000000 6.250000000
v -1.000000000 4.520000000 6.250000000
v -1.000000000 4.520000000 6.500000000
v -2.000000000 4.520000000 6.500000000
v -2.000000000 4.600000000 6.250000000
v -1.000000000 4.600000000 6.250000000
v -1.000000000 4.600000000 6.500000000
v -2.000000000 4.600000000 6.500000000
v -2.000000000 4.720000000 6.500000000
v -1.000000000 4.720000000 6.500000000
v -1.000000000 4.720000000 6.750000000
v -2.000000000 4.720000000 6.750000000
v -2.000000000 4.800000000 6.500000000
v -1.000000000 4.800000000 6.500000000
v -1.000000000 4.800000000 6.750000000
v -2.000000000 4.800000000 6.750000000
v -2.000000000 4.920000000 6.750000000
v -1.000000000 4.920000000 6.750000000
v -1.000000000 4.920000000 7.000000000
v -2.000000000 4.920000000 7.000000000
v -2.000000000 5.000000000 6.750000000
v -1.000000000 5.000000000 6.750000000
v -1.000000000 5.000000000 7.000000000
v -2.000000000 5.000000000 7.000000000
v -2.000000000 5.120000000 7.000000000
v -1.000000000 5.120000000 7.000000000
v -1.000000000 5.120000000 7.250000000
v -2.000000000 5.120000000 7.250000000
v -2.000000000 5.200000000 7.000000000
v -1.000000000 5.200000000 7.000000000
v -1.000000000 5.200000000 7.250000000
v -2.000000000 5.200000000 7.250000000
v -2.000000000 2.600000000 4.000000000
v -2.000000000 2.720000000 4.000000000
v -2.000000000 5.200000000 7.250000000
v -2.000000000 5.020000000 7.250000000
v -1.920000000 2.600000000 4.000000000
v -1.920000000 2.720000000 4.000000000
v -1.920000000 5.200000000 7.250000000
v -1.920000000 5.020000000 7.250000000
v -1.080000000 2.600000000 4.000000000
v -1.080000000 2.720000000 4.000000000
v -1.080000000 5.200000000 7.250000000
v -1.080000000 5.020000000 7.250000000
v -1.000000000 2.600000000 4.000000000
v -1.000000000 2.720000000 4.000000000
v -1.000000000 5.200000000 7.250000000
v -1.000000000 5.020000000 7.250000000
v 1.000000000 5.320000000 8.000000000
v 2.000000000 5.320000000 8.000000000
v 2.000000000 5.320000000 8.250000000
v 1.000000000 5.320000000 8.250000000
v 1.000000000 5.400000000 8.000000000
v 2.000000000 5.400000000 8.000000000
v 2.000000000 5.400000000 8.250000000
v 1.000000000 5.400000000 8.250000000
v 1.000000000 5.520000000 8.250000000
v 2.000000000 5.520000000 8.250000000
v 2.000000000 5.520000000 8.500000000
v 1.000000000 5.520000000 8.500000000
v 1.000000000 5.600000000 8.250000000
v 2.000000000 5.600000000 8.250000000
v 2.000000000 5.600000000 8.500000000
v 1.000000000 5.600000000 8.500000000
v 1.000000000 5.720000000 8.500000000
v 2.000000000 5.720000000 8.500000000
v 2.000000000 5.720000000 8.750000000
v 1.000000000 5.720000000 8.750000000
v 1.000000000 5.800000000 8.500000000
v 2.000000000 5.800000000 8.500000000
v 2.000000000 5.800000000 8.750000000
v 1.000000000 5.800000000 8.750000000
v 1.000000000 5.920000000 8.750000000
v 2.000000000 5.920000000 8.750000000
v 2.000000000 5.920000000 9.000000000
v 1.000000000 5.920000000 9.000000000
v 1.000000000 6.000000000 8.750000000
v 2.000000000 6.000000000 8.750000000
v 2.000000000 6.000000000 9.000000000
v 1.000000000 6.000000000 9.000000000
v 1.000000000 6.120000000 9.000000000
v 2.000000000 6.120000000 9.000000000
v 2.000000000 6.120000000 9.250000000
v 1.000000000 6.120000000 9.250000000
v 1.000000000 6.200000000 9.000000000
v 2.000000000 6.200000000 9.000000000
v 2.000000000 6.200000000 9.250000000
v 1.000000000 6.200000000 9.250000000
v 1.000000000 6.320000000 9.250000000
v 2.000000000 6.320000000 9.250000000
v 2.000000000 6.320000000 9.500000000
v 1.000000000 6.320000000 9.500000000
v 1.000000000 6.400000000 9.250000000
v 2.000000000 6.400000000 9.250000000
v 2.000000000 6.400000000 9.500000000
v 1.000000000 6.400000000 9.500000000
v 1.000000000 6.520000000 9.500000000
v 2.000000000 6.520000000 9.500000000
v 2.000000000 6.520000000 9.750000000
v 1.000000000 6.520000000 9.750000000
v 1.000000000 6.600000000 9.500000000
v 2.000000000 6.600000000 9.500000000
v 2.000000000 6.600000000 9.750000000
v 1.000000000 6.600000000 9.750000000
v 1.000000000 6.720000000 9.750000000
v 2.000000000 6.720000000 9.750000000
v 2.000000000 6.720000000 10.000000000
v 1.000000000 6.720000000 10.000000000
v 1.000000000 6.800000000 9.750000000
v 2.000000000 6.800000000 9.750000000
v 2.000000000 6.800000000 10.000000000
v 1.000000000 6.800000000 10.000000000
v 1.000000000 6.920000000 10.000000000
v 2.000000000 6.920000000 10.000000000
v 2.000000000 6.920000000 10.250000000
v 1.000000000 6.920000000 10.250000000
v 1.000000000 7.000000000 10.000000000
v 2.000000000 7.000000000 10.000000000
v 2.000000000 7.000000000 10.250000000
v 1.000000000 7.000000000 10.250000000
v 1.000000000 7.120000000 10.250000000
v 2.000000000 7.120000000 10.250000000
v 2.000000000 7.120000000 10.500000000
v 1.000000000 7.120000000 10.500000000
v 1.000000000 7.200000000 10.250000000
v 2.000000000 7.200000000 10.250000000
v 2.000000000 7.200000000 10.500000000
v 1.000000000 7.200000000 10.500000000
v 1.000000000 7.320000000 10.500000000
v 2.000000000 7.320000000 10.500000000
v 2.000000000 7.320000000 10.750000000
v 1.000000000 7.320000000 10.750000000
v 1.000000000 7.400000000 10.500000000
v 2.000000000 7.400000000 10.500000000
v 2.000000000 7.400000000 10.750000000
v 1.000000000 7.400000000 10.750000000
v 1.000000000 7.520000000 10.750000000
v 2.000000000 7.520000000 10.750000000
v 2.000000000 7.520000000 11.000000000
v 1.000000000 7.520000000 11.000000000
v 1.000000000 7.600000000 10.750000000
v 2.000000000 7.600000000 10.750000000
v 2.000000000 7.600000000 11.000000000
v 1.000000000 7.600000000 11.000000000
v 1.000000000 7.720000000 11.000000000
v 2.000000000 7.720000000 11.000000000
v 2.000000000 7.720000000 11.250000000
v 1.000000000 7.720000000 11.250000000
v 1.000000000 7.800000000 11.000000000
v 2.000000000 7.800000000 11.000000000
v 2.000000000 7.800000000 11.250000000
v 1.000000000 7.800000000 11.250000000
v 1.000000000 5.200000000 8.000000000
v 1.000000000 5.320000000 8.000000000
v 1.000000000 7.800000000 11.250000000
v 1.000000000 7.620000000 11.250000000
v 1.080000000 5.200000000 8.000000000
v 1.080000000 5.320000000 8.000000000
v 1.080000000 7.800000000 11.250000000
v 1.080000000 7.620000000 11.250000000
v 1.920000000 5.200000000 8.000000000
v 1.920000000 5.320000000 8.000000000
v 1.920000000 7.800000000 11.250000000
v 1.920000000 7.620000000 11.250000000
v 2.000000000 5.200000000 8.000000000
v 2.000000000 5.320000000 8.000000000
v 2.000000000 7.800000000 11.250000000
v 2.000000000 7.620000000 11.250000000
usemtl wood
f 9 2 1
f 10 9 1
f 19 20 11
f 12 19 11
f 8 3 2
f 9 8 2
f 18 19 12
f 13 18 12
f 7 4 3
f 8 7 3
f 17 18 13
f 14 17 13
f 6 5 4
f 7 6 4
f 16 17 14
f 15 16 14
f 1 2 12
f 1 12 11
f 2 3 13
f 2 13 12
f 3 4 14
f 3 14 13
f 4 5 15
f 4 15 14
f 5 6 16
f 5 16 15
f 6 7 17
f 6 17 16
f 7 8 18
f 7 18 17
f 8 9 19
f 8 19 18
f 9 10 20
f 9 20 19
f 10 1 11
f 10 11 20
f 29 22 21
f 30 29 21
f 39 40 31
f 32 39 31
f 28 23 22
f 29 28 22
f 38 39 32
f 33 38 32
f 27 24 23
f 28 27 23
f 37 38 33
f 34 37 33
f 26 25 24
f 27 26 24
f 36 37 34
f 35 36 34
f 21 22 32
f 21 32 31
f 22 23 33
f 22 33 32
f 23 24 34
f 23 34 33
f 24 25 35
f 24 35 34
f 25 26 36
f 25 36 35
f 26 27 37
f 26 37 36
f 27 28 38
f 27 38 37
f 28 29 39
f 28 39 38
f 29 30 40
f 29 40 39
f 30 21 31
f 30 31 40
f 49 42 41
f 50 49 41
f 59 60 51
f 52 59 51
f 48 43 42
f 49 48 42
f 58 59 52
f 53 58 52
f 47 44 43
f 48 47 43
f 57 58 53
f 54 57 53
f 46 45 44
f 47 46 44
f 56 57 54
f 55 56 54
f 41 42 52
f 41 52 51
f 42 43 53
f 42 53 52
f 43 44 54
f 43 54 53
f 44 45 55
f 44 55 54
f 45 46 56
f 45 56 55
f 46 47 57
f 46 57 56
f 47 48 58
f 47 58 57
f 48 49 59
f 48 59 58
f 49 50 60
f 49 60 59
f 50 41 51
f 50 51 60
f 69 62 61
f 70 69 61
f 79 80 71
f 72 79 71
f 68 63 62
f 69 68 62
f 78 79 72
f 73 78 72
f 67 64 63
f 68 67 63
f 77 78 73
f 74 77 73
f 66 65 64
f 67 66 64
f 76 77 74
f 75 76 74
f 61 62 72
f 61 72 71
f 62 63 73
f 62 73 72
f 63 64 74
f 63 74 73
f 64 65 75
f 64 75 74
f 65 66 76
f 65 76 75
f 66 67 77
f 66 77 76
f 67 68 78
f 67 78 77
f 68 69 79
f 68 79 78
f 69 70 80
f 69 80 79
f 70 61 71
f 70 71 80
f 89 82 81
f 90 89 81
f 99 100 91
f 92 99 91
f 88 83 82
f 89 88 82
f 98 99 92
f 93 98 92
f 87 84 83
f 88 87 83
f 97 98 93
f 94 97 93
f 86 85 84
f 87 86 84
f 96 97 94
f 95 96 94
f 81 82 92
f 81 92 91
f 82 83 93
f 82 93 92
f 83 84 94
f 83 94 93
f 84 85 95
f 84 95 94
f 85 86 96
f 85 96 95
f 86 87 97
f 86 97 96
f 87 88 98
f 87 98 97
f 88 89 99
f 88 99 98
f 89 90 100
f 89 100 99
f 90 81 91
f 90 91 100
f 109 102 101
f 110 109 101
f 119 120 111
f 112 119 111
f 108 103 102
f 109 108 102
f 118 119 112
f 113 118 112
f 107 104 103
f 108 107 103
f 117 118 113
f 114 117 113
f 106 105 104
f 107 106 104
f 116 117 114
f 115 116 114
f 101 102 112
f 101 112 111
f 102 103 113
f 102 113 112
f 103 104 114
f 103 114 113
f 104 105 115
f 104 115 114
f 105 106 116
f 105 116 115
f 106 107 117
f 106 117 116
f 107 108 118
f 107 118 117
f 108 109 119
f 108 119 118
f 109 110 120
f 109 120 119
f 110 101 111
f 110 111 120
f 125 126 127
f 124 125 127
f 123 124 127
f 122 123 127
f 121 122 127
f 130 129 128
f 131 130 128
f 132 131 128
f 133 132 128
f 134 133 128
f 129 122 121
f 128 129 121
f 130 123 122
f 129 130 122
f 131 124 123
f 130 131 123
f 132 125 124
f 131 132 124
f 133 126 125
f 132 133 125
f 134 127 126
f 133 134 126
f 128 121 127
f 134 128 127
f 143 136 135
f 144 143 135
f 153 154 145
f 146 153 145
f 142 137 136
f 143 142 136
f 152 153 146
f 147 152 146
f 141 138 137
f 142 141 137
f 151 152 147
f 148 151 147
f 140 139 138
f 141 140 138
f 150 151 148
f 149 150 148
f 135 136 146
f 135 146 145
f 136 137 147
f 136 147 146
f 137 138 148
f 137 148 147
f 138 139 149
f 138 149 148
f 139 140 150
f 139 150 149
f 140 141 151
f 140 151 150
f 141 142 152
f 141 152 151
f 142 143 153
f 142 153 152
f 143 144 154
f 143 154 153
f 144 135 145
f 144 145 154
f 163 156 155
f 164 163 155
f 173 174 165
f 166 173 165
f 162 157 156
f 163 162 156
f 172 173 166
f 167 172 166
f 161 158 157
f 162 161 157
f 171 172 167
f 168 171 167
f 160 159 158
f 161 160 158
f 170 171 168
f 169 170 168
f 155 156 166
f 155 166 165
f 156 157 167
f 156 167 166
f 157 158 168
f 157 168 167
f 158 159 169
f 158 169 168
f 159 160 170
f 159 170 169
f 160 161 171
f 160 171 170
f 161 162 172
f 161 172 171
f 162 163 173
f 162 173 172
f 163 164 174
f 163 174 173
f 164 155 165
f 164 165 174
f 176 177 178
f 175 176 178
f 181 180 179
f 182 181 179
f 180 176 175
f 179 180 175
f 181 177 176
f 180 181 176
f 182 178 177
f 181 182 177
f 179 175 178
f 182 179 178
f 191 184 183
f 192 191 183
f 201 202 193
f 194 201 193
f 190 185 184
f 191 190 184
f 200 201 194
f 195 200 194
f 189 186 185
f 190 189 185
f 199 200 195
f 196 199 195
f 188 187 186
f 189 188 186
f 198 199 196
f 197 198 196
f 183 184 194
f 183 194 193
f 184 185 195
f 184 195 194
f 185 186 196
f 185 196 195
f 186 187 197
f 186 197 196
f 187 188 198
f 187 198 197
f 188 189 199
f 188 199 198
f 189 190 200
f 189 200 199
f 190 191 201
f 190 201 200
f 191 192 202
f 191 202 201
f 192 183 193
f 192 193 202
f 211 204 203
f 212 211 203
f 221 222 213
f 214 221 213
f 210 205 204
f 211 210 204
f 220 221 214
f 215 220 214
f 209 206 205
f 210 209 205
f 219 220 215
f 216 219 215
f 208 207 206
f 209 208 206
f 218 219 216
f 217 218 216
f 203 204 214
f 203 214 213
f 204 205 215
f 204 215 214
f 205 206 216
f 205 216 215
f 206 207 217
f 206 217 216
f 207 208 218
f 207 218 217
f 208 209 219
f 208 219 218
f 209 210 220
f 209 220 219
f 210 211 221
f 210 221 220
f 211 212 222
f 211 222 221
f 212 203 213
f 212 213 222
f 224 225 226
f 223 224 226
f 229 228 227
f 230 229 227
f 228 224 223
f 227 228 223
f 229 225 224
f 228 229 224
f 230 226 225
f 229 230 225
f 227 223 226
f 230 227 226
f 239 232 231
f 240 239 231
f 249 250 241
f 242 249 241
f 238 233 232
f 239 238 232
f 248 249 242
f 243 248 242
f 237 234 233
f 238 237 233
f 247 248 243
f 244 247 243
f 236 235 234
f 237 236 234
f 246 247 244
f 245 246 244
f 231 232 242
f 231 242 241
f 232 233 243
f 232 243 242
f 233 234 244
f 233 244 243
f 234 235 245
f 234 245 244
f 235 236 246
f 235 246 245
f 236 237 247
f 236 247 246
f 237 238 248
f 237 248 247
f 238 239 249
f 238 249 248
f 239 240 250
f 239 250 249
f 240 231 241
f 240 241 250
f 259 252 251
f 260 259 251
f 269 270 261
f 262 269 261
f 258 253 252
f 259 258 252
f 268 269 262
f 263 268 262
f 257 254 253
f 258 257 253
f 267 268 263
f 264 267 263
f 256 255 254
f 257 256 254
f 266 267 264
f 265 266 264
f 251 252 262
f 251 262 261
f 252 253 263
f 252 263 262
f 253 254 264
f 253 264 263
f 254 255 265
f 254 265 264
f 255 256 266
f 255 266 265
f 256 257 267
f 256 267 266
f 257 258 268
f 257 268 267
f 258 259 269
f 258 269 268
f 259 260 270
f 259 270 269
f 260 251 261
f 260 261 270
f 272 273 274
f 271 272 274
f 277 276 275
f 278 277 275
f 276 272 271
f 275 276 271
f 277 273 272
f 276 277 272
f 278 274 273
f 277 278 273
f 275 271 274
f 278 275 274
f 287 280 279
f 288 287 279
f 297 298 289
f 290 297 289
f 286 281 280
f 287 286 280
f 296 297 290
f 291 296 290
f 285 282 281
f 286 285 281
f 295 296 291
f 292 295 291
f 284 283 282
f 285 284 282
f 294 295 292
f 293 294 292
f 279 280 290
f 279 290 289
f 280 281 291
f 280 291 290
f 281 282 292
f 281 292 291
f 282 283 293
f 282 293 292
f 283 284 294
f 283 294 293
f 284 285 295
f 284 295 294
f 285 286 296
f 285 296 295
f 286 287 297
f 286 297 296
f 287 288 298
f 287 298 297
f 288 279 289
f 288 289 298
f 307 300 299
f 308 307 299
f 317 318 309
f 310 317 309
f 306 301 300
f 307 306 300
f 316 317 310
f 311 316 310
f 305 302 301
f 306 305 301
f 315 316 311
f 312 315 311
f 304 303 302
f 305 304 302
f 314 315 312
f 313 314 312
f 299 300 310
f 299 310 309
f 300 301 311
f 300 311 310
f 301 302 312
f 301 312 311
f 302 303 313
f 302 313 312
f 303 304 314
f 303 314 313
f 304 305 315
f 304 315 314
f 305 306 316
f 305 316 315
f 306 307 317
f 306 317 316
f 307 308 318
f 307 318 317
f 308 299 309
f 308 309 318
f 320 321 322
f 319 320 322
f 325 324 323
f 326 325 323
f 324 320 319
f 323 324 319
f 325 321 320
f 324 325 320
f 326 322 321
f 325 326 321
f 323 319 322
f 326 323 322
f 335 328 327
f 336 335 327
f 345 346 337
f 338 345 337
f 334 329 328
f 335 334 328
f 344 345 338
f 339 344 338
f 333 330 329
f 334 333 329
f 343 344 339
f 340 343 339
f 332 331 330
f 333 332 330
f 342 343 340
f 341 342 340
f 327 328 338
f 327 338 337
f 328 329 339
f 328 339 338
f 329 330 340
f 329 340 339
f 330 331 341
f 330 341 340
f 331 332 342
f 331 342 341
f 332 333 343
f 332 343 342
f 333 334 344
f 333 344 343
f 334 335 345
f 334 345 344
f 335 336 346
f 335 346 345
f 336 327 337
f 336 337 346
f 355 348 347
f 356 355 347
f 365 366 357
f 358 365 357
f 354 349 348
f 355 354 348
f 364 365 358
f 359 364 358
f 353 350 349
f 354 353 349
f 363 364 359
f 360 363 359
f 352 351 350
f 353 352 350
f 362 363 360
f 361 362 360
f 347 348 358
f 347 358 357
f 348 349 359
f 348 359 358
f 349 350 360
f 349 360 359
f 350 351 361
f 350 361 360
f 351 352 362
f 351 362 361
f 352 353 363
f 352 363 362
f 353 354 364
f 353 364 363
f 354 355 365
f 354 365 364
f 355 356 366
f 355 366 365
f 356 347 357
f 356 357 366
f 368 369 370
f 367 368 370
f 373 372 371
f 374 373 371
f 372 368 367
f 371 372 367
f 373 369 368
f 372 373 368
f 374 370 369
f 373 374 369
f 371 367 370
f 374 371 370
f 383 376 375
f 384 383 375
f 393 394 385
f 386 393 385
f 382 377 376
f 383 382 376
f 392 393 386
f 387 392 386
f 381 378 377
f 382 381 377
f 391 392 387
f 388 391 387
f 380 379 378
f 381 380 378
f 390 391 388
f 389 390 388
f 375 376 386
f 375 386 385
f 376 377 387
f 376 387 386
f 377 378 388
f 377 388 387
f 378 379 389
f 378 389 388
f 379 380 390
f 379 390 389
f 380 381 391
f 380 391 390
f 381 382 392
f 381 392 391
f 382 383 393
f 382 393 392
f 383 384 394
f 383 394 393
f 384 375 385
f 384 385 394
f 403 396 395
f 404 403 395
f 413 414 405
f 406 413 405
f 402 397 396
f 403 402 396
f 412 413 406
f 407 412 406
f 401 398 397
f 402 401 397
f 411 412 407
f 408 411 407
f 400 399 398
f 401 400 398
f 410 411 408
f 409 410 408
f 395 396 406
f 395 406 405
f 396 397 407
f 396 407 406
f 397 398 408
f 397 408 407
f 398 399 409
f 398 409 408
f 399 400 410
f 399 410 409
f 400 401 411
f 400 411 410
f 401 402 412
f 401 412 411
f 402 403 413
f 402 413 412
f 403 404 414
f 403 414 413
f 404 395 405
f 404 405 414
f 416 417 418
f 415 416 418
f 421 420 419
f 422 421 419
f 420 416 415
f 419 420 415
f 421 417 416
f 420 421 416
f 422 418 417
f 421 422 417
f 419 415 418
f 422 419 418
f 431 424 423
f 432 431 423
f 441 442 433
f 434 441 433
f 430 425 424
f 431 430 424
f 440 441 434
f 435 440 434
f 429 426 425
f 430 429 425
f 439 440 435
f 436 439 435
f 428 427 426
f 429 428 426
f 438 439 436
f 437 438 436
f 423 424 434
f 423 434 433
f 424 425 435
f 424 435 434
f 425 426 436
f 425 436 435
f 426 427 437
f 426 437 436
f 427 428 438
f 427 438 437
f 428 429 439
f 428 439 438
f 429 430 440
f 429 440 439
f 430 431 441
f 430 441 440
f 431 432 442
f 431 442 441
f 432 423 433
f 432 433 442
f 451 444 443
f 452 451 443
f 461 462 453
f 454 461 453
f 450 445 444
f 451 450 444
f 460 461 454
f 455 460 454
f 449 446 445
f 450 449 445
f 459 460 455
f 456 459 455
f 448 447 446
f 449 448 446
f 458 459 456
f 457 458 456
f 443 444 454
f 443 454 453
f 444 445 455
f 444 455 454
f 445 446 456
f 445 456 455
f 446 447 457
f 446 457 456
f 447 448 458
f 447 458 457
f 448 449 459
f 448 459 458
f 449 450 460
f 449 460 459
f 450 451 461
f 450 461 460
f 451 452 462
f 451 462 461
f 452 443 453
f 452 453 462
f 471 464 463
f 472 471 463
f 481 482 473
f 474 481 473
f 470 465 464
f 471 470 464
f 480 481 474
f 475 480 474
f 469 466 465
f 470 469 465
f 479 480 475
f 476 479 475
f 468 467 466
f 469 468 466
f 478 479 476
f 477 478 476
f 463 464 474
f 463 474 473
f 464 465 475
f 464 475 474
f 465 466 476
f 465 476 475
f 466 467 477
f 466 477 476
f 467 468 478
f 467 478 477
f 468 469 479
f 468 479 478
f 469 470 480
f 469 480 479
f 470 471 481
f 470 481 480
f 471 472 482
f 471 482 481
f 472 463 473
f 472 473 482
f 491 484 483
f 492 491 483
f 501 502 493
f 494 501 493
f 490 485 484
f 491 490 484
f 500 501 494
f 495 500 494
f 489 486 485
f 490 489 485
f 499 500 495
f 496 499 495
f 488 487 486
f 489 488 486
f 498 499 496
f 497 498 496
f 483 484 494
f 483 494 493
f 484 485 495
f 484 495 494
f 485 486 496
f 485 496 495
f 486 487 497
f 486 497 496
f 487 488 498
f 487 498 497
f 488 489 499
f 488 499 498
f 489 490 500
f 489 500 499
f 490 491 501
f 490 501 500
f 491 492 502
f 491 502 501
f 492 483 493
f 492 493 502
f 511 504 503
f 512 511 503
f 521 522 513
f 514 521 513
f 510 505 504
f 511 510 504
f 520 521 514
f 515 520 514
f 509 506 505
f 510 509 505
f 519 520 515
f 516 519 515
f 508 507 506
f 509 508 506
f 518 519 516
f 517 518 516
f 503 504 514
f 503 514 513
f 504 505 515
f 504 515 514
f 505 506 516
f 505 516 515
f 506 507 517
f 506 517 516
f 507 508 518
f 507 518 517
f 508 509 519
f 508 519 518
f 509 510 520
f 509 520 519
f 510 511 521
f 510 521 520
f 511 512 522
f 511 522 521
f 512 503 513
f 512 513 522
f 531 524 523
f 532 531 523
f 541 542 533
f 534 541 533
f 530 525 524
f 531 530 524
f 540 541 534
f 535 540 534
f 529 526 525
f 530 529 525
f 539 540 535
f 536 539 535
f 528 527 526
f 529 528 526
f 538 539 536
f 537 538 536
f 523 524 534
f 523 534 533
f 524 525 535
f 524 535 534
f 525 526 536
f 525 536 535
f 526 527 537
f 526 537 536
f 527 528 538
f 527 538 537
f 528 529 539
f 528 539 538
f 529 530 540
f 529 540 539
f 530 531 541
f 530 541 540
f 531 532 542
f 531 542 541
f 532 523 533
f 532 533 542
f 551 544 543
f 552 551 543
f 561 562 553
f 554 561 553
f 550 545 544
f 551 550 544
f 560 561 554
f 555 560 554
f 549 546 545
f 550 549 545
f 559 560 555
f 556 559 555
f 548 547 546
f 549 548 546
f 558 559 556
f 557 558 556
f 543 544 554
f 543 554 553
f 544 545 555
f 544 555 554
f 545 546 556
f 545 556 555
f 546 547 557
f 546 557 556
f 547 548 558
f 547 558 557
f 548 549 559
f 548 559 558
f 549 550 560
f 549 560 559
f 550 551 561
f 550 561 560
f 551 552 562
f 551 562 561
f 552 543 553
f 552 553 562
f 571 564 563
f 572 571 563
f 581 582 573
f 574 581 573
f 570 565 564
f 571 570 564
f 580 581 574
f 575 580 574
f 569 566 565
f 570 569 565
f 579 580 575
f 576 579 575
f 568 567 566
f 569 568 566
f 578 579 576
f 577 578 576
f 563 564 574
f 563 574 573
f 564 565 575
f 564 575 574
f 565 566 576
f 565 576 575
f 566 567 577
f 566 577 576
f 567 568 578
f 567 578 577
f 568 569 579
f 568 579 578
f 569 570 580
f 569 580 579
f 570 571 581
f 570 581 580
f 571 572 582
f 571 582 581
f 572 563 573
f 572 573 582
f 591 584 583
f 592 591 583
f 601 602 593
f 594 601 593
f 590 585 584
f 591 590 584
f 600 601 594
f 595 600 594
f 589 586 585
f 590 589 585
f 599 600 595
f 596 599 595
f 588 587 586
f 589 588 586
f 598 599 596
f 597 598 596
f 583 584 594
f 583 594 593
f 584 585 595
f 584 595 594
f 585 586 596
f 585 596 595
f 586 587 597
f 586 597 596
f 587 588 598
f 587 598 597
f 588 589 599
f 588 599 598
f 589 590 600
f 589 600 599
f 590 591 601
f 590 601 600
f 591 592 602
f 591 602 601
f 592 583 593
f 592 593 602
f 611 604 603
f 612 611 603
f 621 622 613
f 614 621 613
f 610 605 604
f 611 610 604
f 620 621 614
f 615 620 614
f 609 606 605
f 610 609 605
f 619 620 615
f 616 619 615
f 608 607 606
f 609 608 606
f 618 619 616
f 617 618 616
f 603 604 614
f 603 614 613
f 604 605 615
f 604 615 614
f 605 606 616
f 605 616 615
f 606 607 617
f 606 617 616
f 607 608 618
f 607 618 617
f 608 609 619
f 608 619 618
f 609 610 620
f 609 620 619
f 610 611 621
f 610 621 620
f 611 612 622
f 611 622 621
f 612 603 613
f 612 613 622
f 631 624 623
f 632 631 623
f 641 642 633
f 634 641 633
f 630 625 624
f 631 630 624
f 640 641 634
f 635 640 634
f 629 626 625
f 630 629 625
f 639 640 635
f 636 639 635
f 628 627 626
f 629 628 626
f 638 639 636
f 637 638 636
f 623 624 634
f 623 634 633
f 624 625 635
f 624 635 634
f 625 626 636
f 625 636 635
f 626 627 637
f 626 637 636
f 627 628 638
f 627 638 637
f 628 629 639
f 628 639 638
f 629 630 640
f 629 640 639
f 630 631 641
f 630 641 640
f 631 632 642
f 631 642 641
f 632 623 633
f 632 633 642
f 651 644 643
f 652 651 643
f 661 662 653
f 654 661 653
f 650 645 644
f 651 650 644
f 660 661 654
f 655 660 654
f 649 646 645
f 650 649 645
f 659 660 655
f 656 659 655
f 648 647 646
f 649 648 646
f 658 659 656
f 657 658 656
f 643 644 654
f 643 654 653
f 644 645 655
f 644 655 654
f 645 646 656
f 645 656 655
f 646 647 657
f 646 657 656
f 647 648 658
f 647 658 657
f 648 649 659
f 648 659 658
f 649 650 660
f 649 660 659
f 650 651 661
f 650 661 660
f 651 652 662
f 651 662 661
f 652 643 653
f 652 653 662
f 671 664 663
f 672 671 663
f 681 682 673
f 674 681 673
f 670 665 664
f 671 670 664
f 680 681 674
f 675 680 674
f 669 666 665
f 670 669 665
f 679 680 675
f 676 679 675
f 668 667 666
f 669 668 666
f 678 679 676
f 677 678 676
f 663 664 674
f 663 674 673
f 664 665 675
f 664 675 674
f 665 666 676
f 665 676 675
f 666 667 677
f 666 677 676
f 667 668 678
f 667 678 677
f 668 669 679
f 668 679 678
f 669 670 680
f 669 680 679
f 670 671 681
f 670 681 680
f 671 672 682
f 671 682 681
f 672 663 673
f 672 673 682
f 691 684 683
f 692 691 683
f 701 702 693
f 694 701 693
f 690 685 684
f 691 690 684
f 700 701 694
f 695 700 694
f 689 686 685
f 690 689 685
f 699 700 695
f 696 699 695
f 688 687 686
f 689 688 686
f 698 699 696
f 697 698 696
f 683 684 694
f 683 694 693
f 684 685 695
f 684 695 694
f 685 686 696
f 685 696 695
f 686 687 697
f 686 697 696
f 687 688 698
f 687 698 697
f 688 689 699
f 688 699 698
f 689 690 700
f 689 700 699
f 690 691 701
f 690 701 700
f 691 692 702
f 691 702 701
f 692 683 693
f 692 693 702
f 711 704 703
f 712 711 703
f 721 722 713
f 714 721 713
f 710 705 704
f 711 710 704
f 720 721 714
f 715 720 714
f 709 706 705
f 710 709 705
f 719 720 715
f 716 719 715
f 708 707 706
f 709 708 706
f 718 719 716
f 717 718 716
f 703 704 714
f 703 714 713
f 704 705 715
f 704 715 714
f 705 706 716
f 705 716 715
f 706 707 717
f 706 717 716
f 707 708 718
f 707 718 717
f 708 709 719
f 708 719 718
f 709 710 720
f 709 720 719
f 710 711 721
f 710 721 720
f 711 712 722
f 711 722 721
f 712 703 713
f 712 713 722
f 731 724 723
f 732 731 723
f 741 742 733
f 734 741 733
f 730 725 724
f 731 730 724
f 740 741 734
f 735 740 734
f 729 726 725
f 730 729 725
f 739 740 735
f 736 739 735
f 728 727 726
f 729 728 726
f 738 739 736
f 737 738 736
f 723 724 734
f 723 734 733
f 724 725 735
f 724 735 734
f 725 726 736
f 725 736 735
f 726 727 737
f 726 737 736
f 727 728 738
f 727 738 737
f 728 729 739
f 728 739 738
f 729 730 740
f 729 740 739
f 730 731 741
f 730 741 740
f 731 732 742
f 731 742 741
f 732 723 733
f 732 733 742
f 757 758 759
f 756 757 759
f 755 756 759
f 754 755 759
f 753 754 759
f 752 753 759
f 751 752 759
f 750 751 759
f 749 750 759
f 748 749 759
f 747 748 759
f 746 747 759
f 745 746 759
f 744 745 759
f 743 744 759
f 762 761 760
f 763 762 760
f 764 763 760
f 765 764 760
f 766 765 760
f 767 766 760
f 768 767 760
f 769 768 760
f 770 769 760
f 771 770 760
f 772 771 760
f 773 772 760
f 774 773 760
f 775 774 760
f 776 775 760
f 761 744 743
f 760 761 743
f 762 745 744
f 761 762 744
f 763 746 745
f 762 763 745
f 764 747 746
f 763 764 746
f 765 748 747
f 764 765 747
f 766 749 748
f 765 766 748
f 767 750 749
f 766 767 749
f 768 751 750
f 767 768 750
f 769 752 751
f 768 769 751
f 770 753 752
f 769 770 752
f 771 754 753
f 770 771 753
f 772 755 754
f 771 772 754
f 773 756 755
f 772 773 755
f 774 757 756
f 773 774 756
f 775 758 757
f 774 775 757
f 776 759 758
f 775 776 758
f 760 743 759
f 776 760 759
f 778 779 780
f 777 778 780
f 783 782 781
f 784 783 781
f 782 778 777
f 781 782 777
f 783 779 778
f 782 783 778
f 784 780 779
f 783 784 779
f 781 777 780
f 784 781 780
f 786 787 788
f 785 786 788
f 791 790 789
f 792 791 789
f 790 786 785
f 789 790 785
f 791 787 786
f 790 791 786
f 792 788 787
f 791 792 787
f 789 785 788
f 792 789 788
f 794 795 796
f 793 794 796
f 799 798 797
f 800 799 797
f 798 794 793
f 797 798 793
f 799 795 794
f 798 799 794
f 800 796 795
f 799 800 795
f 797 793 796
f 800 797 796
f 802 803 804
f 801 802 804
f 807 806 805
f 808 807 805
f 806 802 801
f 805 806 801
f 807 803 802
f 806 807 802
f 808 804 803
f 807 808 803
f 805 801 804
f 808 805 804
f 810 811 812
f 809 810 812
f 815 814 813
f 816 815 813
f 814 810 809
f 813 814 809
f 815 811 810
f 814 815 810
f 816 812 811
f 815 816 811
f 813 809 812
f 816 813 812
f 818 819 820
f 817 818 820
f 823 822 821
f 824 823 821
f 822 818 817
f 821 822 817
f 823 819 818
f 822 823 818
f 824 820 819
f 823 824 819
f 821 817 820
f 824 821 820
f 826 827 828
f 825 826 828
f 831 830 829
f 832 831 829
f 830 826 825
f 829 830 825
f 831 827 826
f 830 831 826
f 832 828 827
f 831 832 827
f 829 825 828
f 832 829 828
f 834 835 836
f 833 834 836
f 839 838 837
f 840 839 837
f 838 834 833
f 837 838 833
f 839 835 834
f 838 839 834
f 840 836 835
f 839 840 835
f 837 833 836
f 840 837 836
f 842 843 844
f 841 842 844
f 847 846 845
f 848 847 845
f 846 842 841
f 845 846 841
f 847 843 842
f 846 847 842
f 848 844 843
f 847 848 843
f 845 841 844
f 848 845 844
f 850 851 852
f 849 850 852
f 855 854 853
f 856 855 853
f 854 850 849
f 853 854 849
f 855 851 850
f 854 855 850
f 856 852 851
f 855 856 851
f 853 849 852
f 856 853 852
f 858 859 860
f 857 858 860
f 863 862 861
f 864 863 861
f 862 858 857
f 861 862 857
f 863 859 858
f 862 863 858
f 864 860 859
f 863 864 859
f 861 857 860
f 864 861 860
f 866 867 868
f 865 866 868
f 871 870 869
f 872 871 869
f 870 866 865
f 869 870 865
f 871 867 866
f 870 871 866
f 872 868 867
f 871 872 867
f 869 865 868
f 872 869 868
f 874 875 876
f 873 874 876
f 879 878 877
f 880 879 877
f 878 874 873
f 877 878 873
f 879 875 874
f 878 879 874
f 880 876 875
f 879 880 875
f 877 873 876
f 880 877 876
f 882 883 884
f 881 882 884
f 887 886 885
f 888 887 885
f 886 882 881
f 885 886 881
f 887 883 882
f 886 887 882
f 888 884 883
f 887 888 883
f 885 881 884
f 888 885 884
f 890 891 892
f 889 890 892
f 895 894 893
f 896 895 893
f 894 890 889
f 893 894 889
f 895 891 890
f 894 895 890
f 896 892 891
f 895 896 891
f 893 889 892
f 896 893 892
f 898 899 900
f 897 898 900
f 903 902 901
f 904 903 901
f 902 898 897
f 901 902 897
f 903 899 898
f 902 903 898
f 904 900 899
f 903 904 899
f 901 897 900
f 904 901 900
f 906 907 908
f 905 906 908
f 911 910 909
f 912 911 909
f 910 906 905
f 909 910 905
f 911 907 906
f 910 911 906
f 912 908 907
f 911 912 907
f 909 905 908
f 912 909 908
f 914 915 916
f 913 914 916
f 919 918 917
f 920 919 917
f 918 914 913
f 917 918 913
f 919 915 914
f 918 919 914
f 920 916 915
f 919 920 915
f 917 913 916
f 920 917 916
f 922 923 924
f 921 922 924
f 927 926 925
f 928 927 925
f 926 922 921
f 925 926 921
f 927 923 922
f 926 927 922
f 928 924 923
f 927 928 923
f 925 921 924
f 928 925 924
f 930 931 932
f 929 930 932
f 935 934 933
f 936 935 933
f 934 930 929
f 933 934 929
f 935 931 930
f 934 935 930
f 936 932 931
f 935 936 931
f 933 929 932
f 936 933 932
f 938 939 940
f 937 938 940
f 943 942 941
f 944 943 941
f 942 938 937
f 941 942 937
f 943 939 938
f 942 943 938
f 944 940 939
f 943 944 939
f 941 937 940
f 944 941 940
f 946 947 948
f 945 946 948
f 951 950 949
f 952 951 949
f 950 946 945
f 949 950 945
f 951 947 946
f 950 951 946
f 952 948 947
f 951 952 947
f 949 945 948
f 952 949 948
f 954 955 956
f 953 954 956
f 959 958 957
f 960 959 957
f 958 954 953
f 957 958 953
f 959 955 954
f 958 959 954
f 960 956 955
f 959 960 955
f 957 953 956
f 960 957 956
f 962 963 964
f 961 962 964
f 967 966 965
f 968 967 965
f 966 962 961
f 965 966 961
f 967 963 962
f 966 967 962
f 968 964 963
f 967 968 963
f 965 961 964
f 968 965 964
f 970 971 972
f 969 970 972
f 975 974 973
f 976 975 973
f 974 970 969
f 973 974 969
f 975 971 970
f 974 975 970
f 976 972 971
f 975 976 971
f 973 969 972
f 976 973 972
f 978 979 980
f 977 978 980
f 983 982 981
f 984 983 981
f 982 978 977
f 981 982 977
f 983 979 978
f 982 983 978
f 984 980 979
f 983 984 979
f 981 977 980
f 984 981 980
f 986 987 988
f 985 986 988
f 991 990 989
f 992 991 989
f 990 986 985
f 989 990 985
f 991 987 986
f 990 991 986
f 992 988 987
f 991 992 987
f 989 985 988
f 992 989 988
f 994 995 996
f 993 994 996
f 999 998 997
f 1000 999 997
f 998 994 993
f 997 998 993
f 999 995 994
f 998 999 994
f 1000 996 995
f 999 1000 995
f 997 993 996
f 1000 997 996
f 1002 1003 1004
f 1001 1002 1004
f 1007 1006 1005
f 1008 1007 1005
f 1006 1002 1001
f 1005 1006 1001
f 1007 1003 1002
f 1006 1007 1002
f 1008 1004 1003
f 1007 1008 1003
f 1005 1001 1004
f 1008 1005 1004
f 1010 1011 1012
f 1009 1010 1012
f 1015 1014 1013
f 1016 1015 1013
f 1014 1010 1009
f 1013 1014 1009
f 1015 1011 1010
f 1014 1015 1010
f 1016 1012 1011
f 1015 1016 1011
f 1013 1009 1012
f 1016 1013 1012
f 1018 1019 1020
f 1017 1018 1020
f 1023 1022 1021
f 1024 1023 1021
f 1022 1018 1017
f 1021 1022 1017
f 1023 1019 1018
f 1022 1023 1018
f 1024 1020 1019
f 1023 1024 1019
f 1021 1017 1020
f 1024 1021 1020
f 1026 1027 1028
f 1025 1026 1028
f 1031 1030 1029
f 1032 1031 1029
f 1030 1026 1025
f 1029 1030 1025
f 1031 1027 1026
f 1030 1031 1026
f 1032 1028 1027
f 1031 1032 1027
f 1029 1025 1028
f 1032 1029 1028
f 1034 1035 1036
f 1033 1034 1036
f 1039 1038 1037
f 1040 1039 1037
f 1038 1034 1033
f 1037 1038 1033
f 1039 1035 1034
f 1038 1039 1034
f 1040 1036 1035
f 1039 1040 1035
f 1037 1033 1036
f 1040 1037 1036
f 1042 1043 1044
f 1041 1042 1044
f 1047 1046 1045
f 1048 1047 1045
f 1046 1042 1041
f 1045 1046 1041
f 1047 1043 1042
f 1046 1047 1042
f 1048 1044 1043
f 1047 1048 1043
f 1045 1041 1044
f 1048 1045 1044
f 1050 1051 1052
f 1049 1050 1052
f 1055 1054 1053
f 1056 1055 1053
f 1054 1050 1049
f 1053 1054 1049
f 1055 1051 1050
f 1054 1055 1050
f 1056 1052 1051
f 1055 1056 1051
f 1053 1049 1052
f 1056 1053 1052
f 1058 1059 1060
f 1057 1058 1060
f 1063 1062 1061
f 1064 1063 1061
f 1062 1058 1057
f 1061 1062 1057
f 1063 1059 1058
f 1062 1063 1058
f 1064 1060 1059
f 1063 1064 1059
f 1061 1057 1060
f 1064 1061 1060
f 1066 1067 1068
f 1065 1066 1068
f 1071 1070 1069
f 1072 1071 1069
f 1070 1066 1065
f 1069 1070 1065
f 1071 1067 1066
f 1070 1071 1066
f 1072 1068 1067
f 1071 1072 1067
f 1069 1065 1068
f 1072 1069 1068
f 1074 1075 1076
f 1073 1074 1076
f 1079 1078 1077
f 1080 1079 1077
f 1078 1074 1073
f 1077 1078 1073
f 1079 1075 1074
f 1078 1079 1074
f 1080 1076 1075
f 1079 1080 1075
f 1077 1073 1076
f 1080 1077 1076
f 1082 1083 1084
f 1081 1082 1084
f 1087 1086 1085
f 1088 1087 1085
f 1086 1082 1081
f 1085 1086 1081
f 1087 1083 1082
f 1086 1087 1082
f 1088 1084 1083
f 1087 1088 1083
f 1085 1081 1084
f 1088 1085 1084
f 1090 1091 1092
f 1089 1090 1092
f 1095 1094 1093
f 1096 1095 1093
f 1094 1090 1089
f 1093 1094 1089
f 1095 1091 1090
f 1094 1095 1090
f 1096 1092 1091
f 1095 1096 1091
f 1093 1089 1092
f 1096 1093 1092
f 1098 1099 1100
f 1097 1098 1100
f 1103 1102 1101
f 1104 1103 1101
f 1102 1098 1097
f 1101 1102 1097
f 1103 1099 1098
f 1102 1103 1098
f 1104 1100 1099
f 1103 1104 1099
f 1101 1097 1100
f 1104 1101 1100
f 1106 1107 1108
f 1105 1106 1108
f 1111 1110 1109
f 1112 1111 1109
f 1110 1106 1105
f 1109 1110 1105
f 1111 1107 1106
f 1110 1111 1106
f 1112 1108 1107
f 1111 1112 1107
f 1109 1105 1108
f 1112 1109 1108
f 1114 1115 1116
f 1113 1114 1116
f 1119 1118 1117
f 1120 1119 1117
f 1118 1114 1113
f 1117 1118 1113
f 1119 1115 1114
f 1118 1119 1114
f 1120 1116 1115
f 1119 1120 1115
f 1117 1113 1116
f 1120 1117 1116
f 1122 1123 1124
f 1121 1122 1124
f 1127 1126 1125
f 1128 1127 1125
f 1126 1122 1121
f 1125 1126 1121
f 1127 1123 1122
f 1126 1127 1122
f 1128 1124 1123
f 1127 1128 1123
f 1125 1121 1124
f 1128 1125 1124
f 1130 1131 1132
f 1129 1130 1132
f 1135 1134 1133
f 1136 1135 1133
f 1134 1130 1129
f 1133 1134 1129
f 1135 1131 1130
f 1134 1135 1130
f 1136 1132 1131
f 1135 1136 1131
f 1133 1129 1132
f 1136 1133 1132
f 1138 1139 1140
f 1137 1138 1140
f 1143 1142 1141
f 1144 1143 1141
f 1142 1138 1137
f 1141 1142 1137
f 1143 1139 1138
f 1142 1143 1138
f 1144 1140 1139
f 1143 1144 1139
f 1141 1137 1140
f 1144 1141 1140
f 1146 1147 1148
f 1145 1146 1148
f 1151 1150 1149
f 1152 1151 1149
f 1150 1146 1145
f 1149 1150 1145
f 1151 1147 1146
f 1150 1151 1146
f 1152 1148 1147
f 1151 1152 1147
f 1149 1145 1148
f 1152 1149 1148
f 1154 1155 1156
f 1153 1154 1156
f 1159 1158 1157
f 1160 1159 1157
f 1158 1154 1153
f 1157 1158 1153
f 1159 1155 1154
f 1158 1159 1154
f 1160 1156 1155
f 1159 1160 1155
f 1157 1153 1156
f 1160 1157 1156
f 1162 1163 1164
f 1161 1162 1164
f 1167 1166 1165
f 1168 1167 1165
f 1166 1162 1161
f 1165 1166 1161
f 1167 1163 1162
f 1166 1167 1162
f 1168 1164 1163
f 1167 1168 1163
f 1165 1161 1164
f 1168 1165 1164
f 1170 1171 1172
f 1169 1170 1172
f 1175 1174 1173
f 1176 1175 1173
f 1174 1170 1169
f 1173 1174 1169
f 1175 1171 1170
f 1174 1175 1170
f 1176 1172 1171
f 1175 1176 1171
f 1173 1169 1172
f 1176 1173 1172
f 1178 1179 1180
f 1177 1178 1180
f 1183 1182 1181
f 1184 1183 1181
f 1182 1178 1177
f 1181 1182 1177
f 1183 1179 1178
f 1182 1183 1178
f 1184 1180 1179
f 1183 1184 1179
f 1181 1177 1180
f 1184 1181 1180
f 1186 1187 1188
f 1185 1186 1188
f 1191 1190 1189
f 1192 1191 1189
f 1190 1186 1185
f 1189 1190 1185
f 1191 1187 1186
f 1190 1191 1186
f 1192 1188 1187
f 1191 1192 1187
f 1189 1185 1188
f 1192 1189 1188
f 1194 1195 1196
f 1193 1194 1196
f 1199 1198 1197
f 1200 1199 1197
f 1198 1194 1193
f 1197 1198 1193
f 1199 1195 1194
f 1198 1199 1194
f 1200 1196 1195
f 1199 1200 1195
f 1197 1193 1196
f 1200 1197 1196
f 1202 1203 1204
f 1201 1202 1204
f 1207 1206 1205
f 1208 1207 1205
f 1206 1202 1201
f 1205 1206 1201
f 1207 1203 1202
f 1206 1207 1202
f 1208 1204 1203
f 1207 1208 1203
f 1205 1201 1204
f 1208 1205 1204
f 1210 1211 1212
f 1209 1210 1212
f 1215 1214 1213
f 1216 1215 1213
f 1214 1210 1209
f 1213 1214 1209
f 1215 1211 1210
f 1214 1215 1210
f 1216 1212 1211
f 1215 1216 1211
f 1213 1209 1212
f 1216 1213 1212
f 1218 1219 1220
f 1217 1218 1220
f 1223 1222 1221
f 1224 1223 1221
f 1222 1218 1217
f 1221 1222 1217
f 1223 1219 1218
f 1222 1223 1218
f 1224 1220 1219
f 1223 1224 1219
f 1221 1217 1220
f 1224 1221 1220
f 1226 1227 1228
f 1225 1226 1228
f 1231 1230 1229
f 1232 1231 1229
f 1230 1226 1225
f 1229 1230 1225
f 1231 1227 1226
f 1230 1231 1226
f 1232 1228 1227
f 1231 1232 1227
f 1229 1225 1228
f 1232 1229 1228
f 1234 1235 1236
f 1233 1234 1236
f 1239 1238 1237
f 1240 1239 1237
f 1238 1234 1233
f 1237 1238 1233
f 1239 1235 1234
f 1238 1239 1234
f 1240 1236 1235
f 1239 1240 1235
f 1237 1233 1236
f 1240 1237 1236
f 1242 1243 1244
f 1241 1242 1244
f 1247 1246 1245
f 1248 1247 1245
f 1246 1242 1241
f 1245 1246 1241
f 1247 1243 1242
f 1246 1247 1242
f 1248 1244 1243
f 1247 1248 1243
f 1245 1241 1244
f 1248 1245 1244
f 1250 1251 1252
f 1249 1250 1252
f 1255 1254 1253
f 1256 1255 1253
f 1254 1250 1249
f 1253 1254 1249
f 1255 1251 1250
f 1254 1255 1250
f 1256 1252 1251
f 1255 1256 1251
f 1253 1249 1252
f 1256 1253 1252
f 1258 1259 1260
f 1257 1258 1260
f 1263 1262 1261
f 1264 1263 1261
f 1262 1258 1257
f 1261 1262 1257
f 1263 1259 1258
f 1262 1263 1258
f 1264 1260 1259
f 1263 1264 1259
f 1261 1257 1260
f 1264 1261 1260
f 1266 1267 1268
f 1265 1266 1268
f 1271 1270 1269
f 1272 1271 1269
f 1270 1266 1265
f 1269 1270 1265
f 1271 1267 1266
f 1270 1271 1266
f 1272 1268 1267
f 1271 1272 1267
f 1269 1265 1268
f 1272 1269 1268
f 1274 1275 1276
f 1273 1274 1276
f 1279 1278 1277
f 1280 1279 1277
f 1278 1274 1273
f 1277 1278 1273
f 1279 1275 1274
f 1278 1279 1274
f 1280 1276 1275
f 1279 1280 1275
f 1277 1273 1276
f 1280 1277 1276
f 1282 1283 1284
f 1281 1282 1284
f 1287 1286 1285
f 1288 1287 1285
f 1286 1282 1281
f 1285 1286 1281
f 1287 1283 1282
f 1286 1287 1282
f 1288 1284 1283
f 1287 1288 1283
f 1285 1281 1284
f 1288 1285 1284
f 1290 1291 1292
f 1289 1290 1292
f 1295 1294 1293
f 1296 1295 1293
f 1294 1290 1289
f 1293 1294 1289
f 1295 1291 1290
f 1294 1295 1290
f 1296 1292 1291
f 1295 1296 1291
f 1293 1289 1292
f 1296 1293 1292
f 1298 1299 1300
f 1297 1298 1300
f 1303 1302 1301
f 1304 1303 1301
f 1302 1298 1297
f 1301 1302 1297
f 1303 1299 1298
f 1302 1303 1298
f 1304 1300 1299
f 1303 1304 1299
f 1301 1297 1300
f 1304 1301 1300
f 1306 1307 1308
f 1305 1306 1308
f 1311 1310 1309
f 1312 1311 1309
f 1310 1306 1305
f 1309 1310 1305
f 1311 1307 1306
f 1310 1311 1306
f 1312 1308 1307
f 1311 1312 1307
f 1309 1305 1308
f 1312 1309 1308
f 1314 1315 1316
f 1313 1314 1316
f 1319 1318 1317
f 1320 1319 1317
f 1318 1314 1313
f 1317 1318 1313
f 1319 1315 1314
f 1318 1319 1314
f 1320 1316 1315
f 1319 1320 1315
f 1317 1313 1316
f 1320 1317 1316
f 1322 1323 1324
f 1321 1322 1324
f 1327 1326 1325
f 1328 1327 1325
f 1326 1322 1321
f 1325 1326 1321
f 1327 1323 1322
f 1326 1327 1322
f 1328 1324 1323
f 1327 1328 1323
f 1325 1321 1324
f 1328 1325 1324
f 1330 1331 1332
f 1329 1330 1332
f 1335 1334 1333
f 1336 1335 1333
f 1334 1330 1329
f 1333 1334 1329
f 1335 1331 1330
f 1334 1335 1330
f 1336 1332 1331
f 1335 1336 1331
f 1333 1329 1332
f 1336 1333 1332
f 1338 1339 1340
f 1337 1338 1340
f 1343 1342 1341
f 1344 1343 1341
f 1342 1338 1337
f 1341 1342 1337
f 1343 1339 1338
f 1342 1343 1338
f 1344 1340 1339
f 1343 1344 1339
f 1341 1337 1340
f 1344 1341 1340
f 1346 1347 1348
f 1345 1346 1348
f 1351 1350 1349
f 1352 1351 1349
f 1350 1346 1345
f 1349 1350 1345
f 1351 1347 1346
f 1350 1351 1346
f 1352 1348 1347
f 1351 1352 1347
f 1349 1345 1348
f 1352 1349 1348
f 1354 1355 1356
f 1353 1354 1356
f 1359 1358 1357
f 1360 1359 1357
f 1358 1354 1353
f 1357 1358 1353
f 1359 1355 1354
f 1358 1359 1354
f 1360 1356 1355
f 1359 1360 1355
f 1357 1353 1356
f 1360 1357 1356
f 1362 1363 1364
f 1361 1362 1364
f 1367 1366 1365
f 1368 1367 1365
f 1366 1362 1361
f 1365 1366 1361
f 1367 1363 1362
f 1366 1367 1362
f 1368 1364 1363
f 1367 1368 1363
f 1365 1361 1364
f 1368 1365 1364
f 1370 1371 1372
f 1369 1370 1372
f 1375 1374 1373
f 1376 1375 1373
f 1374 1370 1369
f 1373 1374 1369
f 1375 1371 1370
f 1374 1375 1370
f 1376 1372 1371
f 1375 1376 1371
f 1373 1369 1372
f 1376 1373 1372
f 1378 1379 1380
f 1377 1378 1380
f 1383 1382 1381
f 1384 1383 1381
f 1382 1378 1377
f 1381 1382 1377
f 1383 1379 1378
f 1382 1383 1378
f 1384 1380 1379
f 1383 1384 1379
f 1381 1377 1380
f 1384 1381 1380
f 1386 1387 1388
f 1385 1386 1388
f 1391 1390 1389
f 1392 1391 1389
f 1390 1386 1385
f 1389 1390 1385
f 1391 1387 1386
f 1390 1391 1386
f 1392 1388 1387
f 1391 1392 1387
f 1389 1385 1388
f 1392 1389 1388
f 1394 1395 1396
f 1393 1394 1396
f 1399 1398 1397
f 1400 1399 1397
f 1398 1394 1393
f 1397 1398 1393
f 1399 1395 1394
f 1398 1399 1394
f 1400 1396 1395
f 1399 1400 1395
f 1397 1393 1396
f 1400 1397 1396
f 1402 1403 1404
f 1401 1402 1404
f 1407 1406 1405
f 1408 1407 1405
f 1406 1402 1401
f 1405 1406 1401
f 1407 1403 1402
f 1406 1407 1402
f 1408 1404 1403
f 1407 1408 1403
f 1405 1401 1404
f 1408 1405 1404
f 1410 1411 1412
f 1409 1410 1412
f 1415 1414 1413
f 1416 1415 1413
f 1414 1410 1409
f 1413 1414 1409
f 1415 1411 1410
f 1414 1415 1410
f 1416 1412 1411
f 1415 1416 1411
f 1413 1409 1412
f 1416 1413 1412
f 1418 1419 1420
f 1417 1418 1420
f 1423 1422 1421
f 1424 1423 1421
f 1422 1418 1417
f 1421 1422 1417
f 1423 1419 1418
f 1422 1423 1418
f 1424 1420 1419
f 1423 1424 1419
f 1421 1417 1420
f 1424 1421 1420
f 1426 1427 1428
f 1425 1426 1428
f 1431 1430 1429
f 1432 1431 1429
f 1430 1426 1425
f 1429 1430 1425
f 1431 1427 1426
f 1430 1431 1426
f 1432 1428 1427
f 1431 1432 1427
f 1429 1425 1428
f 1432 1429 1428
f 1434 1435 1436
f 1433 1434 1436
f 1439 1438 1437
f 1440 1439 1437
f 1438 1434 1433
f 1437 1438 1433
f 1439 1435 1434
f 1438 1439 1434
f 1440 1436 1435
f 1439 1440 1435
f 1437 1433 1436
f 1440 1437 1436
f 1442 1443 1444
f 1441 1442 1444
f 1447 1446 1445
f 1448 1447 1445
f 1446 1442 1441
f 1445 1446 1441
f 1447 1443 1442
f 1446 1447 1442
f 1448 1444 1443
f 1447 1448 1443
f 1445 1441 1444
f 1448 1445 1444
f 1450 1451 1452
f 1449 1450 1452
f 1455 1454 1453
f 1456 1455 1453
f 1454 1450 1449
f 1453 1454 1449
f 1455 1451 1450
f 1454 1455 1450
f 1456 1452 1451
f 1455 1456 1451
f 1453 1449 1452
f 1456 1453 1452
f 1458 1459 1460
f 1457 1458 1460
f 1463 1462 1461
f 1464 1463 1461
f 1462 1458 1457
f 1461 1462 1457
f 1463 1459 1458
f 1462 1463 1458
f 1464 1460 1459
f 1463 1464 1459
f 1461 1457 1460
f 1464 1461 1460
f 1466 1467 1468
f 1465 1466 1468
f 1471 1470 1469
f 1472 1471 1469
f 1470 1466 1465
f 1469 1470 1465
f 1471 1467 1466
f 1470 1471 1466
f 1472 1468 1467
f 1471 1472 1467
f 1469 1465 1468
f 1472 1469 1468
f 1474 1475 1476
f 1473 1474 1476
f 1479 1478 1477
f 1480 1479 1477
f 1478 1474 1473
f 1477 1478 1473
f 1479 1475 1474
f 1478 1479 1474
f 1480 1476 1475
f 1479 1480 1475
f 1477 1473 1476
f 1480 1477 1476
f 1482 1483 1484
f 1481 1482 1484
f 1487 1486 1485
f 1488 1487 1485
f 1486 1482 1481
f 1485 1486 1481
f 1487 1483 1482
f 1486 1487 1482
f 1488 1484 1483
f 1487 1488 1483
f 1485 1481 1484
f 1488 1485 1484
f 1490 1491 1492
f 1489 1490 1492
f 1495 1494 1493
f 1496 1495 1493
f 1494 1490 1489
f 1493 1494 1489
f 1495 1491 1490
f 1494 1495 1490
f 1496 1492 1491
f 1495 1496 1491
f 1493 1489 1492
f 1496 1493 1492
f 1498 1499 1500
f 1497 1498 1500
f 1503 1502 1501
f 1504 1503 1501
f 1502 1498 1497
f 1501 1502 1497
f 1503 1499 1498
f 1502 1503 1498
f 1504 1500 1499
f 1503 1504 1499
f 1501 1497 1500
f 1504 1501 1500
f 1506 1507 1508
f 1505 1506 1508
f 1511 1510 1509
f 1512 1511 1509
f 1510 1506 1505
f 1509 1510 1505
f 1511 1507 1506
f 1510 1511 1506
f 1512 1508 1507
f 1511 1512 1507
f 1509 1505 1508
f 1512 1509 1508
f 1514 1515 1516
f 1513 1514 1516
f 1519 1518 1517
f 1520 1519 1517
f 1518 1514 1513
f 1517 1518 1513
f 1519 1515 1514
f 1518 1519 1514
f 1520 1516 1515
f 1519 1520 1515
f 1517 1513 1516
f 1520 1517 1516
f 1522 1523 1524
f 1521 1522 1524
f 1527 1526 1525
f 1528 1527 1525
f 1526 1522 1521
f 1525 1526 1521
f 1527 1523 1522
f 1526 1527 1522
f 1528 1524 1523
f 1527 1528 1523
f 1525 1521 1524
f 1528 1525 1524
f 1530 1531 1532
f 1529 1530 1532
f 1535 1534 1533
f 1536 1535 1533
f 1534 1530 1529
f 1533 1534 1529
f 1535 1531 1530
f 1534 1535 1530
f 1536 1532 1531
f 1535 1536 1531
f 1533 1529 1532
f 1536 1533 1532
f 1538 1539 1540
f 1537 1538 1540
f 1543 1542 1541
f 1544 1543 1541
f 1542 1538 1537
f 1541 1542 1537
f 1543 1539 1538
f 1542 1543 1538
f 1544 1540 1539
f 1543 1544 1539
f 1541 1537 1540
f 1544 1541 1540
f 1546 1547 1548
f 1545 1546 1548
f 1551 1550 1549
f 1552 1551 1549
f 1550 1546 1545
f 1549 1550 1545
f 1551 1547 1546
f 1550 1551 1546
f 1552 1548 1547
f 1551 1552 1547
f 1549 1545 1548
f 1552 1549 1548
f 1554 1555 1556
f 1553 1554 1556
f 1559 1558 1557
f 1560 1559 1557
f 1558 1554 1553
f 1557 1558 1553
f 1559 1555 1554
f 1558 1559 1554
f 1560 1556 1555
f 1559 1560 1555
f 1557 1553 1556
f 1560 1557 1556
f 1562 1563 1564
f 1561 1562 1564
f 1567 1566 1565
f 1568 1567 1565
f 1566 1562 1561
f 1565 1566 1561
f 1567 1563 1562
f 1566 1567 1562
f 1568 1564 1563
f 1567 1568 1563
f 1565 1561 1564
f 1568 1565 1564
f 1570 1571 1572
f 1569 1570 1572
f 1575 1574 1573
f 1576 1575 1573
f 1574 1570 1569
f 1573 1574 1569
f 1575 1571 1570
f 1574 1575 1570
f 1576 1572 1571
f 1575 1576 1571
f 1573 1569 1572
f 1576 1573 1572
f 1578 1579 1580
f 1577 1578 1580
f 1583 1582 1581
f 1584 1583 1581
f 1582 1578 1577
f 1581 1582 1577
f 1583 1579 1578
f 1582 1583 1578
f 1584 1580 1579
f 1583 1584 1579
f 1581 1577 1580
f 1584 1581 1580
f 1586 1587 1588
f 1585 1586 1588
f 1591 1590 1589
f 1592 1591 1589
f 1590 1586 1585
f 1589 1590 1585
f 1591 1587 1586
f 1590 1591 1586
f 1592 1588 1587
f 1591 1592 1587
f 1589 1585 1588
f 1592 1589 1588
f 1594 1595 1596
f 1593 1594 1596
f 1599 1598 1597
f 1600 1599 1597
f 1598 1594 1593
f 1597 1598 1593
f 1599 1595 1594
f 1598 1599 1594
f 1600 1596 1595
f 1599 1600 1595
f 1597 1593 1596
f 1600 1597 1596
f 1602 1603 1604
f 1601 1602 1604
f 1607 1606 1605
f 1608 1607 1605
f 1606 1602 1601
f 1605 1606 1601
f 1607 1603 1602
f 1606 1607 1602
f 1608 1604 1603
f 1607 1608 1603
f 1605 1601 1604
f 1608 1605 1604
f 1610 1611 1612
f 1609 1610 1612
f 1615 1614 1613
f 1616 1615 1613
f 1614 1610 1609
f 1613 1614 1609
f 1615 1611 1610
f 1614 1615 1610
f 1616 1612 1611
f 1615 1616 1611
f 1613 1609 1612
f 1616 1613 1612
f 1618 1619 1620
f 1617 1618 1620
f 1623 1622 1621
f 1624 1623 1621
f 1622 1618 1617
f 1621 1622 1617
f 1623 1619 1618
f 1622 1623 1618
f 1624 1620 1619
f 1623 1624 1619
f 1621 1617 1620
f 1624 1621 1620
f 1626 1627 1628
f 1625 1626 1628
f 1631 1630 1629
f 1632 1631 1629
f 1630 1626 1625
f 1629 1630 1625
f 1631 1627 1626
f 1630 1631 1626
f 1632 1628 1627
f 1631 1632 1627
f 1629 1625 1628
f 1632 1629 1628
f 1634 1635 1636
f 1633 1634 1636
f 1639 1638 1637
f 1640 1639 1637
f 1638 1634 1633
f 1637 1638 1633
f 1639 1635 1634
f 1638 1639 1634
f 1640 1636 1635
f 1639 1640 1635
f 1637 1633 1636
f 1640 1637 1636
f 1642 1643 1644
f 1641 1642 1644
f 1647 1646 1645
f 1648 1647 1645
f 1646 1642 1641
f 1645 1646 1641
f 1647 1643 1642
f 1646 1647 1642
f 1648 1644 1643
f 1647 1648 1643
f 1645 1641 1644
f 1648 1645 1644
f 1650 1651 1652
f 1649 1650 1652
f 1655 1654 1653
f 1656 1655 1653
f 1654 1650 1649
f 1653 1654 1649
f 1655 1651 1650
f 1654 1655 1650
f 1656 1652 1651
f 1655 1656 1651
f 1653 1649 1652
f 1656 1653 1652
f 1658 1659 1660
f 1657 1658 1660
f 1663 1662 1661
f 1664 1663 1661
f 1662 1658 1657
f 1661 1662 1657
f 1663 1659 1658
f 1662 1663 1658
f 1664 1660 1659
f 1663 1664 1659
f 1661 1657 1660
f 1664 1661 1660
f 1666 1667 1668
f 1665 1666 1668
f 1671 1670 1669
f 1672 1671 1669
f 1670 1666 1665
f 1669 1670 1665
f 1671 1667 1666
f 1670 1671 1666
f 1672 1668 1667
f 1671 1672 1667
f 1669 1665 1668
f 1672 1669 1668
f 1674 1675 1676
f 1673 1674 1676
f 1679 1678 1677
f 1680 1679 1677
f 1678 1674 1673
f 1677 1678 1673
f 1679 1675 1674
f 1678 1679 1674
f 1680 1676 1675
f 1679 1680 1675
f 1677 1673 1676
f 1680 1677 1676
f 1682 1683 1684
f 1681 1682 1684
f 1687 1686 1685
f 1688 1687 1685
f 1686 1682 1681
f 1685 1686 1681
f 1687 1683 1682
f 1686 1687 1682
f 1688 1684 1683
f 1687 1688 1683
f 1685 1681 1684
f 1688 1685 1684
usemtl deck
f 1693 1694 1695
f 1692 1693 1695
f 1691 1692 1695
f 1690 1691 1695
f 1689 1690 1695
f 1698 1697 1696
f 1699 1698 1696
f 1700 1699 1696
f 1701 1700 1696
f 1702 1701 1696
f 1697 1690 1689
f 1696 1697 1689
f 1698 1691 1690
f 1697 1698 1690
f 1699 1692 1691
f 1698 1699 1691
f 1700 1693 1692
f 1699 1700 1692
f 1701 1694 1693
f 1700 1701 1693
f 1702 1695 1694
f 1701 1702 1694
f 1696 1689 1695
f 1702 1696 1695
f 1704 1705 1706
f 1703 1704 1706
f 1709 1708 1707
f 1710 1709 1707
f 1708 1704 1703
f 1707 1708 1703
f 1709 1705 1704
f 1708 1709 1704
f 1710 1706 1705
f 1709 1710 1705
f 1707 1703 1706
f 1710 1707 1706
f 1712 1713 1714
f 1711 1712 1714
f 1717 1716 1715
f 1718 1717 1715
f 1716 1712 1711
f 1715 1716 1711
f 1717 1713 1712
f 1716 1717 1712
f 1718 1714 1713
f 1717 1718 1713
f 1715 1711 1714
f 1718 1715 1714
f 1720 1721 1722
f 1719 1720 1722
f 1725 1724 1723
f 1726 1725 1723
f 1724 1720 1719
f 1723 1724 1719
f 1725 1721 1720
f 1724 1725 1720
f 1726 1722 1721
f 1725 1726 1721
f 1723 1719 1722
f 1726 1723 1722
f 1728 1729 1730
f 1727 1728 1730
f 1733 1732 1731
f 1734 1733 1731
f 1732 1728 1727
f 1731 1732 1727
f 1733 1729 1728
f 1732 1733 1728
f 1734 1730 1729
f 1733 1734 1729
f 1731 1727 1730
f 1734 1731 1730
f 1736 1737 1738
f 1735 1736 1738
f 1741 1740 1739
f 1742 1741 1739
f 1740 1736 1735
f 1739 1740 1735
f 1741 1737 1736
f 1740 1741 1736
f 1742 1738 1737
f 1741 1742 1737
f 1739 1735 1738
f 1742 1739 1738
f 1744 1745 1746
f 1743 1744 1746
f 1749 1748 1747
f 1750 1749 1747
f 1748 1744 1743
f 1747 1748 1743
f 1749 1745 1744
f 1748 1749 1744
f 1750 1746 1745
f 1749 1750 1745
f 1747 1743 1746
f 1750 1747 1746
f 1765 1766 1767
f 1764 1765 1767
f 1763 1764 1767
f 1762 1763 1767
f 1761 1762 1767
f 1760 1761 1767
f 1759 1760 1767
f 1758 1759 1767
f 1757 1758 1767
f 1756 1757 1767
f 1755 1756 1767
f 1754 1755 1767
f 1753 1754 1767
f 1752 1753 1767
f 1751 1752 1767
f 1770 1769 1768
f 1771 1770 1768
f 1772 1771 1768
f 1773 1772 1768
f 1774 1773 1768
f 1775 1774 1768
f 1776 1775 1768
f 1777 1776 1768
f 1778 1777 1768
f 1779 1778 1768
f 1780 1779 1768
f 1781 1780 1768
f 1782 1781 1768
f 1783 1782 1768
f 1784 1783 1768
f 1769 1752 1751
f 1768 1769 1751
f 1770 1753 1752
f 1769 1770 1752
f 1771 1754 1753
f 1770 1771 1753
f 1772 1755 1754
f 1771 1772 1754
f 1773 1756 1755
f 1772 1773 1755
f 1774 1757 1756
f 1773 1774 1756
f 1775 1758 1757
f 1774 1775 1757
f 1776 1759 1758
f 1775 1776 1758
f 1777 1760 1759
f 1776 1777 1759
f 1778 1761 1760
f 1777 1778 1760
f 1779 1762 1761
f 1778 1779 1761
f 1780 1763 1762
f 1779 1780 1762
f 1781 1764 1763
f 1780 1781 1763
f 1782 1765 1764
f 1781 1782 1764
f 1783 1766 1765
f 1782 1783 1765
f 1784 1767 1766
f 1783 1784 1766
f 1768 1751 1767
f 1784 1768 1767
usemtl wood
f 1786 1787 1788
f 1785 1786 1788
f 1791 1790 1789
f 1792 1791 1789
f 1790 1786 1785
f 1789 1790 1785
f 1791 1787 1786
f 1790 1791 1786
f 1792 1788 1787
f 1791 1792 1787
f 1789 1785 1788
f 1792 1789 1788
f 1794 1795 1796
f 1793 1794 1796
f 1799 1798 1797
f 1800 1799 1797
f 1798 1794 1793
f 1797 1798 1793
f 1799 1795 1794
f 1798 1799 1794
f 1800 1796 1795
f 1799 1800 1795
f 1797 1793 1796
f 1800 1797 1796
f 1802 1803 1804
f 1801 1802 1804
f 1807 1806 1805
f 1808 1807 1805
f 1806 1802 1801
f 1805 1806 1801
f 1807 1803 1802
f 1806 1807 1802
f 1808 1804 1803
f 1807 1808 1803
f 1805 1801 1804
f 1808 1805 1804
f 1810 1811 1812
f 1809 1810 1812
f 1815 1814 1813
f 1816 1815 1813
f 1814 1810 1809
f 1813 1814 1809
f 1815 1811 1810
f 1814 1815 1810
f 1816 1812 1811
f 1815 1816 1811
f 1813 1809 1812
f 1816 1813 1812
f 1818 1819 1820
f 1817 1818 1820
f 1823 1822 1821
f 1824 1823 1821
f 1822 1818 1817
f 1821 1822 1817
f 1823 1819 1818
f 1822 1823 1818
f 1824 1820 1819
f 1823 1824 1819
f 1821 1817 1820
f 1824 1821 1820
f 1826 1827 1828
f 1825 1826 1828
f 1831 1830 1829
f 1832 1831 1829
f 1830 1826 1825
f 1829 1830 1825
f 1831 1827 1826
f 1830 1831 1826
f 1832 1828 1827
f 1831 1832 1827
f 1829 1825 1828
f 1832 1829 1828
f 1834 1835 1836
f 1833 1834 1836
f 1839 1838 1837
f 1840 1839 1837
f 1838 1834 1833
f 1837 1838 1833
f 1839 1835 1834
f 1838 1839 1834
f 1840 1836 1835
f 1839 1840 1835
f 1837 1833 1836
f 1840 1837 1836
f 1842 1843 1844
f 1841 1842 1844
f 1847 1846 1845
f 1848 1847 1845
f 1846 1842 1841
f 1845 1846 1841
f 1847 1843 1842
f 1846 1847 1842
f 1848 1844 1843
f 1847 1848 1843
f 1845 1841 1844
f 1848 1845 1844
f 1850 1851 1852
f 1849 1850 1852
f 1855 1854 1853
f 1856 1855 1853
f 1854 1850 1849
f 1853 1854 1849
f 1855 1851 1850
f 1854 1855 1850
f 1856 1852 1851
f 1855 1856 1851
f 1853 1849 1852
f 1856 1853 1852
f 1858 1859 1860
f 1857 1858 1860
f 1863 1862 1861
f 1864 1863 1861
f 1862 1858 1857
f 1861 1862 1857
f 1863 1859 1858
f 1862 1863 1858
f 1864 1860 1859
f 1863 1864 1859
f 1861 1857 1860
f 1864 1861 1860
f 1866 1867 1868
f 1865 1866 1868
f 1871 1870 1869
f 1872 1871 1869
f 1870 1866 1865
f 1869 1870 1865
f 1871 1867 1866
f 1870 1871 1866
f 1872 1868 1867
f 1871 1872 1867
f 1869 1865 1868
f 1872 1869 1868
f 1874 1875 1876
f 1873 1874 1876
f 1879 1878 1877
f 1880 1879 1877
f 1878 1874 1873
f 1877 1878 1873
f 1879 1875 1874
f 1878 1879 1874
f 1880 1876 1875
f 1879 1880 1875
f 1877 1873 1876
f 1880 1877 1876
f 1882 1883 1884
f 1881 1882 1884
f 1887 1886 1885
f 1888 1887 1885
f 1886 1882 1881
f 1885 1886 1881
f 1887 1883 1882
f 1886 1887 1882
f 1888 1884 1883
f 1887 1888 1883
f 1885 1881 1884
f 1888 1885 1884
f 1890 1891 1892
f 1889 1890 1892
f 1895 1894 1893
f 1896 1895 1893
f 1894 1890 1889
f 1893 1894 1889
f 1895 1891 1890
f 1894 1895 1890
f 1896 1892 1891
f 1895 1896 1891
f 1893 1889 1892
f 1896 1893 1892
f 1898 1899 1900
f 1897 1898 1900
f 1903 1902 1901
f 1904 1903 1901
f 1902 1898 1897
f 1901 1902 1897
f 1903 1899 1898
f 1902 1903 1898
f 1904 1900 1899
f 1903 1904 1899
f 1901 1897 1900
f 1904 1901 1900
f 1906 1907 1908
f 1905 1906 1908
f 1911 1910 1909
f 1912 1911 1909
f 1910 1906 1905
f 1909 1910 1905
f 1911 1907 1906
f 1910 1911 1906
f 1912 1908 1907
f 1911 1912 1907
f 1909 1905 1908
f 1912 1909 1908
f 1914 1915 1916
f 1913 1914 1916
f 1919 1918 1917
f 1920 1919 1917
f 1918 1914 1913
f 1917 1918 1913
f 1919 1915 1914
f 1918 1919 1914
f 1920 1916 1915
f 1919 1920 1915
f 1917 1913 1916
f 1920 1917 1916
f 1922 1923 1924
f 1921 1922 1924
f 1927 1926 1925
f 1928 1927 1925
f 1926 1922 1921
f 1925 1926 1921
f 1927 1923 1922
f 1926 1927 1922
f 1928 1924 1923
f 1927 1928 1923
f 1925 1921 1924
f 1928 1925 1924
f 1930 1931 1932
f 1929 1930 1932
f 1935 1934 1933
f 1936 1935 1933
f 1934 1930 1929
f 1933 1934 1929
f 1935 1931 1930
f 1934 1935 1930
f 1936 1932 1931
f 1935 1936 1931
f 1933 1929 1932
f 1936 1933 1932
f 1938 1939 1940
f 1937 1938 1940
f 1943 1942 1941
f 1944 1943 1941
f 1942 1938 1937
f 1941 1942 1937
f 1943 1939 1938
f 1942 1943 1938
f 1944 1940 1939
f 1943 1944 1939
f 1941 1937 1940
f 1944 1941 1940
f 1946 1947 1948
f 1945 1946 1948
f 1951 1950 1949
f 1952 1951 1949
f 1950 1946 1945
f 1949 1950 1945
f 1951 1947 1946
f 1950 1951 1946
f 1952 1948 1947
f 1951 1952 1947
f 1949 1945 1948
f 1952 1949 1948
f 1954 1955 1956
f 1953 1954 1956
f 1959 1958 1957
f 1960 1959 1957
f 1958 1954 1953
f 1957 1958 1953
f 1959 1955 1954
f 1958 1959 1954
f 1960 1956 1955
f 1959 1960 1955
f 1957 1953 1956
f 1960 1957 1956
f 1962 1963 1964
f 1961 1962 1964
f 1967 1966 1965
f 1968 1967 1965
f 1966 1962 1961
f 1965 1966 1961
f 1967 1963 1962
f 1966 1967 1962
f 1968 1964 1963
f 1967 1968 1963
f 1965 1961 1964
f 1968 1965 1964
f 1970 1971 1972
f 1969 1970 1972
f 1975 1974 1973
f 1976 1975 1973
f 1974 1970 1969
f 1973 1974 1969
f 1975 1971 1970
f 1974 1975 1970
f 1976 1972 1971
f 1975 1976 1971
f 1973 1969 1972
f 1976 1973 1972
f 1978 1979 1980
f 1977 1978 1980
f 1983 1982 1981
f 1984 1983 1981
f 1982 1978 1977
f 1981 1982 1977
f 1983 1979 1978
f 1982 1983 1978
f 1984 1980 1979
f 1983 1984 1979
f 1981 1977 1980
f 1984 1981 1980
f 1986 1987 1988
f 1985 1986 1988
f 1991 1990 1989
f 1992 1991 1989
f 1990 1986 1985
f 1989 1990 1985
f 1991 1987 1986
f 1990 1991 1986
f 1992 1988 1987
f 1991 1992 1987
f 1989 1985 1988
f 1992 1989 1988
f 1994 1995 1996
f 1993 1994 1996
f 1999 1998 1997
f 2000 1999 1997
f 1998 1994 1993
f 1997 1998 1993
f 1999 1995 1994
f 1998 1999 1994
f 2000 1996 1995
f 1999 2000 1995
f 1997 1993 1996
f 2000 1997 1996
f 2002 2003 2004
f 2001 2002 2004
f 2007 2006 2005
f 2008 2007 2005
f 2006 2002 2001
f 2005 2006 2001
f 2007 2003 2002
f 2006 2007 2002
f 2008 2004 2003
f 2007 2008 2003
f 2005 2001 2004
f 2008 2005 2004
f 2010 2011 2012
f 2009 2010 2012
f 2015 2014 2013
f 2016 2015 2013
f 2014 2010 2009
f 2013 2014 2009
f 2015 2011 2010
f 2014 2015 2010
f 2016 2012 2011
f 2015 2016 2011
f 2013 2009 2012
f 2016 2013 2012
f 2018 2019 2020
f 2017 2018 2020
f 2023 2022 2021
f 2024 2023 2021
f 2022 2018 2017
f 2021 2022 2017
f 2023 2019 2018
f 2022 2023 2018
f 2024 2020 2019
f 2023 2024 2019
f 2021 2017 2020
f 2024 2021 2020
f 2026 2027 2028
f 2025 2026 2028
f 2031 2030 2029
f 2032 2031 2029
f 2030 2026 2025
f 2029 2030 2025
f 2031 2027 2026
f 2030 2031 2026
f 2032 2028 2027
f 2031 2032 2027
f 2029 2025 2028
f 2032 2029 2028
f 2034 2035 2036
f 2033 2034 2036
f 2039 2038 2037
f 2040 2039 2037
f 2038 2034 2033
f 2037 2038 2033
f 2039 2035 2034
f 2038 2039 2034
f 2040 2036 2035
f 2039 2040 2035
f 2037 2033 2036
f 2040 2037 2036
f 2042 2043 2044
f 2041 2042 2044
f 2047 2046 2045
f 2048 2047 2045
f 2046 2042 2041
f 2045 2046 2041
f 2047 2043 2042
f 2046 2047 2042
f 2048 2044 2043
f 2047 2048 2043
f 2045 2041 2044
f 2048 2045 2044
f 2050 2051 2052
f 2049 2050 2052
f 2055 2054 2053
f 2056 2055 2053
f 2054 2050 2049
f 2053 2054 2049
f 2055 2051 2050
f 2054 2055 2050
f 2056 2052 2051
f 2055 2056 2051
f 2053 2049 2052
f 2056 2053 2052
f 2058 2059 2060
f 2057 2058 2060
f 2063 2062 2061
f 2064 2063 2061
f 2062 2058 2057
f 2061 2062 2057
f 2063 2059 2058
f 2062 2063 2058
f 2064 2060 2059
f 2063 2064 2059
f 2061 2057 2060
f 2064 2061 2060
f 2066 2067 2068
f 2065 2066 2068
f 2071 2070 2069
f 2072 2071 2069
f 2070 2066 2065
f 2069 2070 2065
f 2071 2067 2066
f 2070 2071 2066
f 2072 2068 2067
f 2071 2072 2067
f 2069 2065 2068
f 2072 2069 2068
f 2074 2075 2076
f 2073 2074 2076
f 2079 2078 2077
f 2080 2079 2077
f 2078 2074 2073
f 2077 2078 2073
f 2079 2075 2074
f 2078 2079 2074
f 2080 2076 2075
f 2079 2080 2075
f 2077 2073 2076
f 2080 2077 2076
f 2082 2083 2084
f 2081 2082 2084
f 2087 2086 2085
f 2088 2087 2085
f 2086 2082 2081
f 2085 2086 2081
f 2087 2083 2082
f 2086 2087 2082
f 2088 2084 2083
f 2087 2088 2083
f 2085 2081 2084
f 2088 2085 2084
f 2090 2091 2092
f 2089 2090 2092
f 2095 2094 2093
f 2096 2095 2093
f 2094 2090 2089
f 2093 2094 2089
f 2095 2091 2090
f 2094 2095 2090
f 2096 2092 2091
f 2095 2096 2091
f 2093 2089 2092
f 2096 2093 2092
f 2098 2099 2100
f 2097 2098 2100
f 2103 2102 2101
f 2104 2103 2101
f 2102 2098 2097
f 2101 2102 2097
f 2103 2099 2098
f 2102 2103 2098
f 2104 2100 2099
f 2103 2104 2099
f 2101 2097 2100
f 2104 2101 2100
f 2106 2107 2108
f 2105 2106 2108
f 2111 2110 2109
f 2112 2111 2109
f 2110 2106 2105
f 2109 2110 2105
f 2111 2107 2106
f 2110 2111 2106
f 2112 2108 2107
f 2111 2112 2107
f 2109 2105 2108
f 2112 2109 2108
f 2114 2115 2116
f 2113 2114 2116
f 2119 2118 2117
f 2120 2119 2117
f 2118 2114 2113
f 2117 2118 2113
f 2119 2115 2114
f 2118 2119 2114
f 2120 2116 2115
f 2119 2120 2115
f 2117 2113 2116
f 2120 2117 2116
f 2122 2123 2124
f 2121 2122 2124
f 2127 2126 2125
f 2128 2127 2125
f 2126 2122 2121
f 2125 2126 2121
f 2127 2123 2122
f 2126 2127 2122
f 2128 2124 2123
f 2127 2128 2123
f 2125 2121 2124
f 2128 2125 2124
f 2130 2131 2132
f 2129 2130 2132
f 2135 2134 2133
f 2136 2135 2133
f 2134 2130 2129
f 2133 2134 2129
f 2135 2131 2130
f 2134 2135 2130
f 2136 2132 2131
f 2135 2136 2131
f 2133 2129 2132
f 2136 2133 2132
f 2138 2139 2140
f 2137 2138 2140
f 2143 2142 2141
f 2144 2143 2141
f 2142 2138 2137
f 2141 2142 2137
f 2143 2139 2138
f 2142 2143 2138
f 2144 2140 2139
f 2143 2144 2139
f 2141 2137 2140
f 2144 2141 2140
f 2146 2147 2148
f 2145 2146 2148
f 2151 2150 2149
f 2152 2151 2149
f 2150 2146 2145
f 2149 2150 2145
f 2151 2147 2146
f 2150 2151 2146
f 2152 2148 2147
f 2151 2152 2147
f 2149 2145 2148
f 2152 2149 2148
f 2154 2155 2156
f 2153 2154 2156
f 2159 2158 2157
f 2160 2159 2157
f 2158 2154 2153
f 2157 2158 2153
f 2159 2155 2154
f 2158 2159 2154
f 2160 2156 2155
f 2159 2160 2155
f 2157 2153 2156
f 2160 2157 2156
f 2162 2163 2164
f 2161 2162 2164
f 2167 2166 2165
f 2168 2167 2165
f 2166 2162 2161
f 2165 2166 2161
f 2167 2163 2162
f 2166 2167 2162
f 2168 2164 2163
f 2167 2168 2163
f 2165 2161 2164
f 2168 2165 2164
f 2170 2171 2172
f 2169 2170 2172
f 2175 2174 2173
f 2176 2175 2173
f 2174 2170 2169
f 2173 2174 2169
f 2175 2171 2170
f 2174 2175 2170
f 2176 2172 2171
f 2175 2176 2171
f 2173 2169 2172
f 2176 2173 2172
f 2178 2179 2180
f 2177 2178 2180
f 2183 2182 2181
f 2184 2183 2181
f 2182 2178 2177
f 2181 2182 2177
f 2183 2179 2178
f 2182 2183 2178
f 2184 2180 2179
f 2183 2184 2179
f 2181 2177 2180
f 2184 2181 2180
f 2186 2187 2188
f 2185 2186 2188
f 2191 2190 2189
f 2192 2191 2189
f 2190 2186 2185
f 2189 2190 2185
f 2191 2187 2186
f 2190 2191 2186
f 2192 2188 2187
f 2191 2192 2187
f 2189 2185 2188
f 2192 2189 2188
f 2194 2195 2196
f 2193 2194 2196
f 2199 2198 2197
f 2200 2199 2197
f 2198 2194 2193
f 2197 2198 2193
f 2199 2195 2194
f 2198 2199 2194
f 2200 2196 2195
f 2199 2200 2195
f 2197 2193 2196
f 2200 2197 2196
f 2202 2203 2204
f 2201 2202 2204
f 2207 2206 2205
f 2208 2207 2205
f 2206 2202 2201
f 2205 2206 2201
f 2207 2203 2202
f 2206 2207 2202
f 2208 2204 2203
f 2207 2208 2203
f 2205 2201 2204
f 2208 2205 2204
f 2210 2211 2212
f 2209 2210 2212
f 2215 2214 2213
f 2216 2215 2213
f 2214 2210 2209
f 2213 2214 2209
f 2215 2211 2210
f 2214 2215 2210
f 2216 2212 2211
f 2215 2216 2211
f 2213 2209 2212
f 2216 2213 2212
f 2218 2219 2220
f 2217 2218 2220
f 2223 2222 2221
f 2224 2223 2221
f 2222 2218 2217
f 2221 2222 2217
f 2223 2219 2218
f 2222 2223 2218
f 2224 2220 2219
f 2223 2224 2219
f 2221 2217 2220
f 2224 2221 2220
f 2226 2227 2228
f 2225 2226 2228
f 2231 2230 2229
f 2232 2231 2229
f 2230 2226 2225
f 2229 2230 2225
f 2231 2227 2226
f 2230 2231 2226
f 2232 2228 2227
f 2231 2232 2227
f 2229 2225 2228
f 2232 2229 2228
f 2234 2235 2236
f 2233 2234 2236
f 2239 2238 2237
f 2240 2239 2237
f 2238 2234 2233
f 2237 2238 2233
f 2239 2235 2234
f 2238 2239 2234
f 2240 2236 2235
f 2239 2240 2235
f 2237 2233 2236
f 2240 2237 2236
f 2242 2243 2244
f 2241 2242 2244
f 2247 2246 2245
f 2248 2247 2245
f 2246 2242 2241
f 2245 2246 2241
f 2247 2243 2242
f 2246 2247 2242
f 2248 2244 2243
f 2247 2248 2243
f 2245 2241 2244
f 2248 2245 2244
f 2250 2251 2252
f 2249 2250 2252
f 2255 2254 2253
f 2256 2255 2253
f 2254 2250 2249
f 2253 2254 2249
f 2255 2251 2250
f 2254 2255 2250
f 2256 2252 2251
f 2255 2256 2251
f 2253 2249 2252
f 2256 2253 2252
f 2258 2259 2260
f 2257 2258 2260
f 2263 2262 2261
f 2264 2263 2261
f 2262 2258 2257
f 2261 2262 2257
f 2263 2259 2258
f 2262 2263 2258
f 2264 2260 2259
f 2263 2264 2259
f 2261 2257 2260
f 2264 2261 2260
f 2266 2267 2268
f 2265 2266 2268
f 2271 2270 2269
f 2272 2271 2269
f 2270 2266 2265
f 2269 2270 2265
f 2271 2267 2266
f 2270 2271 2266
f 2272 2268 2267
f 2271 2272 2267
f 2269 2265 2268
f 2272 2269 2268
f 2274 2275 2276
f 2273 2274 2276
f 2279 2278 2277
f 2280 2279 2277
f 2278 2274 2273
f 2277 2278 2273
f 2279 2275 2274
f 2278 2279 2274
f 2280 2276 2275
f 2279 2280 2275
f 2277 2273 2276
f 2280 2277 2276
f 2282 2283 2284
f 2281 2282 2284
f 2287 2286 2285
f 2288 2287 2285
f 2286 2282 2281
f 2285 2286 2281
f 2287 2283 2282
f 2286 2287 2282
f 2288 2284 2283
f 2287 2288 2283
f 2285 2281 2284
f 2288 2285 2284
f 2290 2291 2292
f 2289 2290 2292
f 2295 2294 2293
f 2296 2295 2293
f 2294 2290 2289
f 2293 2294 2289
f 2295 2291 2290
f 2294 2295 2290
f 2296 2292 2291
f 2295 2296 2291
f 2293 2289 2292
f 2296 2293 2292
f 2298 2299 2300
f 2297 2298 2300
f 2303 2302 2301
f 2304 2303 2301
f 2302 2298 2297
f 2301 2302 2297
f 2303 2299 2298
f 2302 2303 2298
f 2304 2300 2299
f 2303 2304 2299
f 2301 2297 2300
f 2304 2301 2300
f 2306 2307 2308
f 2305 2306 2308
f 2311 2310 2309
f 2312 2311 2309
f 2310 2306 2305
f 2309 2310 2305
f 2311 2307 2306
f 2310 2311 2306
f 2312 2308 2307
f 2311 2312 2307
f 2309 2305 2308
f 2312 2309 2308
f 2314 2315 2316
f 2313 2314 2316
f 2319 2318 2317
f 2320 2319 2317
f 2318 2314 2313
f 2317 2318 2313
f 2319 2315 2314
f 2318 2319 2314
f 2320 2316 2315
f 2319 2320 2315
f 2317 2313 2316
f 2320 2317 2316
f 2322 2323 2324
f 2321 2322 2324
f 2327 2326 2325
f 2328 2327 2325
f 2326 2322 2321
f 2325 2326 2321
f 2327 2323 2322
f 2326 2327 2322
f 2328 2324 2323
f 2327 2328 2323
f 2325 2321 2324
f 2328 2325 2324
f 2330 2331 2332
f 2329 2330 2332
f 2335 2334 2333
f 2336 2335 2333
f 2334 2330 2329
f 2333 2334 2329
f 2335 2331 2330
f 2334 2335 2330
f 2336 2332 2331
f 2335 2336 2331
f 2333 2329 2332
f 2336 2333 2332
f 2338 2339 2340
f 2337 2338 2340
f 2343 2342 2341
f 2344 2343 2341
f 2342 2338 2337
f 2341 2342 2337
f 2343 2339 2338
f 2342 2343 2338
f 2344 2340 2339
f 2343 2344 2339
f 2341 2337 2340
f 2344 2341 2340
f 2346 2347 2348
f 2345 2346 2348
f 2351 2350 2349
f 2352 2351 2349
f 2350 2346 2345
f 2349 2350 2345
f 2351 2347 2346
f 2350 2351 2346
f 2352 2348 2347
f 2351 2352 2347
f 2349 2345 2348
f 2352 2349 2348
f 2354 2355 2356
f 2353 2354 2356
f 2359 2358 2357
f 2360 2359 2357
f 2358 2354 2353
f 2357 2358 2353
f 2359 2355 2354
f 2358 2359 2354
f 2360 2356 2355
f 2359 2360 2355
f 2357 2353 2356
f 2360 2357 2356
f 2362 2363 2364
f 2361 2362 2364
f 2367 2366 2365
f 2368 2367 2365
f 2366 2362 2361
f 2365 2366 2361
f 2367 2363 2362
f 2366 2367 2362
f 2368 2364 2363
f 2367 2368 2363
f 2365 2361 2364
f 2368 2365 2364
f 2370 2371 2372
f 2369 2370 2372
f 2375 2374 2373
f 2376 2375 2373
f 2374 2370 2369
f 2373 2374 2369
f 2375 2371 2370
f 2374 2375 2370
f 2376 2372 2371
f 2375 2376 2371
f 2373 2369 2372
f 2376 2373 2372
f 2378 2379 2380
f 2377 2378 2380
f 2383 2382 2381
f 2384 2383 2381
f 2382 2378 2377
f 2381 2382 2377
f 2383 2379 2378
f 2382 2383 2378
f 2384 2380 2379
f 2383 2384 2379
f 2381 2377 2380
f 2384 2381 2380
f 2386 2387 2388
f 2385 2386 2388
f 2391 2390 2389
f 2392 2391 2389
f 2390 2386 2385
f 2389 2390 2385
f 2391 2387 2386
f 2390 2391 2386
f 2392 2388 2387
f 2391 2392 2387
f 2389 2385 2388
f 2392 2389 2388
f 2394 2395 2396
f 2393 2394 2396
f 2399 2398 2397
f 2400 2399 2397
f 2398 2394 2393
f 2397 2398 2393
f 2399 2395 2394
f 2398 2399 2394
f 2400 2396 2395
f 2399 2400 2395
f 2397 2393 2396
f 2400 2397 2396
f 2402 2403 2404
f 2401 2402 2404
f 2407 2406 2405
f 2408 2407 2405
f 2406 2402 2401
f 2405 2406 2401
f 2407 2403 2402
f 2406 2407 2402
f 2408 2404 2403
f 2407 2408 2403
f 2405 2401 2404
f 2408 2405 2404
f 2410 2411 2412
f 2409 2410 2412
f 2415 2414 2413
f 2416 2415 2413
f 2414 2410 2409
f 2413 2414 2409
f 2415 2411 2410
f 2414 2415 2410
f 2416 2412 2411
f 2415 2416 2411
f 2413 2409 2412
f 2416 2413 2412
f 2418 2419 2420
f 2417 2418 2420
f 2423 2422 2421
f 2424 2423 2421
f 2422 2418 2417
f 2421 2422 2417
f 2423 2419 2418
f 2422 2423 2418
f 2424 2420 2419
f 2423 2424 2419
f 2421 2417 2420
f 2424 2421 2420
f 2426 2427 2428
f 2425 2426 2428
f 2431 2430 2429
f 2432 2431 2429
f 2430 2426 2425
f 2429 2430 2425
f 2431 2427 2426
f 2430 2431 2426
f 2432 2428 2427
f 2431 2432 2427
f 2429 2425 2428
f 2432 2429 2428
f 2434 2435 2436
f 2433 2434 2436
f 2439 2438 2437
f 2440 2439 2437
f 2438 2434 2433
f 2437 2438 2433
f 2439 2435 2434
f 2438 2439 2434
f 2440 2436 2435
f 2439 2440 2435
f 2437 2433 2436
f 2440 2437 2436
f 2442 2443 2444
f 2441 2442 2444
f 2447 2446 2445
f 2448 2447 2445
f 2446 2442 2441
f 2445 2446 2441
f 2447 2443 2442
f 2446 2447 2442
f 2448 2444 2443
f 2447 2448 2443
f 2445 2441 2444
f 2448 2445 2444
f 2450 2451 2452
f 2449 2450 2452
f 2455 2454 2453
f 2456 2455 2453
f 2454 2450 2449
f 2453 2454 2449
f 2455 2451 2450
f 2454 2455 2450
f 2456 2452 2451
f 2455 2456 2451
f 2453 2449 2452
f 2456 2453 2452
f 2458 2459 2460
f 2457 2458 2460
f 2463 2462 2461
f 2464 2463 2461
f 2462 2458 2457
f 2461 2462 2457
f 2463 2459 2458
f 2462 2463 2458
f 2464 2460 2459
f 2463 2464 2459
f 2461 2457 2460
f 2464 2461 2460
f 2466 2467 2468
f 2465 2466 2468
f 2471 2470 2469
f 2472 2471 2469
f 2470 2466 2465
f 2469 2470 2465
f 2471 2467 2466
f 2470 2471 2466
f 2472 2468 2467
f 2471 2472 2467
f 2469 2465 2468
f 2472 2469 2468
f 2474 2475 2476
f 2473 2474 2476
f 2479 2478 2477
f 2480 2479 2477
f 2478 2474 2473
f 2477 2478 2473
f 2479 2475 2474
f 2478 2479 2474
f 2480 2476 2475
f 2479 2480 2475
f 2477 2473 2476
f 2480 2477 2476
f 2482 2483 2484
f 2481 2482 2484
f 2487 2486 2485
f 2488 2487 2485
f 2486 2482 2481
f 2485 2486 2481
f 2487 2483 2482
f 2486 2487 2482
f 2488 2484 2483
f 2487 2488 2483
f 2485 2481 2484
f 2488 2485 2484
f 2490 2491 2492
f 2489 2490 2492
f 2495 2494 2493
f 2496 2495 2493
f 2494 2490 2489
f 2493 2494 2489
f 2495 2491 2490
f 2494 2495 2490
f 2496 2492 2491
f 2495 2496 2491
f 2493 2489 2492
f 2496 2493 2492
f 2498 2499 2500
f 2497 2498 2500
f 2503 2502 2501
f 2504 2503 2501
f 2502 2498 2497
f 2501 2502 2497
f 2503 2499 2498
f 2502 2503 2498
f 2504 2500 2499
f 2503 2504 2499
f 2501 2497 2500
f 2504 2501 2500
f 2506 2507 2508
f 2505 2506 2508
f 2511 2510 2509
f 2512 2511 2509
f 2510 2506 2505
f 2509 2510 2505
f 2511 2507 2506
f 2510 2511 2506
f 2512 2508 2507
f 2511 2512 2507
f 2509 2505 2508
f 2512 2509 2508
f 2514 2515 2516
f 2513 2514 2516
f 2519 2518 2517
f 2520 2519 2517
f 2518 2514 2513
f 2517 2518 2513
f 2519 2515 2514
f 2518 2519 2514
f 2520 2516 2515
f 2519 2520 2515
f 2517 2513 2516
f 2520 2517 2516
f 2522 2523 2524
f 2521 2522 2524
f 2527 2526 2525
f 2528 2527 2525
f 2526 2522 2521
f 2525 2526 2521
f 2527 2523 2522
f 2526 2527 2522
f 2528 2524 2523
f 2527 2528 2523
f 2525 2521 2524
f 2528 2525 2524
f 2530 2531 2532
f 2529 2530 2532
f 2535 2534 2533
f 2536 2535 2533
f 2534 2530 2529
f 2533 2534 2529
f 2535 2531 2530
f 2534 2535 2530
f 2536 2532 2531
f 2535 2536 2531
f 2533 2529 2532
f 2536 2533 2532
f 2538 2539 2540
f 2537 2538 2540
f 2543 2542 2541
f 2544 2543 2541
f 2542 2538 2537
f 2541 2542 2537
f 2543 2539 2538
f 2542 2543 2538
f 2544 2540 2539
f 2543 2544 2539
f 2541 2537 2540
f 2544 2541 2540
f 2546 2547 2548
f 2545 2546 2548
f 2551 2550 2549
f 2552 2551 2549
f 2550 2546 2545
f 2549 2550 2545
f 2551 2547 2546
f 2550 2551 2546
f 2552 2548 2547
f 2551 2552 2547
f 2549 2545 2548
f 2552 2549 2548
f 2554 2555 2556
f 2553 2554 2556
f 2559 2558 2557
f 2560 2559 2557
f 2558 2554 2553
f 2557 2558 2553
f 2559 2555 2554
f 2558 2559 2554
f 2560 2556 2555
f 2559 2560 2555
f 2557 2553 2556
f 2560 2557 2556
f 2562 2563 2564
f 2561 2562 2564
f 2567 2566 2565
f 2568 2567 2565
f 2566 2562 2561
f 2565 2566 2561
f 2567 2563 2562
f 2566 2567 2562
f 2568 2564 2563
f 2567 2568 2563
f 2565 2561 2564
f 2568 2565 2564
f 2570 2571 2572
f 2569 2570 2572
f 2575 2574 2573
f 2576 2575 2573
f 2574 2570 2569
f 2573 2574 2569
f 2575 2571 2570
f 2574 2575 2570
f 2576 2572 2571
f 2575 2576 2571
f 2573 2569 2572
f 2576 2573 2572
f 2578 2579 2580
f 2577 2578 2580
f 2583 2582 2581
f 2584 2583 2581
f 2582 2578 2577
f 2581 2582 2577
f 2583 2579 2578
f 2582 2583 2578
f 2584 2580 2579
f 2583 2584 2579
f 2581 2577 2580
f 2584 2581 2580
f 2586 2587 2588
f 2585 2586 2588
f 2591 2590 2589
f 2592 2591 2589
f 2590 2586 2585
f 2589 2590 2585
f 2591 2587 2586
f 2590 2591 2586
f 2592 2588 2587
f 2591 2592 2587
f 2589 2585 2588
f 2592 2589 2588
f 2594 2595 2596
f 2593 2594 2596
f 2599 2598 2597
f 2600 2599 2597
f 2598 2594 2593
f 2597 2598 2593
f 2599 2595 2594
f 2598 2599 2594
f 2600 2596 2595
f 2599 2600 2595
f 2597 2593 2596
f 2600 2597 2596
f 2602 2603 2604
f 2601 2602 2604
f 2607 2606 2605
f 2608 2607 2605
f 2606 2602 2601
f 2605 2606 2601
f 2607 2603 2602
f 2606 2607 2602
f 2608 2604 2603
f 2607 2608 2603
f 2605 2601 2604
f 2608 2605 2604
f 2610 2611 2612
f 2609 2610 2612
f 2615 2614 2613
f 2616 2615 2613
f 2614 2610 2609
f 2613 2614 2609
f 2615 2611 2610
f 2614 2615 2610
f 2616 2612 2611
f 2615 2616 2611
f 2613 2609 2612
f 2616 2613 2612
f 2618 2619 2620
f 2617 2618 2620
f 2623 2622 2621
f 2624 2623 2621
f 2622 2618 2617
f 2621 2622 2617
f 2623 2619 2618
f 2622 2623 2618
f 2624 2620 2619
f 2623 2624 2619
f 2621 2617 2620
f 2624 2621 2620
f 2626 2627 2628
f 2625 2626 2628
f 2631 2630 2629
f 2632 2631 2629
f 2630 2626 2625
f 2629 2630 2625
f 2631 2627 2626
f 2630 2631 2626
f 2632 2628 2627
f 2631 2632 2627
f 2629 2625 2628
f 2632 2629 2628
f 2634 2635 2636
f 2633 2634 2636
f 2639 2638 2637
f 2640 2639 2637
f 2638 2634 2633
f 2637 2638 2633
f 2639 2635 2634
f 2638 2639 2634
f 2640 2636 2635
f 2639 2640 2635
f 2637 2633 2636
f 2640 2637 2636
f 2642 2643 2644
f 2641 2642 2644
f 2647 2646 2645
f 2648 2647 2645
f 2646 2642 2641
f 2645 2646 2641
f 2647 2643 2642
f 2646 2647 2642
f 2648 2644 2643
f 2647 2648 2643
f 2645 2641 2644
f 2648 2645 2644
f 2650 2651 2652
f 2649 2650 2652
f 2655 2654 2653
f 2656 2655 2653
f 2654 2650 2649
f 2653 2654 2649
f 2655 2651 2650
f 2654 2655 2650
f 2656 2652 2651
f 2655 2656 2651
f 2653 2649 2652
f 2656 2653 2652
f 2658 2659 2660
f 2657 2658 2660
f 2663 2662 2661
f 2664 2663 2661
f 2662 2658 2657
f 2661 2662 2657
f 2663 2659 2658
f 2662 2663 2658
f 2664 2660 2659
f 2663 2664 2659
f 2661 2657 2660
f 2664 2661 2660
f 2666 2667 2668
f 2665 2666 2668
f 2671 2670 2669
f 2672 2671 2669
f 2670 2666 2665
f 2669 2670 2665
f 2671 2667 2666
f 2670 2671 2666
f 2672 2668 2667
f 2671 2672 2667
f 2669 2665 2668
f 2672 2669 2668
f 2674 2675 2676
f 2673 2674 2676
f 2679 2678 2677
f 2680 2679 2677
f 2678 2674 2673
f 2677 2678 2673
f 2679 2675 2674
f 2678 2679 2674
f 2680 2676 2675
f 2679 2680 2675
f 2677 2673 2676
f 2680 2677 2676
f 2682 2683 2684
f 2681 2682 2684
f 2687 2686 2685
f 2688 2687 2685
f 2686 2682 2681
f 2685 2686 2681
f 2687 2683 2682
f 2686 2687 2682
f 2688 2684 2683
f 2687 2688 2683
f 2685 2681 2684
f 2688 2685 2684
f 2690 2691 2692
f 2689 2690 2692
f 2695 2694 2693
f 2696 2695 2693
f 2694 2690 2689
f 2693 2694 2689
f 2695 2691 2690
f 2694 2695 2690
f 2696 2692 2691
f 2695 2696 2691
f 2693 2689 2692
f 2696 2693 2692
usemtl deck
f 2701 2702 2703
f 2700 2701 2703
f 2699 2700 2703
f 2698 2699 2703
f 2697 2698 2703
f 2706 2705 2704
f 2707 2706 2704
f 2708 2707 2704
f 2709 2708 2704
f 2710 2709 2704
f 2705 2698 2697
f 2704 2705 2697
f 2706 2699 2698
f 2705 2706 2698
f 2707 2700 2699
f 2706 2707 2699
f 2708 2701 2700
f 2707 2708 2700
f 2709 2702 2701
f 2708 2709 2701
f 2710 2703 2702
f 2709 2710 2702
f 2704 2697 2703
f 2710 2704 2703
f 2712 2713 2714
f 2711 2712 2714
f 2717 2716 2715
f 2718 2717 2715
f 2716 2712 2711
f 2715 2716 2711
f 2717 2713 2712
f 2716 2717 2712
f 2718 2714 2713
f 2717 2718 2713
f 2715 2711 2714
f 2718 2715 2714
f 2720 2721 2722
f 2719 2720 2722
f 2725 2724 2723
f 2726 2725 2723
f 2724 2720 2719
f 2723 2724 2719
f 2725 2721 2720
f 2724 2725 2720
f 2726 2722 2721
f 2725 2726 2721
f 2723 2719 2722
f 2726 2723 2722
f 2728 2729 2730
f 2727 2728 2730
f 2733 2732 2731
f 2734 2733 2731
f 2732 2728 2727
f 2731 2732 2727
f 2733 2729 2728
f 2732 2733 2728
f 2734 2730 2729
f 2733 2734 2729
f 2731 2727 2730
f 2734 2731 2730
f 2736 2737 2738
f 2735 2736 2738
f 2741 2740 2739
f 2742 2741 2739
f 2740 2736 2735
f 2739 2740 2735
f 2741 2737 2736
f 2740 2741 2736
f 2742 2738 2737
f 2741 2742 2737
f 2739 2735 2738
f 2742 2739 2738
f 2744 2745 2746
f 2743 2744 2746
f 2749 2748 2747
f 2750 2749 2747
f 2748 2744 2743
f 2747 2748 2743
f 2749 2745 2744
f 2748 2749 2744
f 2750 2746 2745
f 2749 2750 2745
f 2747 2743 2746
f 2750 2747 2746
f 2752 2753 2754
f 2751 2752 2754
f 2757 2756 2755
f 2758 2757 2755
f 2756 2752 2751
f 2755 2756 2751
f 2757 2753 2752
f 2756 2757 2752
f 2758 2754 2753
f 2757 2758 2753
f 2755 2751 2754
f 2758 2755 2754
f 2760 2761 2762
f 2759 2760 2762
f 2765 2764 2763
f 2766 2765 2763
f 2764 2760 2759
f 2763 2764 2759
f 2765 2761 2760
f 2764 2765 2760
f 2766 2762 2761
f 2765 2766 2761
f 2763 2759 2762
f 2766 2763 2762
f 2768 2769 2770
f 2767 2768 2770
f 2773 2772 2771
f 2774 2773 2771
f 2772 2768 2767
f 2771 2772 2767
f 2773 2769 2768
f 2772 2773 2768
f 2774 2770 2769
f 2773 2774 2769
f 2771 2767 2770
f 2774 2771 2770
f 2776 2777 2778
f 2775 2776 2778
f 2781 2780 2779
f 2782 2781 2779
f 2780 2776 2775
f 2779 2780 2775
f 2781 2777 2776
f 2780 2781 2776
f 2782 2778 2777
f 2781 2782 2777
f 2779 2775 2778
f 2782 2779 2778
f 2797 2798 2799
f 2796 2797 2799
f 2795 2796 2799
f 2794 2795 2799
f 2793 2794 2799
f 2792 2793 2799
f 2791 2792 2799
f 2790 2791 2799
f 2789 2790 2799
f 2788 2789 2799
f 2787 2788 2799
f 2786 2787 2799
f 2785 2786 2799
f 2784 2785 2799
f 2783 2784 2799
f 2802 2801 2800
f 2803 2802 2800
f 2804 2803 2800
f 2805 2804 2800
f 2806 2805 2800
f 2807 2806 2800
f 2808 2807 2800
f 2809 2808 2800
f 2810 2809 2800
f 2811 2810 2800
f 2812 2811 2800
f 2813 2812 2800
f 2814 2813 2800
f 2815 2814 2800
f 2816 2815 2800
f 2801 2784 2783
f 2800 2801 2783
f 2802 2785 2784
f 2801 2802 2784
f 2803 2786 2785
f 2802 2803 2785
f 2804 2787 2786
f 2803 2804 2786
f 2805 2788 2787
f 2804 2805 2787
f 2806 2789 2788
f 2805 2806 2788
f 2807 2790 2789
f 2806 2807 2789
f 2808 2791 2790
f 2807 2808 2790
f 2809 2792 2791
f 2808 2809 2791
f 2810 2793 2792
f 2809 2810 2792
f 2811 2794 2793
f 2810 2811 2793
f 2812 2795 2794
f 2811 2812 2794
f 2813 2796 2795
f 2812 2813 2795
f 2814 2797 2796
f 2813 2814 2796
f 2815 2798 2797
f 2814 2815 2797
f 2816 2799 2798
f 2815 2816 2798
f 2800 2783 2799
f 2816 2800 2799
usemtl wood
f 2818 2819 2820
f 2817 2818 2820
f 2823 2822 2821
f 2824 2823 2821
f 2822 2818 2817
f 2821 2822 2817
f 2823 2819 2818
f 2822 2823 2818
f 2824 2820 2819
f 2823 2824 2819
f 2821 2817 2820
f 2824 2821 2820
f 2826 2827 2828
f 2825 2826 2828
f 2831 2830 2829
f 2832 2831 2829
f 2830 2826 2825
f 2829 2830 2825
f 2831 2827 2826
f 2830 2831 2826
f 2832 2828 2827
f 2831 2832 2827
f 2829 2825 2828
f 2832 2829 2828
f 2834 2835 2836
f 2833 2834 2836
f 2839 2838 2837
f 2840 2839 2837
f 2838 2834 2833
f 2837 2838 2833
f 2839 2835 2834
f 2838 2839 2834
f 2840 2836 2835
f 2839 2840 2835
f 2837 2833 2836
f 2840 2837 2836
f 2842 2843 2844
f 2841 2842 2844
f 2847 2846 2845
f 2848 2847 2845
f 2846 2842 2841
f 2845 2846 2841
f 2847 2843 2842
f 2846 2847 2842
f 2848 2844 2843
f 2847 2848 2843
f 2845 2841 2844
f 2848 2845 2844
f 2850 2851 2852
f 2849 2850 2852
f 2855 2854 2853
f 2856 2855 2853
f 2854 2850 2849
f 2853 2854 2849
f 2855 2851 2850
f 2854 2855 2850
f 2856 2852 2851
f 2855 2856 2851
f 2853 2849 2852
f 2856 2853 2852
f 2858 2859 2860
f 2857 2858 2860
f 2863 2862 2861
f 2864 2863 2861
f 2862 2858 2857
f 2861 2862 2857
f 2863 2859 2858
f 2862 2863 2858
f 2864 2860 2859
f 2863 2864 2859
f 2861 2857 2860
f 2864 2861 2860
f 2866 2867 2868
f 2865 2866 2868
f 2871 2870 2869
f 2872 2871 2869
f 2870 2866 2865
f 2869 2870 2865
f 2871 2867 2866
f 2870 2871 2866
f 2872 2868 2867
f 2871 2872 2867
f 2869 2865 2868
f 2872 2869 2868
f 2874 2875 2876
f 2873 2874 2876
f 2879 2878 2877
f 2880 2879 2877
f 2878 2874 2873
f 2877 2878 2873
f 2879 2875 2874
f 2878 2879 2874
f 2880 2876 2875
f 2879 2880 2875
f 2877 2873 2876
f 2880 2877 2876
f 2882 2883 2884
f 2881 2882 2884
f 2887 2886 2885
f 2888 2887 2885
f 2886 2882 2881
f 2885 2886 2881
f 2887 2883 2882
f 2886 2887 2882
f 2888 2884 2883
f 2887 2888 2883
f 2885 2881 2884
f 2888 2885 2884
f 2890 2891 2892
f 2889 2890 2892
f 2895 2894 2893
f 2896 2895 2893
f 2894 2890 2889
f 2893 2894 2889
f 2895 2891 2890
f 2894 2895 2890
f 2896 2892 2891
f 2895 2896 2891
f 2893 2889 2892
f 2896 2893 2892
f 2898 2899 2900
f 2897 2898 2900
f 2903 2902 2901
f 2904 2903 2901
f 2902 2898 2897
f 2901 2902 2897
f 2903 2899 2898
f 2902 2903 2898
f 2904 2900 2899
f 2903 2904 2899
f 2901 2897 2900
f 2904 2901 2900
f 2906 2907 2908
f 2905 2906 2908
f 2911 2910 2909
f 2912 2911 2909
f 2910 2906 2905
f 2909 2910 2905
f 2911 2907 2906
f 2910 2911 2906
f 2912 2908 2907
f 2911 2912 2907
f 2909 2905 2908
f 2912 2909 2908
f 2914 2915 2916
f 2913 2914 2916
f 2919 2918 2917
f 2920 2919 2917
f 2918 2914 2913
f 2917 2918 2913
f 2919 2915 2914
f 2918 2919 2914
f 2920 2916 2915
f 2919 2920 2915
f 2917 2913 2916
f 2920 2917 2916
f 2922 2923 2924
f 2921 2922 2924
f 2927 2926 2925
f 2928 2927 2925
f 2926 2922 2921
f 2925 2926 2921
f 2927 2923 2922
f 2926 2927 2922
f 2928 2924 2923
f 2927 2928 2923
f 2925 2921 2924
f 2928 2925 2924
f 2930 2931 2932
f 2929 2930 2932
f 2935 2934 2933
f 2936 2935 2933
f 2934 2930 2929
f 2933 2934 2929
f 2935 2931 2930
f 2934 2935 2930
f 2936 2932 2931
f 2935 2936 2931
f 2933 2929 2932
f 2936 2933 2932
f 2938 2939 2940
f 2937 2938 2940
f 2943 2942 2941
f 2944 2943 2941
f 2942 2938 2937
f 2941 2942 2937
f 2943 2939 2938
f 2942 2943 2938
f 2944 2940 2939
f 2943 2944 2939
f 2941 2937 2940
f 2944 2941 2940
f 2946 2947 2948
f 2945 2946 2948
f 2951 2950 2949
f 2952 2951 2949
f 2950 2946 2945
f 2949 2950 2945
f 2951 2947 2946
f 2950 2951 2946
f 2952 2948 2947
f 2951 2952 2947
f 2949 2945 2948
f 2952 2949 2948
f 2954 2955 2956
f 2953 2954 2956
f 2959 2958 2957
f 2960 2959 2957
f 2958 2954 2953
f 2957 2958 2953
f 2959 2955 2954
f 2958 2959 2954
f 2960 2956 2955
f 2959 2960 2955
f 2957 2953 2956
f 2960 2957 2956
f 2962 2963 2964
f 2961 2962 2964
f 2967 2966 2965
f 2968 2967 2965
f 2966 2962 2961
f 2965 2966 2961
f 2967 2963 2962
f 2966 2967 2962
f 2968 2964 2963
f 2967 2968 2963
f 2965 2961 2964
f 2968 2965 2964
f 2970 2971 2972
f 2969 2970 2972
f 2975 2974 2973
f 2976 2975 2973
f 2974 2970 2969
f 2973 2974 2969
f 2975 2971 2970
f 2974 2975 2970
f 2976 2972 2971
f 2975 2976 2971
f 2973 2969 2972
f 2976 2973 2972
f 2978 2979 2980
f 2977 2978 2980
f 2983 2982 2981
f 2984 2983 2981
f 2982 2978 2977
f 2981 2982 2977
f 2983 2979 2978
f 2982 2983 2978
f 2984 2980 2979
f 2983 2984 2979
f 2981 2977 2980
f 2984 2981 2980
f 2986 2987 2988
f 2985 2986 2988
f 2991 2990 2989
f 2992 2991 2989
f 2990 2986 2985
f 2989 2990 2985
f 2991 2987 2986
f 2990 2991 2986
f 2992 2988 2987
f 2991 2992 2987
f 2989 2985 2988
f 2992 2989 2988
f 2994 2995 2996
f 2993 2994 2996
f 2999 2998 2997
f 3000 2999 2997
f 2998 2994 2993
f 2997 2998 2993
f 2999 2995 2994
f 2998 2999 2994
f 3000 2996 2995
f 2999 3000 2995
f 2997 2993 2996
f 3000 2997 2996
f 3002 3003 3004
f 3001 3002 3004
f 3007 3006 3005
f 3008 3007 3005
f 3006 3002 3001
f 3005 3006 3001
f 3007 3003 3002
f 3006 3007 3002
f 3008 3004 3003
f 3007 3008 3003
f 3005 3001 3004
f 3008 3005 3004
f 3010 3011 3012
f 3009 3010 3012
f 3015 3014 3013
f 3016 3015 3013
f 3014 3010 3009
f 3013 3014 3009
f 3015 3011 3010
f 3014 3015 3010
f 3016 3012 3011
f 3015 3016 3011
f 3013 3009 3012
f 3016 3013 3012
f 3018 3019 3020
f 3017 3018 3020
f 3023 3022 3021
f 3024 3023 3021
f 3022 3018 3017
f 3021 3022 3017
f 3023 3019 3018
f 3022 3023 3018
f 3024 3020 3019
f 3023 3024 3019
f 3021 3017 3020
f 3024 3021 3020
f 3026 3027 3028
f 3025 3026 3028
f 3031 3030 3029
f 3032 3031 3029
f 3030 3026 3025
f 3029 3030 3025
f 3031 3027 3026
f 3030 3031 3026
f 3032 3028 3027
f 3031 3032 3027
f 3029 3025 3028
f 3032 3029 3028
f 3034 3035 3036
f 3033 3034 3036
f 3039 3038 3037
f 3040 3039 3037
f 3038 3034 3033
f 3037 3038 3033
f 3039 3035 3034
f 3038 3039 3034
f 3040 3036 3035
f 3039 3040 3035
f 3037 3033 3036
f 3040 3037 3036
f 3042 3043 3044
f 3041 3042 3044
f 3047 3046 3045
f 3048 3047 3045
f 3046 3042 3041
f 3045 3046 3041
f 3047 3043 3042
f 3046 3047 3042
f 3048 3044 3043
f 3047 3048 3043
f 3045 3041 3044
f 3048 3045 3044
f 3050 3051 3052
f 3049 3050 3052
f 3055 3054 3053
f 3056 3055 3053
f 3054 3050 3049
f 3053 3054 3049
f 3055 3051 3050
f 3054 3055 3050
f 3056 3052 3051
f 3055 3056 3051
f 3053 3049 3052
f 3056 3053 3052
f 3058 3059 3060
f 3057 3058 3060
f 3063 3062 3061
f 3064 3063 3061
f 3062 3058 3057
f 3061 3062 3057
f 3063 3059 3058
f 3062 3063 3058
f 3064 3060 3059
f 3063 3064 3059
f 3061 3057 3060
f 3064 3061 3060
f 3066 3067 3068
f 3065 3066 3068
f 3071 3070 3069
f 3072 3071 3069
f 3070 3066 3065
f 3069 3070 3065
f 3071 3067 3066
f 3070 3071 3066
f 3072 3068 3067
f 3071 3072 3067
f 3069 3065 3068
f 3072 3069 3068
f 3074 3075 3076
f 3073 3074 3076
f 3079 3078 3077
f 3080 3079 3077
f 3078 3074 3073
f 3077 3078 3073
f 3079 3075 3074
f 3078 3079 3074
f 3080 3076 3075
f 3079 3080 3075
f 3077 3073 3076
f 3080 3077 3076
f 3082 3083 3084
f 3081 3082 3084
f 3087 3086 3085
f 3088 3087 3085
f 3086 3082 3081
f 3085 3086 3081
f 3087 3083 3082
f 3086 3087 3082
f 3088 3084 3083
f 3087 3088 3083
f 3085 3081 3084
f 3088 3085 3084
usemtl deck
f 3093 3094 3095
f 3092 3093 3095
f 3091 3092 3095
f 3090 3091 3095
f 3089 3090 3095
f 3098 3097 3096
f 3099 3098 3096
f 3100 3099 3096
f 3101 3100 3096
f 3102 3101 3096
f 3097 3090 3089
f 3096 3097 3089
f 3098 3091 3090
f 3097 3098 3090
f 3099 3092 3091
f 3098 3099 3091
f 3100 3093 3092
f 3099 3100 3092
f 3101 3094 3093
f 3100 3101 3093
f 3102 3095 3094
f 3101 3102 3094
f 3096 3089 3095
f 3102 3096 3095
f 3104 3105 3106
f 3103 3104 3106
f 3109 3108 3107
f 3110 3109 3107
f 3108 3104 3103
f 3107 3108 3103
f 3109 3105 3104
f 3108 3109 3104
f 3110 3106 3105
f 3109 3110 3105
f 3107 3103 3106
f 3110 3107 3106
f 3112 3113 3114
f 3111 3112 3114
f 3117 3116 3115
f 3118 3117 3115
f 3116 3112 3111
f 3115 3116 3111
f 3117 3113 3112
f 3116 3117 3112
f 3118 3114 3113
f 3117 3118 3113
f 3115 3111 3114
f 3118 3115 3114
f 3120 3121 3122
f 3119 3120 3122
f 3125 3124 3123
f 3126 3125 3123
f 3124 3120 3119
f 3123 3124 3119
f 3125 3121 3120
f 3124 3125 3120
f 3126 3122 3121
f 3125 3126 3121
f 3123 3119 3122
f 3126 3123 3122
f 3128 3129 3130
f 3127 3128 3130
f 3133 3132 3131
f 3134 3133 3131
f 3132 3128 3127
f 3131 3132 3127
f 3133 3129 3128
f 3132 3133 3128
f 3134 3130 3129
f 3133 3134 3129
f 3131 3127 3130
f 3134 3131 3130
f 3136 3137 3138
f 3135 3136 3138
f 3141 3140 3139
f 3142 3141 3139
f 3140 3136 3135
f 3139 3140 3135
f 3141 3137 3136
f 3140 3141 3136
f 3142 3138 3137
f 3141 3142 3137
f 3139 3135 3138
f 3142 3139 3138
f 3144 3145 3146
f 3143 3144 3146
f 3149 3148 3147
f 3150 3149 3147
f 3148 3144 3143
f 3147 3148 3143
f 3149 3145 3144
f 3148 3149 3144
f 3150 3146 3145
f 3149 3150 3145
f 3147 3143 3146
f 3150 3147 3146
f 3152 3153 3154
f 3151 3152 3154
f 3157 3156 3155
f 3158 3157 3155
f 3156 3152 3151
f 3155 3156 3151
f 3157 3153 3152
f 3156 3157 3152
f 3158 3154 3153
f 3157 3158 3153
f 3155 3151 3154
f 3158 3155 3154
f 3160 3161 3162
f 3159 3160 3162
f 3165 3164 3163
f 3166 3165 3163
f 3164 3160 3159
f 3163 3164 3159
f 3165 3161 3160
f 3164 3165 3160
f 3166 3162 3161
f 3165 3166 3161
f 3163 3159 3162
f 3166 3163 3162
f 3168 3169 3170
f 3167 3168 3170
f 3173 3172 3171
f 3174 3173 3171
f 3172 3168 3167
f 3171 3172 3167
f 3173 3169 3168
f 3172 3173 3168
f 3174 3170 3169
f 3173 3174 3169
f 3171 3167 3170
f 3174 3171 3170
f 3189 3190 3191
f 3188 3189 3191
f 3187 3188 3191
f 3186 3187 3191
f 3185 3186 3191
f 3184 3185 3191
f 3183 3184 3191
f 3182 3183 3191
f 3181 3182 3191
f 3180 3181 3191
f 3179 3180 3191
f 3178 3179 3191
f 3177 3178 3191
f 3176 3177 3191
f 3175 3176 3191
f 3194 3193 3192
f 3195 3194 3192
f 3196 3195 3192
f 3197 3196 3192
f 3198 3197 3192
f 3199 3198 3192
f 3200 3199 3192
f 3201 3200 3192
f 3202 3201 3192
f 3203 3202 3192
f 3204 3203 3192
f 3205 3204 3192
f 3206 3205 3192
f 3207 3206 3192
f 3208 3207 3192
f 3193 3176 3175
f 3192 3193 3175
f 3194 3177 3176
f 3193 3194 3176
f 3195 3178 3177
f 3194 3195 3177
f 3196 3179 3178
f 3195 3196 3178
f 3197 3180 3179
f 3196 3197 3179
f 3198 3181 3180
f 3197 3198 3180
f 3199 3182 3181
f 3198 3199 3181
f 3200 3183 3182
f 3199 3200 3182
f 3201 3184 3183
f 3200 3201 3183
f 3202 3185 3184
f 3201 3202 3184
f 3203 3186 3185
f 3202 3203 3185
f 3204 3187 3186
f 3203 3204 3186
f 3205 3188 3187
f 3204 3205 3187
f 3206 3189 3188
f 3205 3206 3188
f 3207 3190 3189
f 3206 3207 3189
f 3208 3191 3190
f 3207 3208 3190
f 3192 3175 3191
f 3208 3192 3191
f 3210 3211 3212
f 3209 3210 3212
f 3215 3214 3213
f 3216 3215 3213
f 3214 3210 3209
f 3213 3214 3209
f 3215 3211 3210
f 3214 3215 3210
f 3216 3212 3211
f 3215 3216 3211
f 3213 3209 3212
f 3216 3213 3212
f 3218 3219 3220
f 3217 3218 3220
f 3223 3222 3221
f 3224 3223 3221
f 3222 3218 3217
f 3221 3222 3217
f 3223 3219 3218
f 3222 3223 3218
f 3224 3220 3219
f 3223 3224 3219
f 3221 3217 3220
f 3224 3221 3220
f 3226 3227 3228
f 3225 3226 3228
f 3231 3230 3229
f 3232 3231 3229
f 3230 3226 3225
f 3229 3230 3225
f 3231 3227 3226
f 3230 3231 3226
f 3232 3228 3227
f 3231 3232 3227
f 3229 3225 3228
f 3232 3229 3228
f 3234 3235 3236
f 3233 3234 3236
f 3239 3238 3237
f 3240 3239 3237
f 3238 3234 3233
f 3237 3238 3233
f 3239 3235 3234
f 3238 3239 3234
f 3240 3236 3235
f 3239 3240 3235
f 3237 3233 3236
f 3240 3237 3236
f 3242 3243 3244
f 3241 3242 3244
f 3247 3246 3245
f 3248 3247 3245
f 3246 3242 3241
f 3245 3246 3241
f 3247 3243 3242
f 3246 3247 3242
f 3248 3244 3243
f 3247 3248 3243
f 3245 3241 3244
f 3248 3245 3244
f 3250 3251 3252
f 3249 3250 3252
f 3255 3254 3253
f 3256 3255 3253
f 3254 3250 3249
f 3253 3254 3249
f 3255 3251 3250
f 3254 3255 3250
f 3256 3252 3251
f 3255 3256 3251
f 3253 3249 3252
f 3256 3253 3252
f 3258 3259 3260
f 3257 3258 3260
f 3263 3262 3261
f 3264 3263 3261
f 3262 3258 3257
f 3261 3262 3257
f 3263 3259 3258
f 3262 3263 3258
f 3264 3260 3259
f 3263 3264 3259
f 3261 3257 3260
f 3264 3261 3260
f 3266 3267 3268
f 3265 3266 3268
f 3271 3270 3269
f 3272 3271 3269
f 3270 3266 3265
f 3269 3270 3265
f 3271 3267 3266
f 3270 3271 3266
f 3272 3268 3267
f 3271 3272 3267
f 3269 3265 3268
f 3272 3269 3268
f 3274 3275 3276
f 3273 3274 3276
f 3279 3278 3277
f 3280 3279 3277
f 3278 3274 3273
f 3277 3278 3273
f 3279 3275 3274
f 3278 3279 3274
f 3280 3276 3275
f 3279 3280 3275
f 3277 3273 3276
f 3280 3277 3276
f 3282 3283 3284
f 3281 3282 3284
f 3287 3286 3285
f 3288 3287 3285
f 3286 3282 3281
f 3285 3286 3281
f 3287 3283 3282
f 3286 3287 3282
f 3288 3284 3283
f 3287 3288 3283
f 3285 3281 3284
f 3288 3285 3284
f 3290 3291 3292
f 3289 3290 3292
f 3295 3294 3293
f 3296 3295 3293
f 3294 3290 3289
f 3293 3294 3289
f 3295 3291 3290
f 3294 3295 3290
f 3296 3292 3291
f 3295 3296 3291
f 3293 3289 3292
f 3296 3293 3292
f 3298 3299 3300
f 3297 3298 3300
f 3303 3302 3301
f 3304 3303 3301
f 3302 3298 3297
f 3301 3302 3297
f 3303 3299 3298
f 3302 3303 3298
f 3304 3300 3299
f 3303 3304 3299
f 3301 3297 3300
f 3304 3301 3300
f 3306 3307 3308
f 3305 3306 3308
f 3311 3310 3309
f 3312 3311 3309
f 3310 3306 3305
f 3309 3310 3305
f 3311 3307 3306
f 3310 3311 3306
f 3312 3308 3307
f 3311 3312 3307
f 3309 3305 3308
f 3312 3309 3308
usemtl wood
f 3315 3314 3313
f 3316 3315 3313
f 3318 3319 3320
f 3317 3318 3320
f 3318 3317 3313
f 3314 3318 3313
f 3319 3318 3314
f 3315 3319 3314
f 3320 3319 3315
f 3316 3320 3315
f 3317 3320 3316
f 3313 3317 3316
f 3323 3322 3321
f 3324 3323 3321
f 3326 3327 3328
f 3325 3326 3328
f 3326 3325 3321
f 3322 3326 3321
f 3327 3326 3322
f 3323 3327 3322
f 3328 3327 3323
f 3324 3328 3323
f 3325 3328 3324
f 3321 3325 3324
usemtl deck
f 3330 3331 3332
f 3329 3330 3332
f 3335 3334 3333
f 3336 3335 3333
f 3334 3330 3329
f 3333 3334 3329
f 3335 3331 3330
f 3334 3335 3330
f 3336 3332 3331
f 3335 3336 3331
f 3333 3329 3332
f 3336 3333 3332
f 3338 3339 3340
f 3337 3338 3340
f 3343 3342 3341
f 3344 3343 3341
f 3342 3338 3337
f 3341 3342 3337
f 3343 3339 3338
f 3342 3343 3338
f 3344 3340 3339
f 3343 3344 3339
f 3341 3337 3340
f 3344 3341 3340
f 3346 3347 3348
f 3345 3346 3348
f 3351 3350 3349
f 3352 3351 3349
f 3350 3346 3345
f 3349 3350 3345
f 3351 3347 3346
f 3350 3351 3346
f 3352 3348 3347
f 3351 3352 3347
f 3349 3345 3348
f 3352 3349 3348
f 3354 3355 3356
f 3353 3354 3356
f 3359 3358 3357
f 3360 3359 3357
f 3358 3354 3353
f 3357 3358 3353
f 3359 3355 3354
f 3358 3359 3354
f 3360 3356 3355
f 3359 3360 3355
f 3357 3353 3356
f 3360 3357 3356
f 3362 3363 3364
f 3361 3362 3364
f 3367 3366 3365
f 3368 3367 3365
f 3366 3362 3361
f 3365 3366 3361
f 3367 3363 3362
f 3366 3367 3362
f 3368 3364 3363
f 3367 3368 3363
f 3365 3361 3364
f 3368 3365 3364
f 3370 3371 3372
f 3369 3370 3372
f 3375 3374 3373
f 3376 3375 3373
f 3374 3370 3369
f 3373 3374 3369
f 3375 3371 3370
f 3374 3375 3370
f 3376 3372 3371
f 3375 3376 3371
f 3373 3369 3372
f 3376 3373 3372
f 3378 3379 3380
f 3377 3378 3380
f 3383 3382 3381
f 3384 3383 3381
f 3382 3378 3377
f 3381 3382 3377
f 3383 3379 3378
f 3382 3383 3378
f 3384 3380 3379
f 3383 3384 3379
f 3381 3377 3380
f 3384 3381 3380
f 3386 3387 3388
f 3385 3386 3388
f 3391 3390 3389
f 3392 3391 3389
f 3390 3386 3385
f 3389 3390 3385
f 3391 3387 3386
f 3390 3391 3386
f 3392 3388 3387
f 3391 3392 3387
f 3389 3385 3388
f 3392 3389 3388
f 3394 3395 3396
f 3393 3394 3396
f 3399 3398 3397
f 3400 3399 3397
f 3398 3394 3393
f 3397 3398 3393
f 3399 3395 3394
f 3398 3399 3394
f 3400 3396 3395
f 3399 3400 3395
f 3397 3393 3396
f 3400 3397 3396
f 3402 3403 3404
f 3401 3402 3404
f 3407 3406 3405
f 3408 3407 3405
f 3406 3402 3401
f 3405 3406 3401
f 3407 3403 3402
f 3406 3407 3402
f 3408 3404 3403
f 3407 3408 3403
f 3405 3401 3404
f 3408 3405 3404
f 3410 3411 3412
f 3409 3410 3412
f 3415 3414 3413
f 3416 3415 3413
f 3414 3410 3409
f 3413 3414 3409
f 3415 3411 3410
f 3414 3415 3410
f 3416 3412 3411
f 3415 3416 3411
f 3413 3409 3412
f 3416 3413 3412
f 3418 3419 3420
f 3417 3418 3420
f 3423 3422 3421
f 3424 3423 3421
f 3422 3418 3417
f 3421 3422 3417
f 3423 3419 3418
f 3422 3423 3418
f 3424 3420 3419
f 3423 3424 3419
f 3421 3417 3420
f 3424 3421 3420
f 3426 3427 3428
f 3425 3426 3428
f 3431 3430 3429
f 3432 3431 3429
f 3430 3426 3425
f 3429 3430 3425
f 3431 3427 3426
f 3430 3431 3426
f 3432 3428 3427
f 3431 3432 3427
f 3429 3425 3428
f 3432 3429 3428
usemtl wood
f 3435 3434 3433
f 3436 3435 3433
f 3438 3439 3440
f 3437 3438 3440
f 3438 3437 3433
f 3434 3438 3433
f 3439 3438 3434
f 3435 3439 3434
f 3440 3439 3435
f 3436 3440 3435
f 3437 3440 3436
f 3433 3437 3436
f 3443 3442 3441
f 3444 3443 3441
f 3446 3447 3448
f 3445 3446 3448
f 3446 3445 3441
f 3442 3446 3441
f 3447 3446 3442
f 3443 3447 3442
f 3448 3447 3443
f 3444 3448 3443
f 3445 3448 3444
f 3441 3445 3444
